{
  "format": "mubujson1",
  "numBuffers": 1,
  "numTracks": 1,
  "tracks": [
    {
      "name": "a",
      "mxCols": 1,
      "mxRows": 1,
      "hasVarRows": false,
      "hasTimeTags": false,
      "nonNumType": "none",
      "maxSize": 128,
      "buffers": [
        {
          "maxSize": 128,
          "size": 128,
          "sampleRate": 1000.0,
          "sampleOffset": 0.0,
          "mxRows": 1,
          "mxCols": 1,
          "mxData": [
            -0.0625,
            -0.0625,
            -0.0625,
            -0.0625,
            -0.0625,
            -0.296875,
            -0.28125,
            -0.27343800663948059082,
            -0.265625,
            -0.21875,
            -0.203125,
            -0.15625,
            -0.14843800663948059082,
            -0.125,
            -0.109375,
            -0.0625,
            -0.03125,
            0.0,
            0.00781199987977743149,
            0.015625,
            0.046875,
            0.0625,
            0.09375,
            0.109375,
            0.125,
            0.140625,
            0.15625,
            0.171875,
            0.1875,
            0.203125,
            0.21875,
            0.234375,
            0.25,
            0.27343800663948059082,
            0.296875,
            0.3125,
            0.3125,
            0.3125,
            0.3125,
            0.3125,
            0.3125,
            0.3125,
            0.3125,
            0.27343800663948059082,
            0.171875,
            -0.140625,
            -0.3125,
            -0.34375,
            -0.35156199336051940918,
            -0.359375,
            -0.359375,
            -0.359375,
            -0.375,
            -0.375,
            -0.375,
            -0.375,
            -0.375,
            -0.359375,
            -0.328125,
            -0.296875,
            -0.27343800663948059082,
            -0.171875,
            -0.109375,
            0.046875,
            0.140625,
            0.171875,
            0.203125,
            0.25,
            0.265625,
            0.27343800663948059082,
            0.28125,
            0.28906199336051940918,
            0.296875,
            0.3125,
            0.328125,
            0.328125,
            0.328125,
            0.328125,
            0.33593800663948059082,
            0.34375,
            0.34375,
            0.34375,
            0.34375,
            0.33593800663948059082,
            0.328125,
            -0.203125,
            -0.21875,
            -0.234375,
            -0.24218800663948059082,
            -0.25,
            -0.265625,
            -0.27343800663948059082,
            -0.28125,
            -0.28125,
            -0.28125,
            -0.28125,
            -0.28125,
            -0.28125,
            -0.265625,
            -0.25,
            -0.234375,
            -0.21875,
            -0.171875,
            -0.125,
            -0.0703120008111000061,
            -0.015625,
            0.09375,
            0.109375,
            0.125,
            0.140625,
            0.1875,
            0.21875,
            0.22656199336051940918,
            0.234375,
            0.234375,
            0.234375,
            0.234375,
            0.22656199336051940918,
            0.21875,
            0.1875,
            0.15625,
            0.1354169994592666626,
            0.1145830005407333374,
            0.09375,
            0.0546879991888999939,
            0.015625,
            -0.03125,
            -0.5
          ],
          "info": [
            "FileName",
            "mubu2T-1.mubu"
          ]
        }
      ]
    }
  ]
}