{
  "format": "mubujson1",
  "numBuffers": 1,
  "numTracks": 1,
  "bufferNames": [
    "content:pointillism 4"
  ],
  "bufferInfos": [
    [
      "label",
      "content:pointillism"
    ]
  ],
  "tracks": [
    {
      "name": "posenet_normalized_selection",
      "mxCols": 8,
      "mxRows": 1,
      "hasVarRows": false,
      "hasTimeTags": true,
      "nonNumType": "none",
      "maxSize": 5000,
      "buffers": [
        {
          "maxSize": 5000,
          "size": 23,
          "sampleRate": 1000.0,
          "sampleOffset": 0.0,
          "mxRows": 1,
          "mxCols": 8,
          "mxData": [
            -0.80693787336349487305,
            0.68344521522521972656,
            0.5129877924919128418,
            0.69896835088729858398,
            -0.67495745420455932617,
            1.07513403892517089844,
            0.47277042269706726074,
            1.04794943332672119141,
            -0.79317301511764526367,
            0.68500280380249023438,
            0.51114201545715332031,
            0.69750052690505981445,
            -0.65902698040008544922,
            1.07759749889373779297,
            0.48567259311676025391,
            1.04316043853759765625,
            -0.80016744136810302734,
            0.68452668190002441406,
            0.50851446390151977539,
            0.68971037864685058594,
            -0.65329754352569580078,
            1.07310020923614501953,
            0.49102452397346496582,
            1.04022514820098876953,
            -0.77228128910064697266,
            0.68535524606704711914,
            0.52653878927230834961,
            0.69354391098022460938,
            -0.63020795583724975586,
            1.08093774318695068359,
            0.49893963336944580078,
            1.04449748992919921875,
            -0.75834798812866210938,
            0.70265638828277587891,
            0.55359429121017456055,
            0.70661163330078125,
            -0.58077317476272583008,
            1.09522092342376708984,
            0.52855461835861206055,
            1.05672466754913330078,
            -0.69851601123809814453,
            0.69855296611785888672,
            0.6029370427131652832,
            0.66155338287353515625,
            -0.56320202350616455078,
            1.08265793323516845703,
            0.65017759799957275391,
            0.98040765523910522461,
            -0.79606914520263671875,
            0.64338463544845581055,
            0.73223513364791870117,
            0.54778242111206054688,
            -0.60735088586807250977,
            0.98675578832626342773,
            0.62929332256317138672,
            0.82903832197189331055,
            -0.87043130397796630859,
            0.63872289657592773438,
            0.83027309179306030273,
            0.51202952861785888672,
            -0.63118422031402587891,
            0.95359742641448974609,
            0.6634089350700378418,
            0.76091945171356201172,
            -1.01241743564605712891,
            0.47872486710548400879,
            0.93756639957427978516,
            0.4040806889533996582,
            -0.71015179157257080078,
            0.59602081775665283203,
            0.68206155300140380859,
            0.30715823173522949219,
            -1.0053157806396484375,
            0.41187816858291625977,
            0.96465593576431274414,
            0.29309567809104919434,
            -0.53975713253021240234,
            0.2920843958854675293,
            0.54130625724792480469,
            0.01950605027377605438,
            -1.00794947147369384766,
            0.25215122103691101074,
            0.96225607395172119141,
            0.16697873175144195557,
            -0.5681412816047668457,
            -0.08522471785545349121,
            0.65928983688354492188,
            -0.14673972129821777344,
            -0.74804478883743286133,
            0.21383962035179138184,
            0.79552346467971801758,
            0.1785233914852142334,
            -0.45394289493560791016,
            -0.14275208115577697754,
            0.60324627161026000977,
            -0.14795351028442382813,
            -0.73296439647674560547,
            0.20483072102069854736,
            0.76985621452331542969,
            0.19089151918888092041,
            -0.44875258207321166992,
            -0.13753280043601989746,
            0.6203129887580871582,
            -0.09855770319700241089,
            -0.75743895769119262695,
            0.23538516461849212646,
            0.7464777827262878418,
            0.16262497007846832275,
            -0.49566411972045898438,
            -0.07536578178405761719,
            0.46499073505401611328,
            -0.26630631089210510254,
            -0.72207188606262207031,
            0.21743047237396240234,
            0.76900756359100341797,
            0.18438591063022613525,
            -0.32554176449775695801,
            -0.181272163987159729,
            0.51831507682800292969,
            -0.24131347239017486572,
            -0.73400503396987915039,
            0.23331345617771148682,
            0.76650941371917724609,
            0.19518670439720153809,
            -0.32012337446212768555,
            -0.15226934850215911865,
            0.59932380914688110352,
            -0.13330604135990142822,
            -0.76066893339157104492,
            0.2863616943359375,
            0.79995626211166381836,
            0.23392967879772186279,
            -0.3781197667121887207,
            -0.09885771572589874268,
            0.56415444612503051758,
            -0.10864755511283874512,
            -0.7335274815559387207,
            0.22984765470027923584,
            0.79172778129577636719,
            0.25809958577156066895,
            -0.3820616304874420166,
            -0.16638007760047912598,
            0.58844327926635742188,
            -0.10107629746198654175,
            -0.74735122919082641602,
            0.23293851315975189209,
            0.7900702357292175293,
            0.25018113851547241211,
            -0.32416313886642456055,
            -0.20334361493587493896,
            0.60587441921234130859,
            -0.09556634724140167236,
            -0.71042013168334960938,
            0.25242567062377929688,
            0.76697933673858642578,
            0.10002878308296203613,
            -0.32014557719230651855,
            -0.15666250884532928467,
            0.57975190877914428711,
            -0.15764133632183074951,
            -0.80254161357879638672,
            0.25068503618240356445,
            0.77563524246215820313,
            0.19274982810020446777,
            -0.31239709258079528809,
            -0.13766528666019439697,
            0.5006592869758605957,
            -0.16142499446868896484,
            -0.78808218240737915039,
            0.23192939162254333496,
            0.71506321430206298828,
            0.22294022142887115479,
            -0.20543347299098968506,
            -0.17533497512340545654,
            0.47639858722686767578,
            -0.12429516017436981201,
            -0.80218374729156494141,
            0.2153606712818145752,
            0.68533891439437866211,
            0.16219972074031829834,
            -0.24282938241958618164,
            -0.19520792365074157715,
            0.42580473423004150391,
            -0.15239945054054260254
          ],