{
  "format": "mubujson1",
  "numBuffers": 1,
  "numTracks": 1,
  "bufferNames": [
    "content:pointillism 3"
  ],
  "bufferInfos": [
    [
      "label",
      "content:pointillism"
    ]
  ],
  "tracks": [
    {
      "name": "posenet_normalized_selection",
      "mxCols": 8,
      "mxRows": 1,
      "hasVarRows": false,
      "hasTimeTags": true,
      "nonNumType": "none",
      "maxSize": 5000,
      "buffers": [
        {
          "maxSize": 5000,
          "size": 23,
          "sampleRate": 1000.0,
          "sampleOffset": 1925.17669999785721302032,
          "mxRows": 1,
          "mxCols": 8,
          "mxData": [
            -0.79167437553405761719,
            0.68186849355697631836,
            0.54534417390823364258,
            0.65734702348709106445,
            -0.63840973377227783203,
            1.06828927993774414063,
            0.59093648195266723633,
            0.9914194941520690918,
            -0.76059961318969726563,
            0.67724341154098510742,
            0.55510109663009643555,
            0.6349194645881652832,
            -0.61985474824905395508,
            1.05693125724792480469,
            0.61656814813613891602,
            0.95746761560440063477,
            -0.75913077592849731445,
            0.68586510419845581055,
            0.55486279726028442383,
            0.65032374858856201172,
            -0.61544686555862426758,
            1.06386435031890869141,
            0.6195189356803894043,
            0.97796767950057983398,
            -0.76467788219451904297,
            0.69525098800659179688,
            0.56123310327529907227,
            0.65113317966461181641,
            -0.63332641124725341797,
            1.07800984382629394531,
            0.60306560993194580078,
            1.01259052753448486328,
            -0.74377650022506713867,
            0.69951599836349487305,
            0.65882015228271484375,
            0.69159388542175292969,
            -0.62115216255187988281,
            1.08549678325653076172,
            0.65596032142639160156,
            1.05392169952392578125,
            -0.72946858406066894531,
            0.65914303064346313477,
            0.68491989374160766602,
            0.63650655746459960938,
            -0.61169016361236572266,
            1.00964820384979248047,
            0.68891662359237670898,
            0.9832547307014465332,
            -0.81765627861022949219,
            0.5687643885612487793,
            0.82212936878204345703,
            0.44961881637573242188,
            -0.61426663398742675781,
            0.84282928705215454102,
            0.80447965860366821289,
            0.6257216334342956543,
            -0.95529407262802124023,
            0.53102743625640869141,
            0.87049305438995361328,
            0.41988414525985717773,
            -0.67850899696350097656,
            0.62366199493408203125,
            0.68374657630920410156,
            0.33216673135757446289,
            -0.98416370153427124023,
            0.39784151315689086914,
            0.84721541404724121094,
            0.28263965249061584473,
            -0.52099084854125976563,
            0.23560447990894317627,
            0.59723359346389770508,
            -0.03050566650927066803,
            -0.89147913455963134766,
            0.31782039999961853027,
            1.03505980968475341797,
            0.25307378172874450684,
            -0.51131963729858398438,
            -0.00766132958233356476,
            0.70663422346115112305,
            -0.09222691506147384644,
            -0.86256384849548339844,
            0.2646414637565612793,
            0.94942659139633178711,
            0.20477376878261566162,
            -0.47558605670928955078,
            -0.08779424428939819336,
            0.75079596042633056641,
            -0.11420573294162750244,
            -0.72779995203018188477,
            0.24466863274574279785,
            0.80700153112411499023,
            0.22106371819972991943,
            -0.48324307799339294434,
            -0.09957229346036911011,
            0.68166041374206542969,
            -0.11746961623430252075,
            -0.79431015253067016602,
            0.26612269878387451172,
            0.79024469852447509766,
            0.17200872302055358887,
            -0.5715077519416809082,
            -0.06629569083452224731,
            0.6040325164794921875,
            -0.14948914945125579834,
            -0.78172546625137329102,
            0.21986441314220428467,
            0.84189856052398681641,
            0.17565177381038665771,
            -0.3056182861328125,
            -0.19497212767601013184,
            0.56599837541580200195,
            -0.1853733360767364502,
            -0.65105330944061279297,
            0.23607553541660308838,
            0.89460235834121704102,
            0.12266022711992263794,
            -0.29690697789192199707,
            -0.16325522959232330322,
            0.66035223007202148438,
            -0.13221038877964019775,
            -0.76458537578582763672,
            0.28381544351577758789,
            0.8442503809928894043,
            0.0793550834059715271,
            -0.36733469367027282715,
            -0.08028233051300048828,
            0.60885185003280639648,
            -0.21547299623489379883,
            -0.78687608242034912109,
            0.23532481491565704346,
            0.70749270915985107422,
            0.05176152288913726807,
            -0.42423862218856811523,
            -0.20553408563137054443,
            0.46976491808891296387,
            -0.2478056102991104126,
            -0.75566875934600830078,
            0.24771708250045776367,
            0.80360037088394165039,
            0.09948771446943283081,
            -0.21564169228076934814,
            -0.21766048669815063477,
            0.55870407819747924805,
            -0.2008956223726272583,
            -0.76908844709396362305,
            0.26212042570114135742,
            0.81640332937240600586,
            0.0895716249942779541,
            -0.24862876534461975098,
            -0.16082309186458587646,
            0.55142933130264282227,
            -0.21190311014652252197,
            -0.80137747526168823242,
            0.25048968195915222168,
            0.80998384952545166016,
            0.08520057797431945801,
            -0.31981009244918823242,
            -0.13149352371692657471,
            0.52397102117538452148,
            -0.21701137721538543701,
            -0.76118159294128417969,
            0.24099577963352203369,
            0.79041910171508789063,
            0.18248850107192993164,
            -0.23856121301651000977,
            -0.19412088394165039063,
            0.49802982807159423828,
            -0.14347049593925476074,
            -0.75909537076950073242,
            0.25590983033180236816,
            0.83137345314025878906,
            0.07251051068305969238,
            -0.29722988605499267578,
            -0.11844840645790100098,
            0.55664086341857910156,
            -0.20720930397510528564,
            -0.7995147705078125,
            0.24956628680229187012,
            0.88175481557846069336,
            0.07972005009651184082,
            -0.30797660350799560547,
            -0.13102540373802185059,
            0.57513821125030517578,
            -0.21982882916927337646
          ],