{
  "format": "mubujson1",
  "numBuffers": 1,
  "numTracks": 1,
  "bufferNames": [
    "content:minimalism 2"
  ],
  "bufferInfos": [
    [
      "label",
      "content:minimalism"
    ]
  ],
  "tracks": [
    {
      "name": "posenet_normalized_selection",
      "mxCols": 8,
      "mxRows": 1,
      "hasVarRows": false,
      "hasTimeTags": true,
      "nonNumType": "none",
      "maxSize": 5000,
      "buffers": [
        {
          "maxSize": 5000,
          "size": 24,
          "sampleRate": 1000.0,
          "sampleOffset": 1925.17669999785721302032,
          "mxRows": 1,
          "mxCols": 8,
          "mxData": [
            -0.76086252927780151367,
            0.67760854959487915039,
            0.56505101919174194336,
            0.6678454279899597168,
            -0.68807995319366455078,
            1.06601309776306152344,
            0.58695131540298461914,
            0.99861562252044677734,
            -0.77806633710861206055,
            0.66902208328247070313,
            0.56537336111068725586,
            0.65762293338775634766,
            -0.70646649599075317383,
            1.06261837482452392578,
            0.58515340089797973633,
            0.9898554682731628418,
            -0.77604067325592041016,
            0.66962188482284545898,
            0.56184995174407958984,
            0.65779727697372436523,
            -0.71033972501754760742,
            1.05446445941925048828,
            0.58570879697799682617,
            0.99385172128677368164,
            -0.76063948869705200195,
            0.66916745901107788086,
            0.57198369503021240234,
            0.65801244974136352539,
            -0.71143454313278198242,
            1.05661880970001220703,
            0.59419858455657958984,
            0.98748862743377685547,
            -0.76760351657867431641,
            0.67382520437240600586,
            0.55927789211273193359,
            0.66056329011917114258,
            -0.70506840944290161133,
            1.06099665164947509766,
            0.59298062324523925781,
            0.99733018875122070313,
            -0.77705371379852294922,
            0.68166822195053100586,
            0.57954996824264526367,
            0.66247862577438354492,
            -0.71782708168029785156,
            1.06959891319274902344,
            0.62920260429382324219,
            0.99902212619781494141,
            -0.83050644397735595703,
            0.67181503772735595703,
            0.59232997894287109375,
            0.62468755245208740234,
            -0.75279366970062255859,
            1.05033004283905029297,
            0.65320432186126708984,
            0.94857209920883178711,
            -0.9240748286247253418,
            0.6826222538948059082,
            0.72032743692398071289,
            0.6551907658576965332,
            -0.75025475025177001953,
            1.03499460220336914063,
            0.67102599143981933594,
            1.00263917446136474609,
            -0.95223468542098999023,
            0.62486886978149414063,
            0.7996399998664855957,
            0.61438363790512084961,
            -0.74026888608932495117,
            0.96012604236602783203,
            0.64168226718902587891,
            0.95894122123718261719,
            -1.02755689620971679688,
            0.53170645236968994141,
            0.85642969608306884766,
            0.53427076339721679688,
            -0.68611091375350952148,
            0.79719257354736328125,
            0.57951527833938598633,
            0.81953799724578857422,
            -1.10147845745086669922,
            0.44067025184631347656,
            0.91151279211044311523,
            0.49332028627395629883,
            -0.718021392822265625,
            0.72507643699645996094,
            0.50255662202835083008,
            0.74717527627944946289,
            -1.08974361419677734375,
            0.43477779626846313477,
            0.89049017429351806641,
            0.47215282917022705078,
            -0.66087186336517333984,
            0.70511704683303833008,
            0.44525167346000671387,
            0.6712672114372253418,
            -1.06686007976531982422,
            0.40718084573745727539,
            0.93053877353668212891,
            0.46505656838417053223,
            -0.56436139345169067383,
            0.65399384498596191406,
            0.3739108741283416748,
            0.6267458796501159668,
            -1.03972446918487548828,
            0.36627799272537231445,
            0.86391538381576538086,
            0.40881544351577758789,
            -0.4342250823974609375,
            0.53161668777465820313,
            0.23485927283763885498,
            0.51961189508438110352,
            -1.04428660869598388672,
            0.36673983931541442871,
            0.83861690759658813477,
            0.38374987244606018066,
            -0.39900329709053039551,
            0.51097774505615234375,
            0.2762953341007232666,
            0.51884382963180541992,
            -1.04668140411376953125,
            0.37382057309150695801,
            0.86544936895370483398,
            0.39476537704467773438,
            -0.39844676852226257324,
            0.52601802349090576172,
            0.25339132547378540039,
            0.53377324342727661133,
            -1.06479740142822265625,
            0.36066895723342895508,
            0.85434710979461669922,
            0.3814443051815032959,
            -0.41744336485862731934,
            0.4988238215446472168,
            0.22221200168132781982,
            0.49036020040512084961,
            -1.09266912937164306641,
            0.39814844727516174316,
            0.8523845672607421875,
            0.38490095734596252441,
            -0.35544025897979736328,
            0.50440841913223266602,
            0.2717456519603729248,
            0.51011055707931518555,
            -1.06966066360473632813,
            0.40116578340530395508,
            0.82809901237487792969,
            0.38183498382568359375,
            -0.3708018958568572998,
            0.50177538394927978516,
            0.23769083619117736816,
            0.49457705020904541016,
            -1.01625072956085205078,
            0.36730405688285827637,
            0.86390280723571777344,
            0.38108751177787780762,
            -0.34059357643127441406,
            0.50303816795349121094,
            0.25187584757804870605,
            0.49543106555938720703,
            -1.03812479972839355469,
            0.36696013808250427246,
            0.86375117301940917969,
            0.38379308581352233887,
            -0.37573915719985961914,
            0.50136035680770874023,
            0.23488225042819976807,
            0.49659118056297302246,
            -1.04078662395477294922,
            0.37053421139717102051,
            0.84600865840911865234,
            0.37782654166221618652,
            -0.36589634418487548828,
            0.4936237335205078125,
            0.25403702259063720703,
            0.50225973129272460938,
            -1.02314114570617675781,
            0.3744627535343170166,
            0.86314141750335693359,
            0.39003106951713562012,
            -0.36588838696479797363,
            0.50707596540451049805,
            0.25842452049255371094,
            0.50283342599868774414,
            -1.02650094032287597656,
            0.37202331423759460449,
            0.8578999638557434082,
            0.3893610537052154541,
            -0.37712201476097106934,
            0.49583110213279724121,
            0.24756896495819091797,
            0.49358993768692016602
          ],