{
  "format": "mubujson1",
  "numBuffers": 1,
  "numTracks": 1,
  "bufferNames": [
    "content:longtone 4"
  ],
  "bufferInfos": [
    [
      "label",
      "content:longtone"
    ]
  ],
  "tracks": [
    {
      "name": "posenet_normalized_selection",
      "mxCols": 8,
      "mxRows": 1,
      "hasVarRows": false,
      "hasTimeTags": true,
      "nonNumType": "none",
      "maxSize": 5000,
      "buffers": [
        {
          "maxSize": 5000,
          "size": 23,
          "sampleRate": 1000.0,
          "sampleOffset": 0.0,
          "mxRows": 1,
          "mxCols": 8,
          "mxData": [
            -0.77554714679718017578,
            0.63879305124282836914,
            0.52484971284866333008,
            0.64783042669296264648,
            -0.72320824861526489258,
            1.02250826358795166016,
            0.5686232447624206543,
            0.97445088624954223633,
            -0.74368548393249511719,
            0.63407438993453979492,
            0.54513520002365112305,
            0.63977694511413574219,
            -0.70537400245666503906,
            1.01048135757446289063,
            0.58486390113830566406,
            0.95308655500411987305,
            -0.7557322382926940918,
            0.63686716556549072266,
            0.52792000770568847656,
            0.64388012886047363281,
            -0.71805572509765625,
            1.01855957508087158203,
            0.57632285356521606445,
            0.95767420530319213867,
            -0.71069824695587158203,
            0.64397412538528442383,
            0.56723737716674804688,
            0.6537119746208190918,
            -0.70260453224182128906,
            1.02987968921661376953,
            0.60804444551467895508,
            0.97710174322128295898,
            -0.73620152473449707031,
            0.64565473794937133789,
            0.57065808773040771484,
            0.65072089433670043945,
            -0.70655477046966552734,
            1.02778685092926025391,
            0.62103670835494995117,
            0.98999094963073730469,
            -0.7217203974723815918,
            0.61437237262725830078,
            0.5638917088508605957,
            0.62686961889266967773,
            -0.61043334007263183594,
            0.96572786569595336914,
            0.57865190505981445313,
            0.95044600963592529297,
            -0.70402950048446655273,
            0.58145654201507568359,
            0.54889446496963500977,
            0.58136266469955444336,
            -0.55711382627487182617,
            0.88065934181213378906,
            0.52169466018676757813,
            0.85840117931365966797,
            -0.70817267894744873047,
            0.59425806999206542969,
            0.50636118650436401367,
            0.62270331382751464844,
            -0.60495126247406005859,
            0.86693054437637329102,
            0.40607064962387084961,
            0.84073883295059204102,
            -0.82852667570114135742,
            0.50933551788330078125,
            0.41905990242958068848,
            0.52334034442901611328,
            -0.35451829433441162109,
            0.56773620843887329102,
            0.10257734358310699463,
            0.54617702960968017578,
            -0.8138065338134765625,
            0.502685546875,
            0.3933124542236328125,
            0.5366954803466796875,
            -0.39043000340461730957,
            0.51697516441345214844,
            0.24717384576797485352,
            0.50034469366073608398,
            -0.76052469015121459961,
            0.47495943307876586914,
            0.49034035205841064453,
            0.50664848089218139648,
            -0.31278264522552490234,
            0.50749194622039794922,
            0.15622210502624511719,
            0.47806921601295471191,
            -0.81207585334777832031,
            0.49010309576988220215,
            0.39180925488471984863,
            0.52284264564514160156,
            -0.42217618227005004883,
            0.5144195556640625,
            0.09273634105920791626,
            0.49314573407173156738,
            -0.79245328903198242188,
            0.48453697562217712402,
            0.50845056772232055664,
            0.57035416364669799805,
            -0.46313297748565673828,
            0.51367574930191040039,
            0.34272372722625732422,
            0.52824270725250244141,
            -0.82421720027923583984,
            0.54164731502532958984,
            0.72246092557907104492,
            0.5810654759407043457,
            -0.56470006704330444336,
            0.55918586254119873047,
            0.6232001185417175293,
            0.56002074480056762695,
            -1.01980328559875488281,
            0.48340865969657897949,
            0.8457705378532409668,
            0.51482450962066650391,
            -1.18162202835083007813,
            0.54807841777801513672,
            1.36090624332427978516,
            0.65247005224227905273,
            -1.16168546676635742188,
            0.4366810917854309082,
            0.98298662900924682617,
            0.5098870396614074707,
            -1.66317677497863769531,
            0.56132227182388305664,
            1.80784690380096435547,
            0.62213283777236938477,
            -1.33817529678344726563,
            0.41866189241409301758,
            1.13394057750701904297,
            0.4754994511604309082,
            -2.08901190757751464844,
            0.52490830421447753906,
            2.01938509941101074219,
            0.58916068077087402344,
            -1.37974905967712402344,
            0.40743115544319152832,
            1.10541856288909912109,
            0.44317927956581115723,
            -2.09719157218933105469,
            0.50382047891616821289,
            1.91078448295593261719,
            0.53498482704162597656,
            -1.37172281742095947266,
            0.41683393716812133789,
            1.06441009044647216797,
            0.4323425590991973877,
            -2.10560488700866699219,
            0.512638092041015625,
            1.79413521289825439453,
            0.51842361688613891602,
            -1.34316039085388183594,
            0.43007162213325500488,
            1.03742349147796630859,
            0.42880126833915710449,
            -2.05535888671875,
            0.52472287416458129883,
            1.71120476722717285156,
            0.51142048835754394531,
            -1.35289967060089111328,
            0.44087612628936767578,
            1.03590416908264160156,
            0.44064512848854064941,
            -2.07035374641418457031,
            0.53248858451843261719,
            1.72867119312286376953,
            0.52740764617919921875,
            -1.34112346172332763672,
            0.4348652958869934082,
            1.04006111621856689453,
            0.44664850831031799316,
            -2.08277416229248046875,
            0.53174710273742675781,
            1.76036274433135986328,
            0.53352254629135131836,
            -1.38061952590942382813,
            0.4353434443473815918,
            1.04872000217437744141,
            0.4438597261905670166,
            -2.12127232551574707031,
            0.52844858169555664063,
            1.79776835441589355469,
            0.53324329853057861328
          ],