{
  "format": "mubujson1",
  "numBuffers": 1,
  "numTracks": 1,
  "bufferNames": [
    "content:longtone 1"
  ],
  "bufferInfos": [
    [
      "label",
      "content:longtone"
    ]
  ],
  "tracks": [
    {
      "name": "posenet_normalized_selection",
      "mxCols": 8,
      "mxRows": 1,
      "hasVarRows": false,
      "hasTimeTags": true,
      "nonNumType": "none",
      "maxSize": 5000,
      "buffers": [
        {
          "maxSize": 5000,
          "size": 23,
          "sampleRate": 1000.0,
          "sampleOffset": 1925.17669999785721302032,
          "mxRows": 1,
          "mxCols": 8,
          "mxData": [
            -0.78878641128540039063,
            0.66995286941528320313,
            0.53172147274017333984,
            0.62651282548904418945,
            -0.71376377344131469727,
            1.04658436775207519531,
            0.61184018850326538086,
            0.93220382928848266602,
            -0.79999375343322753906,
            0.66464573144912719727,
            0.52841341495513916016,
            0.63222253322601318359,
            -0.7255598902702331543,
            1.03530001640319824219,
            0.60704147815704345703,
            0.92869979143142700195,
            -0.8185870051383972168,
            0.66866904497146606445,
            0.52192062139511108398,
            0.64937955141067504883,
            -0.73563116788864135742,
            1.04416918754577636719,
            0.58002114295959472656,
            0.973506927490234375,
            -0.78290808200836181641,
            0.66000992059707641602,
            0.53723627328872680664,
            0.64047777652740478516,
            -0.69601261615753173828,
            1.03870928287506103516,
            0.61283242702484130859,
            0.95967978239059448242,
            -0.79630941152572631836,
            0.66381806135177612305,
            0.52589040994644165039,
            0.65183365345001220703,
            -0.72091251611709594727,
            1.04306864738464355469,
            0.58599120378494262695,
            0.97342097759246826172,
            -0.80246335268020629883,
            0.6565501093864440918,
            0.52126741409301757813,
            0.63888394832611083984,
            -0.72759830951690673828,
            1.02598857879638671875,
            0.59929496049880981445,
            0.95372563600540161133,
            -0.80215281248092651367,
            0.66496300697326660156,
            0.51984739303588867188,
            0.64113527536392211914,
            -0.71472132205963134766,
            1.04426658153533935547,
            0.59596729278564453125,
            0.95618760585784912109,
            -0.791534423828125,
            0.6507307887077331543,
            0.60545420646667480469,
            0.66804498434066772461,
            -0.70377022027969360352,
            1.02407419681549072266,
            0.58075416088104248047,
            1.03471994400024414063,
            -0.74798816442489624023,
            0.61723738908767700195,
            0.56313836574554443359,
            0.63909667730331420898,
            -0.6091302037239074707,
            0.95286780595779418945,
            0.54106432199478149414,
            0.9834073185920715332,
            -0.77163267135620117188,
            0.60153329372406005859,
            0.53807306289672851563,
            0.59781759977340698242,
            -0.49418288469314575195,
            0.89858365058898925781,
            0.45689681172370910645,
            0.87627679109573364258,
            -0.75837635993957519531,
            0.59870618581771850586,
            0.49870580434799194336,
            0.64164423942565917969,
            -0.33762180805206298828,
            0.79973393678665161133,
            0.22701597213745117188,
            0.82917368412017822266,
            -0.71555548906326293945,
            0.62379777431488037109,
            0.44771325588226318359,
            0.61641210317611694336,
            -0.3287951350212097168,
            0.76532888412475585938,
            0.21610586345195770264,
            0.74571275711059570313,
            -0.72631311416625976563,
            0.61598956584930419922,
            0.47744429111480712891,
            0.61083054542541503906,
            -0.34230542182922363281,
            0.76390099525451660156,
            0.23756974935531616211,
            0.7565262913703918457,
            -0.76590436697006225586,
            0.60522347688674926758,
            0.56922012567520141602,
            0.63464254140853881836,
            -0.41343405842781066895,
            0.77299982309341430664,
            0.33032453060150146484,
            0.8031063079833984375,
            -0.93440163135528564453,
            0.58863365650177001953,
            0.79277336597442626953,
            0.58336979150772094727,
            -0.83932185173034667969,
            0.78746384382247924805,
            0.81759399175643920898,
            0.77791386842727661133,
            -1.06466710567474365234,
            0.52159887552261352539,
            0.87728589773178100586,
            0.55880945920944213867,
            -1.34747159481048583984,
            0.75226014852523803711,
            1.31905925273895263672,
            0.76053345203399658203,
            -1.42076873779296875,
            0.48662498593330383301,
            1.18804180622100830078,
            0.51632320880889892578,
            -2.09970307350158691406,
            0.64552724361419677734,
            1.99963235855102539063,
            0.68057858943939208984,
            -1.35166382789611816406,
            0.45158064365386962891,
            1.02632462978363037109,
            0.47937908768653869629,
            -1.9750804901123046875,
            0.57313960790634155273,
            1.78961670398712158203,
            0.59407609701156616211,
            -1.34873592853546142578,
            0.43250167369842529297,
            1.01809930801391601563,
            0.44740521907806396484,
            -1.97909045219421386719,
            0.53720259666442871094,
            1.72899091243743896484,
            0.5507189631462097168,
            -1.37236261367797851563,
            0.42656180262565612793,
            1.02223908901214599609,
            0.44341880083084106445,
            -1.98586916923522949219,
            0.5333404541015625,
            1.74606931209564208984,
            0.54716843366622924805,
            -1.34493935108184814453,
            0.4257170557975769043,
            1.02024888992309570313,
            0.44057330489158630371,
            -1.95891809463500976563,
            0.53296017646789550781,
            1.74930310249328613281,
            0.54713493585586547852,
            -1.34026992321014404297,
            0.43103513121604919434,
            1.00099241733551025391,
            0.44030201435089111328,
            -1.98238873481750488281,
            0.53469884395599365234,
            1.72307300567626953125,
            0.54705017805099487305,
            -1.38025891780853271484,
            0.44542387127876281738,
            1.02366888523101806641,
            0.4533360600471496582,
            -2.02759456634521484375,
            0.54761326313018798828,
            1.77517795562744140625,
            0.5599358677864074707
          ],