{
  "format": "mubujson1",
  "numBuffers": 1,
  "numTracks": 1,
  "bufferNames": [
    "content:longtone 2"
  ],
  "bufferInfos": [
    [
      "label",
      "content:longtone"
    ]
  ],
  "tracks": [
    {
      "name": "posenet_normalized_selection",
      "mxCols": 8,
      "mxRows": 1,
      "hasVarRows": false,
      "hasTimeTags": true,
      "nonNumType": "none",
      "maxSize": 5000,
      "buffers": [
        {
          "maxSize": 5000,
          "size": 20,
          "sampleRate": 1000.0,
          "sampleOffset": 0.0,
          "mxRows": 1,
          "mxCols": 8,
          "mxData": [
            -0.78355449438095092773,
            0.66441547870635986328,
            0.64992856979370117188,
            0.67967528104782104492,
            -0.75486063957214355469,
            1.01527273654937744141,
            0.62112206220626831055,
            1.05540120601654052734,
            -0.76696640253067016602,
            0.665496826171875,
            0.65064090490341186523,
            0.67069810628890991211,
            -0.73281836509704589844,
            1.00823259353637695313,
            0.6204497218132019043,
            1.05000782012939453125,
            -0.77496892213821411133,
            0.66495114564895629883,
            0.65297210216522216797,
            0.67070025205612182617,
            -0.73325777053833007813,
            1.01398885250091552734,
            0.63104319572448730469,
            1.04832279682159423828,
            -0.80069404840469360352,
            0.66116690635681152344,
            0.64998215436935424805,
            0.66665768623352050781,
            -0.75101989507675170898,
            1.01285910606384277344,
            0.63072860240936279297,
            1.04757058620452880859,
            -0.82250934839248657227,
            0.66886651515960693359,
            0.64652585983276367188,
            0.67418062686920166016,
            -0.76847124099731445313,
            1.01203560829162597656,
            0.65237557888031005859,
            1.05212306976318359375,
            -0.78053122758865356445,
            0.67089247703552246094,
            0.65819460153579711914,
            0.66011834144592285156,
            -0.75227791070938110352,
            1.01583564281463623047,
            0.67243331670761108398,
            1.05089676380157470703,
            -0.70803683996200561523,
            0.59328341484069824219,
            0.63359934091567993164,
            0.64109212160110473633,
            -0.64210754632949829102,
            0.91088908910751342773,
            0.45842835307121276855,
            0.94038444757461547852,
            -0.67195808887481689453,
            0.52351671457290649414,
            0.56692326068878173828,
            0.53322851657867431641,
            -0.43931633234024047852,
            0.7320296168327331543,
            0.30065500736236572266,
            0.74885362386703491211,
            -0.65668123960494995117,
            0.51571124792098999023,
            0.48306685686111450195,
            0.52573060989379882813,
            -0.39213952422142028809,
            0.6813513636589050293,
            0.04647625982761383057,
            0.66463696956634521484,
            -0.67957657575607299805,
            0.52098357677459716797,
            0.59923112392425537109,
            0.51665794849395751953,
            -0.4901530146598815918,
            0.6749903559684753418,
            0.24785590171813964844,
            0.66880333423614501953,
            -0.75603461265563964844,
            0.5363203883171081543,
            0.64851093292236328125,
            0.52378344535827636719,
            -0.69091814756393432617,
            0.67793703079223632813,
            0.553440093994140625,
            0.72287595272064208984,
            -1.04222965240478515625,
            0.4701239466667175293,
            0.96683746576309204102,
            0.52436590194702148438,
            -1.60247409343719482422,
            0.61528927087783813477,
            1.51019299030303955078,
            0.70917505025863647461,
            -1.18652665615081787109,
            0.43838518857955932617,
            1.11115169525146484375,
            0.50889486074447631836,
            -1.84025967121124267578,
            0.59449028968811035156,
            1.84246051311492919922,
            0.65637791156768798828,
            -1.16656911373138427734,
            0.42967966198921203613,
            1.10785412788391113281,
            0.46137487888336181641,
            -1.96063137054443359375,
            0.55890172719955444336,
            1.88933277130126953125,
            0.58596462011337280273,
            -1.10649311542510986328,
            0.43379667401313781738,
            0.9955494999885559082,
            0.44585135579109191895,
            -1.86794352531433105469,
            0.56804841756820678711,
            1.75596082210540771484,
            0.57749390602111816406,
            -1.0842685699462890625,
            0.44152534008026123047,
            0.98953604698181152344,
            0.45565345883369445801,
            -1.82375240325927734375,
            0.58286756277084350586,
            1.70767748355865478516,
            0.58737391233444213867,
            -1.09048557281494140625,
            0.44422042369842529297,
            0.97694683074951171875,
            0.46795734763145446777,
            -1.81923365592956542969,
            0.58543717861175537109,
            1.66913545131683349609,
            0.59190881252288818359,
            -1.12970983982086181641,
            0.44981032609939575195,
            1.01720476150512695313,
            0.46961387991905212402,
            -1.89825749397277832031,
            0.58540642261505126953,
            1.74026036262512207031,
            0.59513187408447265625,
            -1.11954045295715332031,
            0.4439659416675567627,
            1.01567387580871582031,
            0.46865364909172058105,
            -1.91433346271514892578,
            0.58549010753631591797,
            1.77067351341247558594,
            0.59203571081161499023,
            -1.1178646087646484375,
            0.44659432768821716309,
            1.00040340423583984375,
            0.4740727543830871582,
            -1.89406597614288330078,
            0.5913181304931640625,
            1.76302051544189453125,
            0.59562665224075317383
          ],
          "timeTags": [
            0.0,
            98.47900000028312206268,
            199.25410000048577785492,
            297.3865000004880130291,
            402.70340000046417117119,
            502.93070000084117054939,
            604.25630000047385692596,
            720.60390000045299530029,
            823.70290000038221478462,
            928.29250000044703483582,
            1034.20310000050812959671,
            1138.53090000059455633163,
            1247.21570000005885958672,
            1354.05210000090301036835,
            1456.4546000002883374691,
            1567.7728000003844499588,
            1681.65130000002682209015,
            1784.4730000002309679985,
            1885.31230000033974647522,
            1983.1223000003956258297
          ],
          "info": [
            "gui",
            "autobounds minmax, shape envelopebpf, interface multibpf, opacity 1, colormode rainbow, hidenotforemost 1"
          ]
        }
      ]
    }
  ]
}