{
  "format": "mubujson1",
  "numBuffers": 1,
  "numTracks": 1,
  "bufferNames": [
    "content:minimalism 4"
  ],
  "bufferInfos": [
    [
      "label",
      "content:minimalism"
    ]
  ],
  "tracks": [
    {
      "name": "posenet_normalized_selection",
      "mxCols": 8,
      "mxRows": 1,
      "hasVarRows": false,
      "hasTimeTags": true,
      "nonNumType": "none",
      "maxSize": 5000,
      "buffers": [
        {
          "maxSize": 5000,
          "size": 23,
          "sampleRate": 1000.0,
          "sampleOffset": 1925.17669999785721302032,
          "mxRows": 1,
          "mxCols": 8,
          "mxData": [
            -0.80477899312973022461,
            0.66770547628402709961,
            0.54118973016738891602,
            0.65497499704360961914,
            -0.72656422853469848633,
            1.05015265941619873047,
            0.52429634332656860352,
            1.00663912296295166016,
            -0.80485391616821289063,
            0.67144823074340820313,
            0.55213344097137451172,
            0.64325278997421264648,
            -0.72306776046752929688,
            1.05364406108856201172,
            0.56314909458160400391,
            0.98679214715957641602,
            -0.79013681411743164063,
            0.6726214289665222168,
            0.56621187925338745117,
            0.64988815784454345703,
            -0.71638119220733642578,
            1.05832076072692871094,
            0.56425827741622924805,
            1.00707221031188964844,
            -0.80343157052993774414,
            0.68136370182037353516,
            0.55845868587493896484,
            0.64871621131896972656,
            -0.7368246912956237793,
            1.0660190582275390625,
            0.58542203903198242188,
            0.99396204948425292969,
            -0.85052114725112915039,
            0.68089467287063598633,
            0.59960687160491943359,
            0.65156507492065429688,
            -0.7684434056282043457,
            1.05684590339660644531,
            0.59455817937850952148,
            1.00836586952209472656,
            -0.98031163215637207031,
            0.66850006580352783203,
            0.77827948331832885742,
            0.65379428863525390625,
            -0.77575117349624633789,
            1.01091694831848144531,
            0.60590273141860961914,
            1.01012539863586425781,
            -1.04722070693969726563,
            0.58770239353179931641,
            0.78500634431838989258,
            0.55530059337615966797,
            -0.75585007667541503906,
            0.88641607761383056641,
            0.63058179616928100586,
            0.86009198427200317383,
            -1.10242474079132080078,
            0.52010893821716308594,
            0.90821325778961181641,
            0.50786513090133666992,
            -0.82640039920806884766,
            0.79369527101516723633,
            0.48527932167053222656,
            0.78693956136703491211,
            -1.12562549114227294922,
            0.3959636390209197998,
            0.8607915043830871582,
            0.42430517077445983887,
            -0.76383024454116821289,
            0.59560334682464599609,
            0.34541007876396179199,
            0.60599058866500854492,
            -1.22499883174896240234,
            0.37085813283920288086,
            0.93634891510009765625,
            0.39328444004058837891,
            -0.70407706499099731445,
            0.57987165451049804688,
            0.2837530970573425293,
            0.54176133871078491211,
            -1.06088900566101074219,
            0.33615502715110778809,
            0.81473493576049804688,
            0.36088100075721740723,
            -0.43601149320602416992,
            0.42574164271354675293,
            0.27659320831298828125,
            0.44532859325408935547,
            -1.10889017581939697266,
            0.33737930655479431152,
            0.71757018566131591797,
            0.33364334702491760254,
            -0.39882895350456237793,
            0.40905284881591796875,
            0.2467107921838760376,
            0.41234037280082702637,
            -1.08625948429107666016,
            0.33064725995063781738,
            0.70782834291458129883,
            0.32080850005149841309,
            -0.43158954381942749023,
            0.41684544086456298828,
            0.22136683762073516846,
            0.41157284379005432129,
            -1.12618112564086914063,
            0.34938484430313110352,
            0.75041806697845458984,
            0.32372137904167175293,
            -0.43295067548751831055,
            0.42513054609298706055,
            0.21869397163391113281,
            0.41718706488609313965,
            -1.131988525390625,
            0.3418248593807220459,
            0.75679147243499755859,
            0.33313262462615966797,
            -0.43415892124176025391,
            0.4150867164134979248,
            0.21541383862495422363,
            0.41817453503608703613,
            -1.03907907009124755859,
            0.31414490938186645508,
            0.74890130758285522461,
            0.32829183340072631836,
            -0.4426930844783782959,
            0.40781202912330627441,
            0.21537457406520843506,
            0.39910119771957397461,
            -1.12602996826171875,
            0.35099288821220397949,
            0.75500851869583129883,
            0.33159685134887695313,
            -0.44416576623916625977,
            0.42161184549331665039,
            0.21592399477958679199,
            0.40411514043807983398,
            -1.10150599479675292969,
            0.34958362579345703125,
            0.79266053438186645508,
            0.32939964532852172852,
            -0.4187800288200378418,
            0.42099791765213012695,
            0.25306457281112670898,
            0.42081862688064575195,
            -1.13188338279724121094,
            0.34501704573631286621,
            0.79047095775604248047,
            0.32443061470985412598,
            -0.41313776373863220215,
            0.4125932157039642334,
            0.2425536811351776123,
            0.42513823509216308594,
            -1.12880837917327880859,
            0.3611412346363067627,
            0.75311446189880371094,
            0.32899448275566101074,
            -0.4292850494384765625,
            0.42158409953117370605,
            0.22110478579998016357,
            0.41056305170059204102,
            -1.14420187473297119141,
            0.35113540291786193848,
            0.75754135847091674805,
            0.32216224074363708496,
            -0.43856179714202880859,
            0.42065930366516113281,
            0.23007610440254211426,
            0.4195792078971862793,
            -1.1254787445068359375,
            0.35681480169296264648,
            0.80185467004776000977,
            0.33117783069610595703,
            -0.4070199429988861084,
            0.42764455080032348633,
            0.25515124201774597168,
            0.4283066093921661377,
            -1.15738201141357421875,
            0.35633349418640136719,
            0.78114491701126098633,
            0.33387768268585205078,
            -0.44571164250373840332,
            0.42446017265319824219,
            0.21070916950702667236,
            0.43814474344253540039
          ],