{
  "format": "mubujson1",
  "numBuffers": 1,
  "numTracks": 1,
  "bufferNames": [
    "content:minimalism 3"
  ],
  "bufferInfos": [
    [
      "label",
      "content:minimalism"
    ]
  ],
  "tracks": [
    {
      "name": "posenet_normalized_selection",
      "mxCols": 8,
      "mxRows": 1,
      "hasVarRows": false,
      "hasTimeTags": true,
      "nonNumType": "none",
      "maxSize": 5000,
      "buffers": [
        {
          "maxSize": 5000,
          "size": 23,
          "sampleRate": 1000.0,
          "sampleOffset": 0.0,
          "mxRows": 1,
          "mxCols": 8,
          "mxData": [
            -0.81353414058685302734,
            0.69892936944961547852,
            0.57458198070526123047,
            0.68853878974914550781,
            -0.69729834794998168945,
            1.09334051609039306641,
            0.51725214719772338867,
            1.07398104667663574219,
            -0.77915632724761962891,
            0.68925786018371582031,
            0.58035922050476074219,
            0.6822770237922668457,
            -0.66717857122421264648,
            1.07102251052856445313,
            0.51649993658065795898,
            1.06209874153137207031,
            -0.81448119878768920898,
            0.68860894441604614258,
            0.5603078007698059082,
            0.67769330739974975586,
            -0.689105987548828125,
            1.07426631450653076172,
            0.51028311252593994141,
            1.05450606346130371094,
            -0.78712797164916992188,
            0.69230502843856811523,
            0.57513612508773803711,
            0.68220984935760498047,
            -0.66895288228988647461,
            1.07450461387634277344,
            0.52100199460983276367,
            1.06773447990417480469,
            -0.78139680624008178711,
            0.68254339694976806641,
            0.57693094015121459961,
            0.66704869270324707031,
            -0.67600435018539428711,
            1.06730246543884277344,
            0.53913503885269165039,
            1.04657351970672607422,
            -0.79161375761032104492,
            0.69013589620590209961,
            0.59404379129409790039,
            0.66303855180740356445,
            -0.6818516850471496582,
            1.07070660591125488281,
            0.55335104465484619141,
            1.05178058147430419922,
            -0.88895571231842041016,
            0.67468291521072387695,
            0.71325463056564331055,
            0.66965335607528686523,
            -0.74007946252822875977,
            1.04778087139129638672,
            0.64992505311965942383,
            1.03748536109924316406,
            -0.91254115104675292969,
            0.62927317619323730469,
            0.81251001358032226563,
            0.59946233034133911133,
            -0.64505529403686523438,
            0.96998643875122070313,
            0.65135586261749267578,
            0.94430577754974365234,
            -1.01311838626861572266,
            0.49908113479614257813,
            0.90082871913909912109,
            0.50713956356048583984,
            -0.73521625995635986328,
            0.76209592819213867188,
            0.55335086584091186523,
            0.79791724681854248047,
            -1.03451943397521972656,
            0.4543921351432800293,
            0.89600551128387451172,
            0.50043284893035888672,
            -0.63145726919174194336,
            0.73929226398468017578,
            0.49771851301193237305,
            0.7305100560188293457,
            -1.05334866046905517578,
            0.39847344160079956055,
            0.90941357612609863281,
            0.45453172922134399414,
            -0.57690256834030151367,
            0.64890241622924804688,
            0.39955875277519226074,
            0.6231963038444519043,
            -1.04690468311309814453,
            0.34834551811218261719,
            0.86847436428070068359,
            0.37443447113037109375,
            -0.41788688302040100098,
            0.4750537574291229248,
            0.26466652750968933105,
            0.48081243038177490234,
            -1.12984633445739746094,
            0.36349135637283325195,
            0.8366425633430480957,
            0.36481851339340209961,
            -0.40019336342811584473,
            0.442340850830078125,
            0.23495340347290039063,
            0.46822324395179748535,
            -1.06062519550323486328,
            0.360179901123046875,
            0.82113981246948242188,
            0.34710291028022766113,
            -0.35260504484176635742,
            0.43435192108154296875,
            0.28228557109832763672,
            0.46605432033538818359,
            -1.04721057415008544922,
            0.33097049593925476074,
            0.85543549060821533203,
            0.34837692975997924805,
            -0.3603026270866394043,
            0.42825117707252502441,
            0.24970617890357971191,
            0.47103333473205566406,
            -1.05717134475708007813,
            0.33627149462699890137,
            0.87399011850357055664,
            0.35682892799377441406,
            -0.37604704499244689941,
            0.44897314906120300293,
            0.22052773833274841309,
            0.47813677787780761719,
            -1.04363906383514404297,
            0.34379658102989196777,
            0.87163490056991577148,
            0.36697849631309509277,
            -0.35955122113227844238,
            0.45694258809089660645,
            0.21887496113777160645,
            0.49356091022491455078,
            -1.04964733123779296875,
            0.34337216615676879883,
            0.84642207622528076172,
            0.35753533244132995605,
            -0.36853569746017456055,
            0.4581642448902130127,
            0.221006050705909729,
            0.48183932900428771973,
            -1.04363286495208740234,
            0.33729603886604309082,
            0.88138425350189208984,
            0.35553377866744995117,
            -0.32767215371131896973,
            0.45085617899894714355,
            0.24025857448577880859,
            0.48613587021827697754,
            -1.04609382152557373047,
            0.34048429131507873535,
            0.84737795591354370117,
            0.35499864816665649414,
            -0.36716821789741516113,
            0.44764950871467590332,
            0.24993339180946350098,
            0.46743789315223693848,
            -1.05200350284576416016,
            0.34074878692626953125,
            0.85519433021545410156,
            0.36001673340797424316,
            -0.3666229248046875,
            0.45760986208915710449,
            0.23350128531455993652,
            0.48781889677047729492,
            -1.09981167316436767578,
            0.36153891682624816895,
            0.86301946640014648438,
            0.35605669021606445313,
            -0.3479855656623840332,
            0.44354507327079772949,
            0.26533743739128112793,
            0.46891880035400390625,
            -1.04161214828491210938,
            0.3265336155891418457,
            0.85419583320617675781,
            0.34879255294799804688,
            -0.36273026466369628906,
            0.43176731467247009277,
            0.23430590331554412842,
            0.46081793308258056641
          ],