{
  "format": "mubujson1",
  "numBuffers": 1,
  "numTracks": 1,
  "bufferNames": [
    "content:longtone 1"
  ],
  "bufferInfos": [
    [
      "label",
      "content:longtone"
    ]
  ],
  "tracks": [
    {
      "name": "posenet_normalized_selection",
      "mxCols": 8,
      "mxRows": 1,
      "hasVarRows": false,
      "hasTimeTags": true,
      "nonNumType": "none",
      "maxSize": 5000,
      "buffers": [
        {
          "maxSize": 5000,
          "size": 21,
          "sampleRate": 1000.0,
          "sampleOffset": 0.0,
          "mxRows": 1,
          "mxCols": 8,
          "mxData": [
            -0.75135195255279541016,
            0.65742379426956176758,
            0.63566827774047851563,
            0.66669195890426635742,
            -0.69336879253387451172,
            1.02183794975280761719,
            0.55099654197692871094,
            1.01689028739929199219,
            -0.76326733827590942383,
            0.65916734933853149414,
            0.64459639787673950195,
            0.6673838496208190918,
            -0.71115779876708984375,
            1.02893185615539550781,
            0.55883187055587768555,
            1.01922321319580078125,
            -0.75679820775985717773,
            0.6613356471061706543,
            0.62179344892501831055,
            0.67429566383361816406,
            -0.70566809177398681641,
            1.03173172473907470703,
            0.5678685307502746582,
            1.01910459995269775391,
            -0.74978941679000854492,
            0.66025209426879882813,
            0.64906972646713256836,
            0.66411459445953369141,
            -0.70027452707290649414,
            1.02969670295715332031,
            0.56978827714920043945,
            1.02100980281829833984,
            -0.75982010364532470703,
            0.65945756435394287109,
            0.6205781102180480957,
            0.67595994472503662109,
            -0.70843708515167236328,
            1.02573287487030029297,
            1.66356205940246582031,
            1.01959574222564697266,
            -0.76051467657089233398,
            0.65940254926681518555,
            0.61860519647598266602,
            0.67678016424179077148,
            -0.70900231599807739258,
            1.02545833587646484375,
            0.57304155826568603516,
            1.01949787139892578125,
            -0.75488066673278808594,
            0.66465848684310913086,
            0.64816069602966308594,
            0.66222423315048217773,
            -0.70189452171325683594,
            1.03054964542388916016,
            0.59562754631042480469,
            1.02473282814025878906,
            -0.76031154394149780273,
            0.66823536157608032227,
            0.66206157207489013672,
            0.66565477848052978516,
            -0.70804709196090698242,
            1.01424348354339599609,
            0.64986848831176757813,
            1.04152143001556396484,
            -0.66930383443832397461,
            0.57976919412612915039,
            0.67577415704727172852,
            0.64243626594543457031,
            -0.61268347501754760742,
            0.9090124964714050293,
            0.59522324800491333008,
            0.96299833059310913086,
            -0.64111512899398803711,
            0.57039731740951538086,
            0.59193581342697143555,
            0.62228739261627197266,
            -0.49939623475074768066,
            0.85034531354904174805,
            0.42496752738952636719,
            0.89158451557159423828,
            -0.59839558601379394531,
            0.50414055585861206055,
            0.50258046388626098633,
            0.50918555259704589844,
            -0.26848897337913513184,
            0.64276021718978881836,
            0.18719206750392913818,
            0.62132614850997924805,
            -0.59450334310531616211,
            0.52565652132034301758,
            0.49031808972358703613,
            0.54041332006454467773,
            -0.27706307172775268555,
            0.67230176925659179688,
            0.17979572713375091553,
            0.64114522933959960938,
            -0.58774363994598388672,
            0.54944813251495361328,
            0.5357977747917175293,
            0.53306078910827636719,
            -0.29879492521286010742,
            0.71296036243438720703,
            0.16824072599411010742,
            0.66675114631652832031,
            -0.72825920581817626953,
            0.52424377202987670898,
            0.64637643098831176758,
            0.52357745170593261719,
            -0.68838047981262207031,
            0.719638824462890625,
            0.53148448467254638672,
            0.74275058507919311523,
            -0.98660790920257568359,
            0.49574047327041625977,
            0.87939077615737915039,
            0.52360111474990844727,
            -1.40015304088592529297,
            0.69648748636245727539,
            1.31357717514038085938,
            0.72329998016357421875,
            -1.14716517925262451172,
            0.45329299569129943848,
            1.03389096260070800781,
            0.5087642669677734375,
            -1.78617072105407714844,
            0.61454999446868896484,
            1.71479582786560058594,
            0.6862137913703918457,
            -1.18079578876495361328,
            0.42619076371192932129,
            1.20009982585906982422,
            0.4876365363597869873,
            -1.98495972156524658203,
            0.54967761039733886719,
            2.02243924140930175781,
            0.60950267314910888672,
            -1.13749396800994873047,
            0.41744241118431091309,
            1.09833872318267822266,
            0.4452355504035949707,
            -1.90483641624450683594,
            0.53837114572525024414,
            1.87926626205444335938,
            0.5740483403205871582,
            -1.10475766658782958984,
            0.40892362594604492188,
            1.050746917724609375,
            0.42905843257904052734,
            -1.90042090415954589844,
            0.52638447284698486328,
            1.82701039314270019531,
            0.55464863777160644531,
            -1.10420656204223632813,
            0.41126108169555664063,
            1.04811453819274902344,
            0.43395406007766723633,
            -1.89413464069366455078,
            0.52973526716232299805,
            1.81918668746948242188,
            0.56211453676223754883,
            -1.08156955242156982422,
            0.43823727965354919434,
            1.03801512718200683594,
            0.46192649006843566895,
            -1.86734235286712646484,
            0.5597324371337890625,
            1.79603922367095947266,
            0.59564542770385742188
          ],
          "timeTags": [
            24.7626999998465180397,
            133.1975000002421438694,
            233.98150000022724270821,
            337.82629999984055757523,
            431.14026111968058785351,
            437.60179999982938170433,
            538.76879999972879886627,
            648.17510000010952353477,
            749.25799999944865703583,
            849.2784000001847743988,
            953.48379999957978725433,
            1058.49959999974817037582,
            1163.75839999970048666,
            1268.1435000002384185791,
            1370.13990000030025839806,
            1467.12989999959245324135,
            1566.56089999992400407791,
            1667.19060000032186508179,
            1768.59539999999105930328,
            1866.2783999997191131115,
            1966.12189999967813491821
          ],
          "info": [
            "gui",
            "autobounds minmax, shape envelopebpf, interface multibpf, opacity 1, colormode rainbow, hidenotforemost 1"
          ]
        }
      ]
    }
  ]
}