{
  "format": "mubujson1",
  "numBuffers": 1,
  "numTracks": 1,
  "bufferNames": [
    "content:minimalism 1"
  ],
  "bufferInfos": [
    [
      "label",
      "content:minimalism"
    ]
  ],
  "tracks": [
    {
      "name": "posenet_normalized_selection",
      "mxCols": 8,
      "mxRows": 1,
      "hasVarRows": false,
      "hasTimeTags": true,
      "nonNumType": "none",
      "maxSize": 5000,
      "buffers": [
        {
          "maxSize": 5000,
          "size": 23,
          "sampleRate": 1000.0,
          "sampleOffset": 1925.17669999785721302032,
          "mxRows": 1,
          "mxCols": 8,
          "mxData": [
            -0.7570362091064453125,
            0.63291335105895996094,
            0.53244769573211669922,
            0.6300144195556640625,
            -0.70180499553680419922,
            1.01047408580780029297,
            0.57564395666122436523,
            0.9448649287223815918,
            -0.77270931005477905273,
            0.63939863443374633789,
            0.53204268217086791992,
            0.62856543064117431641,
            -0.72842633724212646484,
            1.01477813720703125,
            0.59207713603973388672,
            0.92288106679916381836,
            -0.73948931694030761719,
            0.64137345552444458008,
            0.54462838172912597656,
            0.63423138856887817383,
            -0.69511497020721435547,
            1.01609814167022705078,
            0.60955333709716796875,
            0.93949156999588012695,
            -0.75870001316070556641,
            0.637126922607421875,
            0.54011780023574829102,
            0.63344824314117431641,
            -0.71519809961318969727,
            1.01896321773529052734,
            0.60166579484939575195,
            0.94917404651641845703,
            -0.75751966238021850586,
            0.63456964492797851563,
            0.53782445192337036133,
            0.62658345699310302734,
            -0.71054500341415405273,
            1.01259934902191162109,
            0.60280954837799072266,
            0.92319321632385253906,
            -0.84022164344787597656,
            0.68386876583099365234,
            0.59954524040222167969,
            0.64013487100601196289,
            -0.73429930210113525391,
            1.02913105487823486328,
            0.63831102848052978516,
            0.97693467140197753906,
            -0.92973047494888305664,
            0.64854550361633300781,
            0.70654350519180297852,
            0.63566380739212036133,
            -0.7711041569709777832,
            0.99445134401321411133,
            0.61088794469833374023,
            1.00222647190093994141,
            -1.00856983661651611328,
            0.55288743972778320313,
            0.78522843122482299805,
            0.55790299177169799805,
            -0.65505260229110717773,
            0.86150842905044555664,
            0.67376589775085449219,
            0.84829276800155639648,
            -1.01385712623596191406,
            0.51418715715408325195,
            0.92767965793609619141,
            0.53977972269058227539,
            -0.68545424938201904297,
            0.76387465000152587891,
            0.52521330118179321289,
            0.78469616174697875977,
            -1.02554798126220703125,
            0.41649663448333740234,
            0.83324033021926879883,
            0.45760557055473327637,
            -0.53537261486053466797,
            0.64236211776733398438,
            0.4028370976448059082,
            0.60255318880081176758,
            -1.07417428493499755859,
            0.36378470063209533691,
            0.95677930116653442383,
            0.43207773566246032715,
            -0.494510650634765625,
            0.60846418142318725586,
            0.32944020628929138184,
            0.53659981489181518555,
            -1.01890397071838378906,
            0.3483664393424987793,
            0.84015965461730957031,
            0.41757360100746154785,
            -0.44518864154815673828,
            0.50862014293670654297,
            0.24937775731086730957,
            0.49023148417472839355,
            -1.04104971885681152344,
            0.39518323540687561035,
            0.79245913028717041016,
            0.39842090010643005371,
            -0.37022954225540161133,
            0.51323485374450683594,
            0.18112580478191375732,
            0.52199280261993408203,
            -1.08564019203186035156,
            0.40187317132949829102,
            0.82188242673873901367,
            0.42383423447608947754,
            -0.40152516961097717285,
            0.52525639533996582031,
            0.19690954685211181641,
            0.54225271940231323242,
            -1.06989467144012451172,
            0.39937919378280639648,
            0.79046386480331420898,
            0.40269586443901062012,
            -0.38300859928131103516,
            0.51489883661270141602,
            0.21814075112342834473,
            0.49209696054458618164,
            -1.09292316436767578125,
            0.39659711718559265137,
            0.7849127650260925293,
            0.39733856916427612305,
            -0.4068126380443572998,
            0.50740212202072143555,
            0.17695268988609313965,
            0.51654303073883056641,
            -1.07486987113952636719,
            0.39793637394905090332,
            0.80682033300399780273,
            0.40216836333274841309,
            -0.40430364012718200684,
            0.50409245491027832031,
            0.19792099297046661377,
            0.52366119623184204102,
            -1.07550370693206787109,
            0.39603939652442932129,
            0.83998215198516845703,
            0.4045855104923248291,
            -0.40642690658569335938,
            0.49539124965667724609,
            0.24963678419589996338,
            0.47821342945098876953,
            -1.05107188224792480469,
            0.38995558023452758789,
            0.83692258596420288086,
            0.40112122893333435059,
            -0.39471280574798583984,
            0.48455956578254699707,
            0.25715774297714233398,
            0.47098904848098754883,
            -1.05508077144622802734,
            0.39620169997215270996,
            0.83216637372970581055,
            0.40253695845603942871,
            -0.38856050372123718262,
            0.48970872163772583008,
            0.20330840349197387695,
            0.50673443078994750977,
            -1.05077791213989257813,
            0.38845628499984741211,
            0.82671797275543212891,
            0.40004417300224304199,
            -0.41384661197662353516,
            0.48011282086372375488,
            0.22638782858848571777,
            0.4798012077808380127,
            -1.06719624996185302734,
            0.39272007346153259277,
            0.83836090564727783203,
            0.40175002813339233398,
            -0.40253746509552001953,
            0.4905548095703125,
            0.21345596015453338623,
            0.48057547211647033691,
            -1.04954445362091064453,
            0.39540466666221618652,
            0.80116450786590576172,
            0.39842703938484191895,
            -0.39436224102973937988,
            0.48505836725234985352,
            0.19658580422401428223,
            0.5012944340705871582
          ],