{
  "format": "mubujson1",
  "numBuffers": 1,
  "numTracks": 1,
  "bufferNames": [
    "content:longtone 3"
  ],
  "bufferInfos": [
    [
      "label",
      "content:longtone"
    ]
  ],
  "tracks": [
    {
      "name": "posenet_normalized_selection",
      "mxCols": 8,
      "mxRows": 1,
      "hasVarRows": false,
      "hasTimeTags": true,
      "nonNumType": "none",
      "maxSize": 5000,
      "buffers": [
        {
          "maxSize": 5000,
          "size": 22,
          "sampleRate": 1000.0,
          "sampleOffset": 1925.17669999785721302032,
          "mxRows": 1,
          "mxCols": 8,
          "mxData": [
            -0.76283544301986694336,
            0.64232820272445678711,
            0.52520316839218139648,
            0.63622879981994628906,
            -0.73842346668243408203,
            1.01990759372711181641,
            0.58795064687728881836,
            0.94466978311538696289,
            -0.76853287220001220703,
            0.64311486482620239258,
            0.52404570579528808594,
            0.64230859279632568359,
            -0.75041604042053222656,
            1.02397978305816650391,
            0.60182094573974609375,
            0.95425206422805786133,
            -0.74813371896743774414,
            0.63671845197677612305,
            0.53361058235168457031,
            0.63348406553268432617,
            -0.72903674840927124023,
            1.01619064807891845703,
            0.59840816259384155273,
            0.94032943248748779297,
            -0.76515299081802368164,
            0.64328801631927490234,
            0.53597182035446166992,
            0.62857013940811157227,
            -0.73014312982559204102,
            1.01515746116638183594,
            0.6202602386474609375,
            0.91208022832870483398,
            -0.76053166389465332031,
            0.65218698978424072266,
            0.56481736898422241211,
            0.62554460763931274414,
            -0.74688482284545898438,
            1.02668678760528564453,
            0.64647084474563598633,
            0.92802095413208007813,
            -0.78824406862258911133,
            0.65438896417617797852,
            0.59151738882064819336,
            0.66344064474105834961,
            -0.77677625417709350586,
            1.02829623222351074219,
            0.6599171757698059082,
            0.99172604084014892578,
            -0.71693468093872070313,
            0.6233628392219543457,
            0.58636963367462158203,
            0.64834374189376831055,
            -0.68586820363998413086,
            0.99717026948928833008,
            0.67217171192169189453,
            1.00409877300262451172,
            -0.73334169387817382813,
            0.60359269380569458008,
            0.54587090015411376953,
            0.6025822758674621582,
            -0.60648322105407714844,
            0.93535643815994262695,
            0.5648174285888671875,
            0.90385210514068603516,
            -0.70538336038589477539,
            0.5639292597770690918,
            0.46720543503761291504,
            0.57839864492416381836,
            -0.40966951847076416016,
            0.73927408456802368164,
            0.26211962103843688965,
            0.75453466176986694336,
            -0.81113857030868530273,
            0.54634547233581542969,
            0.39917463064193725586,
            0.52678894996643066406,
            -0.30578333139419555664,
            0.64020848274230957031,
            0.15198925137519836426,
            0.59519523382186889648,
            -0.78745758533477783203,
            0.46695747971534729004,
            0.37099888920783996582,
            0.46953934431076049805,
            -0.40288919210433959961,
            0.47304573655128479004,
            0.0899043157696723938,
            0.45958593487739562988,
            -0.73162794113159179688,
            0.43613910675048828125,
            0.41584783792495727539,
            0.45610499382019042969,
            -0.38206309080123901367,
            0.4374427497386932373,
            0.09645097702741622925,
            0.43851801753044128418,
            -0.8677622675895690918,
            0.44112291932106018066,
            0.5316250920295715332,
            0.51310747861862182617,
            -0.49578562378883361816,
            0.44564744830131530762,
            0.38581737875938415527,
            0.44625592231750488281,
            -0.84819054603576660156,
            0.47479689121246337891,
            0.71522247791290283203,
            0.5446847081184387207,
            -0.55629044771194458008,
            0.4732151031494140625,
            0.54054236412048339844,
            0.46995398402214050293,
            -1.19665348529815673828,
            0.41276115179061889648,
            1.07673943042755126953,
            0.4564031064510345459,
            -1.81500637531280517578,
            0.50068569183349609375,
            1.87311434745788574219,
            0.51993083953857421875,
            -1.35754823684692382813,
            0.36424723267555236816,
            1.3124561309814453125,
            0.40555152297019958496,
            -2.19502687454223632813,
            0.47735410928726196289,
            2.20273494720458984375,
            0.48744946718215942383,
            -1.27155828475952148438,
            0.36677727103233337402,
            1.20509445667266845703,
            0.38930633664131164551,
            -2.05827975273132324219,
            0.46829929947853088379,
            2.00458097457885742188,
            0.45817571878433227539,
            -1.30427956581115722656,
            0.37730062007904052734,
            1.17594969272613525391,
            0.38966232538223266602,
            -2.12521982192993164063,
            0.47564214468002319336,
            1.94790899753570556641,
            0.44720339775085449219,
            -1.29010617733001708984,
            0.37706071138381958008,
            1.16266417503356933594,
            0.39000421762466430664,
            -2.11690783500671386719,
            0.47252640128135681152,
            1.92814791202545166016,
            0.44851997494697570801,
            -1.29911208152770996094,
            0.36610439419746398926,
            1.15977740287780761719,
            0.39494970440864562988,
            -2.13744521141052246094,
            0.46737515926361083984,
            1.93653512001037597656,
            0.4605515599250793457,
            -1.32033073902130126953,
            0.36994102597236633301,
            1.15539097785949707031,
            0.40128600597381591797,
            -2.15978956222534179688,
            0.46728748083114624023,
            1.95227420330047607422,
            0.47039964795112609863,
            -1.32207310199737548828,
            0.36967295408248901367,
            1.16514098644256591797,
            0.39651373028755187988,
            -2.16739296913146972656,
            0.46491417288780212402,
            1.95985805988311767578,
            0.4709174036979675293
          ],
          "timeTags": [
            74.8327000010758638382,
            164.94950000196695327759,
            254.5532000027596950531,
            340.25710000284016132355,
            425.75019999966025352478,
            513.80050000175833702087,
            608.46940000168979167938,
            692.82030000165104866028,
            775.40990000218152999878,
            859.30760000087320804596,
            955.43310000188648700714,
            1041.89070000126957893372,
            1126.37020000256597995758,
            1214.26960000023245811462,
            1308.33570000156760215759,
            1395.42660000361502170563,
            1484.43360000289976596832,
            1571.57930000126361846924,
            1657.11340000294148921967,
            1745.05580000206828117371,
            1832.95970000140368938446,
            1919.44130000099539756775
          ],