{
  "format": "mubujson1",
  "numBuffers": 1,
  "numTracks": 1,
  "bufferNames": [
    "identifer:birds 3"
  ],
  "bufferInfos": [
    [
      "label",
      "identifer:birds"
    ]
  ],
  "tracks": [
    {
      "name": "posenet_normalized_selection",
      "mxCols": 8,
      "mxRows": 1,
      "hasVarRows": false,
      "hasTimeTags": true,
      "nonNumType": "none",
      "maxSize": 5000,
      "buffers": [
        {
          "maxSize": 5000,
          "size": 20,
          "sampleRate": 1000.0,
          "sampleOffset": 0.0,
          "mxRows": 1,
          "mxCols": 8,
          "mxData": [
            -0.73936468362808227539,
            0.67976528406143188477,
            0.67548310756683349609,
            0.67754983901977539063,
            -0.70425593852996826172,
            1.01981317996978759766,
            0.64184713363647460938,
            1.03800928592681884766,
            -0.74951756000518798828,
            0.68336153030395507813,
            0.67641633749008178711,
            0.67498975992202758789,
            -0.71855205297470092773,
            1.01870048046112060547,
            0.67479020357131958008,
            1.06568241119384765625,
            -0.7516269683837890625,
            0.67463952302932739258,
            0.6774806976318359375,
            0.67547094821929931641,
            -0.7171770930290222168,
            1.00998973846435546875,
            0.6841443181037902832,
            1.05351030826568603516,
            -0.75827908515930175781,
            0.67838561534881591797,
            0.67704743146896362305,
            0.67484837770462036133,
            -0.73935747146606445313,
            1.00709629058837890625,
            0.67091196775436401367,
            1.05597567558288574219,
            -0.77995783090591430664,
            0.65877103805541992188,
            0.75599145889282226563,
            0.65880006551742553711,
            -0.77337098121643066406,
            1.009014129638671875,
            0.7138144373893737793,
            1.039424896240234375,
            -1.01879525184631347656,
            0.58197987079620361328,
            1.02275609970092773438,
            0.57713019847869873047,
            -1.27024626731872558594,
            0.91298764944076538086,
            1.22082090377807617188,
            0.90950763225555419922,
            -1.02351343631744384766,
            0.46682175993919372559,
            1.14084851741790771484,
            0.48185533285140991211,
            -1.37543153762817382813,
            0.72569686174392700195,
            1.52176392078399658203,
            0.72881770133972167969,
            -1.181156158447265625,
            0.31050828099250793457,
            1.26476514339447021484,
            0.29952138662338256836,
            -1.81536054611206054688,
            0.40406697988510131836,
            1.97659766674041748047,
            0.34406524896621704102,
            -1.12053763866424560547,
            0.26091277599334716797,
            1.25367748737335205078,
            0.25384739041328430176,
            -1.83669567108154296875,
            0.23875549435615539551,
            1.88972342014312744141,
            0.22265817224979400635,
            -1.09766077995300292969,
            0.26986086368560791016,
            1.233287811279296875,
            0.25938084721565246582,
            -1.82459986209869384766,
            0.1137301325798034668,
            1.77454423904418945313,
            0.12335564941167831421,
            -1.21215403079986572266,
            0.32436254620552062988,
            1.11823856830596923828,
            0.32950577139854431152,
            -1.88459420204162597656,
            0.15560245513916015625,
            1.75373244285583496094,
            0.19830821454524993896,
            -1.13209509849548339844,
            0.41086924076080322266,
            1.03977370262145996094,
            0.45315402746200561523,
            -1.97407996654510498047,
            0.42521819472312927246,
            1.92794394493103027344,
            0.45970568060874938965,
            -1.10661220550537109375,
            0.52123415470123291016,
            1.06063532829284667969,
            0.5323511958122253418,
            -1.84809255599975585938,
            0.719635009765625,
            1.80087888240814208984,
            0.76089566946029663086,
            -1.04778575897216796875,
            0.540889739990234375,
            1.02556896209716796875,
            0.53381907939910888672,
            -1.641384124755859375,
            0.77976131439208984375,
            1.60141205787658691406,
            0.77850419282913208008,
            -1.03703916072845458984,
            0.4769929051399230957,
            1.10958611965179443359,
            0.51514679193496704102,
            -1.73528516292572021484,
            0.66142660379409790039,
            1.76652646064758300781,
            0.70867586135864257813,
            -1.21537947654724121094,
            0.3718503415584564209,
            1.25513637065887451172,
            0.39283734560012817383,
            -1.90663051605224609375,
            0.48656806349754333496,
            1.97329759597778320313,
            0.495563507080078125,
            -1.13056504726409912109,
            0.22816406190395355225,
            1.21346378326416015625,
            0.29134517908096313477,
            -1.75136363506317138672,
            0.20049528777599334717,
            1.79497933387756347656,
            0.22893339395523071289,
            -1.08033609390258789063,
            0.21527273952960968018,
            1.17340648174285888672,
            0.25867542624473571777,
            -1.74526059627532958984,
            0.11075410991907119751,
            1.74823462963104248047,
            0.15654611587524414063,
            -1.11331856250762939453,
            0.29846945405006408691,
            1.08950400352478027344,
            0.30047112703323364258,
            -1.73375201225280761719,
            0.14462354779243469238,
            1.71236443519592285156,
            0.17859385907649993896,
            -1.13927578926086425781,
            0.4101130068302154541,
            1.07341349124908447266,
            0.40017011761665344238,
            -1.84206414222717285156,
            0.35206133127212524414,
            1.88703644275665283203,
            0.37983679771423339844
          ],
          "timeTags": [
            96.74570000031962990761,
            194.02780000027269124985,
            295.91800000052899122238,
            397.48900000052526593208,
            496.75500000035390257835,
            597.21699999971315264702,
            697.71260000020265579224,
            794.47510000038892030716,
            897.60309999994933605194,
            994.6548000001348555088,
            1088.86300000036135315895,
            1197.08990000002086162567,
            1294.99670000001788139343,
            1397.87859999993816018105,
            1499.01630000025033950806,
            1600.33180000027641654015,
            1702.13880000030621886253,
            1803.03930000029504299164,
            1905.33930000010877847672,
            2015.44870000006653754099
          ],
          "info": [
            "FileName",
            "2020-07-01_10-50-7_dcfb9900-bb77-11ea-8057-a5b85ffa2c67.mubu",
            "gui",
            "autobounds minmax, shape envelopebpf, interface multibpf, opacity 1, colormode rainbow, hidenotforemost 1"
          ]
        }
      ]
    }
  ]
}