{
  "format": "mubujson1",
  "numBuffers": 1,
  "numTracks": 1,
  "bufferNames": [
    "identifier:numerics 1"
  ],
  "bufferInfos": [
    [
      "label",
      "identifier:numerics"
    ]
  ],
  "tracks": [
    {
      "name": "posenet_normalized_selection",
      "mxCols": 8,
      "mxRows": 1,
      "hasVarRows": false,
      "hasTimeTags": true,
      "nonNumType": "none",
      "maxSize": 5000,
      "buffers": [
        {
          "maxSize": 5000,
          "size": 23,
          "sampleRate": 1000.0,
          "sampleOffset": 1990.58079999871551990509,
          "mxRows": 1,
          "mxCols": 8,
          "mxData": [
            -0.70524370670318603516,
            0.65697598457336425781,
            0.62788605690002441406,
            0.67082881927490234375,
            -0.67460018396377563477,
            0.99843734502792358398,
            0.5826008915901184082,
            0.98953074216842651367,
            -0.70404511690139770508,
            0.66469621658325195313,
            0.61404234170913696289,
            0.67475110292434692383,
            -0.66982847452163696289,
            1.00809311866760253906,
            0.57097333669662475586,
            0.99414527416229248047,
            -0.68272960186004638672,
            0.66274464130401611328,
            0.6328525543212890625,
            0.67672848701477050781,
            -0.65738195180892944336,
            1.01090693473815917969,
            0.59336382150650024414,
            0.99341171979904174805,
            -0.69347465038299560547,
            0.65514951944351196289,
            0.62910258769989013672,
            0.66544401645660400391,
            -0.66272127628326416016,
            0.99439567327499389648,
            0.5795001983642578125,
            0.97635418176651000977,
            -0.72396427392959594727,
            0.65543985366821289063,
            0.61255651712417602539,
            0.65979200601577758789,
            -0.68977302312850952148,
            1.00237476825714111328,
            0.61605679988861083984,
            0.97328698635101318359,
            -0.75073927640914916992,
            0.66261059045791625977,
            0.6919491887092590332,
            0.67267888784408569336,
            -0.74396061897277832031,
            1.02603828907012939453,
            0.72958999872207641602,
            0.98988628387451171875,
            -0.81580835580825805664,
            0.62075656652450561523,
            0.79653275012969970703,
            0.61992990970611572266,
            -0.84868103265762329102,
            0.93965947628021240234,
            0.89557063579559326172,
            0.93956547975540161133,
            -0.87071704864501953125,
            0.60113447904586791992,
            0.96716642379760742188,
            0.56884664297103881836,
            -1.03922510147094726563,
            0.83550101518630981445,
            1.08750557899475097656,
            0.86188620328903198242,
            -0.8532873988151550293,
            0.64306986331939697266,
            1.1751766204833984375,
            0.50411999225616455078,
            -0.96152073144912719727,
            0.51272004842758178711,
            0.97453534603118896484,
            0.58398509025573730469,
            -0.84544968605041503906,
            0.63103592395782470703,
            1.21995973587036132813,
            0.43902882933616638184,
            -0.86019182205200195313,
            0.41425344347953796387,
            0.73196142911911010742,
            0.41276520490646362305,
            -0.9040076136589050293,
            0.59656101465225219727,
            1.20323395729064941406,
            0.43135660886764526367,
            -0.82737308740615844727,
            0.29871526360511779785,
            0.78923147916793823242,
            0.3374932706356048584,
            -0.79011434316635131836,
            0.58606719970703125,
            0.99534314870834350586,
            0.3643023073673248291,
            -0.55898892879486083984,
            0.26246038079261779785,
            0.44463962316513061523,
            0.22761875391006469727,
            -0.75727236270904541016,
            0.57388001680374145508,
            0.87673103809356689453,
            0.34792006015777587891,
            -0.43285536766052246094,
            0.27857500314712524414,
            0.33668407797813415527,
            0.2279977649450302124,
            -0.79754275083541870117,
            0.59463685750961303711,
            0.96086776256561279297,
            0.35436174273490905762,
            -0.41871905326843261719,
            0.29974767565727233887,
            0.38228064775466918945,
            0.23441149294376373291,
            -0.81033545732498168945,
            0.60621792078018188477,
            0.89135396480560302734,
            0.35692882537841796875,
            -0.49177789688110351563,
            0.31629014015197753906,
            0.33578979969024658203,
            0.25348195433616638184,
            -0.80976092815399169922,
            0.6120929718017578125,
            0.90774738788604736328,
            0.35886642336845397949,
            -0.47792729735374450684,
            0.31804636120796203613,
            0.36169549822807312012,
            0.25558587908744812012,
            -0.83254754543304443359,
            0.59800398349761962891,
            0.90892481803894042969,
            0.35123008489608764648,
            -0.52482789754867553711,
            0.31173306703567504883,
            0.35012015700340270996,
            0.25179001688957214355,
            -0.80508780479431152344,
            0.60072857141494750977,
            0.912567138671875,
            0.35140463709831237793,
            -0.49782139062881469727,
            0.30772951245307922363,
            0.35308399796485900879,
            0.24313646554946899414,
            -0.80353063344955444336,
            0.59569323062896728516,
            0.90824240446090698242,
            0.34871360659599304199,
            -0.49814882874488830566,
            0.30603638291358947754,
            0.36024689674377441406,
            0.23812240362167358398,
            -0.80355042219161987305,
            0.58954620361328125,
            0.92074221372604370117,
            0.34175699949264526367,
            -0.45832425355911254883,
            0.29447904229164123535,
            0.39793846011161804199,
            0.24036547541618347168,
            -0.78691583871841430664,
            0.59569889307022094727,
            0.92972284555435180664,
            0.34503275156021118164,
            -0.43405571579933166504,
            0.29202514886856079102,
            0.36118265986442565918,
            0.23273304104804992676,
            -0.78831815719604492188,
            0.59631317853927612305,
            0.90955519676208496094,
            0.35107702016830444336,
            -0.4489218592643737793,
            0.29921805858612060547,
            0.35602799057960510254,
            0.24422095715999603271,
            -0.77991759777069091797,
            0.59332549571990966797,
            0.95550316572189331055,
            0.35078269243240356445,
            -0.43651828169822692871,
            0.29957890510559082031,
            0.36613243818283081055,
            0.23721221089363098145
          ],