{
  "format": "mubujson1",
  "numBuffers": 1,
  "numTracks": 1,
  "bufferNames": [
    "identifier:wholegroup 2"
  ],
  "bufferInfos": [
    [
      "label",
      "identifier:wholegroup"
    ]
  ],
  "tracks": [
    {
      "name": "posenet_normalized_selection",
      "mxCols": 8,
      "mxRows": 1,
      "hasVarRows": false,
      "hasTimeTags": true,
      "nonNumType": "none",
      "maxSize": 5000,
      "buffers": [
        {
          "maxSize": 5000,
          "size": 21,
          "sampleRate": 1000.0,
          "sampleOffset": 1918.73090000450611114502,
          "mxRows": 1,
          "mxCols": 8,
          "mxData": [
            -0.79554045200347900391,
            0.66614222526550292969,
            0.55289345979690551758,
            0.68940079212188720703,
            -0.6550286412239074707,
            1.03098714351654052734,
            0.50927960872650146484,
            1.05487895011901855469,
            -0.80515277385711669922,
            0.67531830072402954102,
            0.56532311439514160156,
            0.69938802719116210938,
            -0.67034369707107543945,
            1.03817713260650634766,
            0.52067291736602783203,
            1.0709857940673828125,
            -0.79178309440612792969,
            0.67061978578567504883,
            0.56790423393249511719,
            0.6909319758415222168,
            -0.65155887603759765625,
            1.03215897083282470703,
            0.51912260055541992188,
            1.06607639789581298828,
            -0.78382587432861328125,
            0.67994791269302368164,
            0.56842952966690063477,
            0.69116151332855224609,
            -0.6510378718376159668,
            1.03661704063415527344,
            0.52296411991119384766,
            1.06024432182312011719,
            -0.74599069356918334961,
            0.65901404619216918945,
            0.64345306158065795898,
            0.65942817926406860352,
            -0.74708712100982666016,
            0.99392968416213989258,
            0.80180215835571289063,
            1.00912415981292724609,
            -0.93160623311996459961,
            0.60687452554702758789,
            0.97265416383743286133,
            0.58401852846145629883,
            -1.40339231491088867188,
            0.92395728826522827148,
            1.59532964229583740234,
            0.89818096160888671875,
            -1.16603922843933105469,
            0.52478581666946411133,
            1.25769221782684326172,
            0.50009000301361083984,
            -1.87062537670135498047,
            0.75776892900466918945,
            2.05969905853271484375,
            0.69520145654678344727,
            -1.30917465686798095703,
            0.24146115779876708984,
            1.26612746715545654297,
            0.20579430460929870605,
            -2.01091527938842773438,
            0.15638239681720733643,
            1.95003974437713623047,
            0.06014951318502426147,
            -1.26933085918426513672,
            0.06350041180849075317,
            1.15901589393615722656,
            0.06364560127258300781,
            -1.76113295555114746094,
            -0.20207004249095916748,
            1.58895576000213623047,
            -0.25272044539451599121,
            -1.18775522708892822266,
            -0.04028059914708137512,
            1.15601992607116699219,
            -0.02035677991807460785,
            -1.38351297378540039063,
            -0.42476496100425720215,
            1.22596764564514160156,
            -0.40771982073783874512,
            -1.19762647151947021484,
            -0.09649381041526794434,
            1.13423073291778564453,
            -0.0436888672411441803,
            -0.97092956304550170898,
            -0.43362438678741455078,
            1.00888586044311523438,
            -0.36828982830047607422,
            -1.06444466114044189453,
            -0.12056723237037658691,
            1.06950771808624267578,
            -0.12339220941066741943,
            -0.5652567744255065918,
            -0.41588318347930908203,
            0.45883989334106445313,
            -0.44227936863899230957,
            -1.05881619453430175781,
            -0.12641900777816772461,
            1.05816566944122314453,
            -0.12978643178939819336,
            -0.40959906578063964844,
            -0.42370340228080749512,
            0.40408957004547119141,
            -0.46888887882232666016,
            -1.04809534549713134766,
            -0.13140459358692169189,
            1.07390320301055908203,
            -0.13124871253967285156,
            -0.40997904539108276367,
            -0.43364411592483520508,
            0.38755965232849121094,
            -0.4902553856372833252,
            -1.07453691959381103516,
            -0.13039922714233398438,
            1.07234728336334228516,
            -0.12023444473743438721,
            -0.41844204068183898926,
            -0.42261651158332824707,
            0.38892957568168640137,
            -0.47994798421859741211,
            -1.06779384613037109375,
            -0.13032230734825134277,
            1.01854825019836425781,
            -0.14751645922660827637,
            -0.47664922475814819336,
            -0.4319528043270111084,
            0.32751646637916564941,
            -0.49951899051666259766,
            -1.11422610282897949219,
            -0.12561561167240142822,
            1.04638779163360595703,
            -0.13996517658233642578,
            -0.49528172612190246582,
            -0.42199063301086425781,
            0.32746300101280212402,
            -0.49252283573150634766,
            -1.10043156147003173828,
            -0.11249512434005737305,
            1.02867996692657470703,
            -0.15144757926464080811,
            -0.50581985712051391602,
            -0.41967070102691650391,
            0.32753151655197143555,
            -0.47795736789703369141,
            -1.12179017066955566406,
            -0.11077266931533813477,
            1.02452647686004638672,
            -0.14176541566848754883,
            -0.52334135770797729492,
            -0.41983932256698608398,
            0.33846175670623779297,
            -0.48326241970062255859,
            -1.11873888969421386719,
            -0.1064089164137840271,
            1.00117647647857666016,
            -0.15913331508636474609,
            -0.55822825431823730469,
            -0.43051356077194213867,
            0.2855116426944732666,
            -0.48944875597953796387,
            -1.12252366542816162109,
            -0.10855048894882202148,
            1.03106546401977539063,
            -0.1600469052791595459,
            -0.51498663425445556641,
            -0.42976927757263183594,
            0.32946321368217468262,
            -0.48482939600944519043
          ],
          "timeTags": [
            2.31889999657869338989,
            114.58919999748468399048,
            215.53359999507665634155,
            329.52759999781847000122,
            427.82609999924898147583,
            537.52579999715089797974,
            645.21109999716281890869,
            755.18869999423623085022,
            847.51499999687075614929,
            948.33909999579191207886,
            1048.5539999939501285553,
            1150.43579999357461929321,
            1240.91749999672174453735,
            1346.88280000165104866028,
            1451.30179999396204948425,
            1547.52529999613761901855,
            1652.60199999809265136719,
            1764.92809999734163284302,
            1870.69879999756813049316,
            1965.65589999780058860779,
            2063.1884999983012676239
          ],
          "info": [
            "FileName",
            "2020-06-30_15-13-39_8376d3d0-bad3-11ea-9f5b-8df294b31e94.mubu",
            "gui",
            "autobounds minmax, shape envelopebpf, interface multibpf, opacity 1, colormode rainbow, hidenotforemost 1"
          ]
        }
      ]
    }
  ]
}