{
  "format": "mubujson1",
  "numBuffers": 1,
  "numTracks": 1,
  "bufferNames": [
    "identifier:birds 3"
  ],
  "bufferInfos": [
    [
      "label",
      "identifier:birds"
    ]
  ],
  "tracks": [
    {
      "name": "posenet_normalized_selection",
      "mxCols": 8,
      "mxRows": 1,
      "hasVarRows": false,
      "hasTimeTags": true,
      "nonNumType": "none",
      "maxSize": 5000,
      "buffers": [
        {
          "maxSize": 5000,
          "size": 24,
          "sampleRate": 1000.0,
          "sampleOffset": 0.0,
          "mxRows": 1,
          "mxCols": 8,
          "mxData": [
            -0.75486516952514648438,
            0.64255684614181518555,
            0.52982908487319946289,
            0.66852593421936035156,
            -0.71501374244689941406,
            1.00430774688720703125,
            0.51031666994094848633,
            1.00484061241149902344,
            -0.76915001869201660156,
            0.65118628740310668945,
            0.52442580461502075195,
            0.67159974575042724609,
            -0.72444945573806762695,
            1.01335787773132324219,
            0.49471911787986755371,
            1.01421940326690673828,
            -0.73890691995620727539,
            0.6580498814582824707,
            0.54108095169067382813,
            0.67515784502029418945,
            -0.70716172456741333008,
            1.02225506305694580078,
            0.51851087808609008789,
            1.01486623287200927734,
            -0.78110730648040771484,
            0.66277605295181274414,
            0.52557682991027832031,
            0.6724745631217956543,
            -0.7493534088134765625,
            1.02014946937561035156,
            0.49797099828720092773,
            1.01263713836669921875,
            -0.7608706355094909668,
            0.66140574216842651367,
            0.53680825233459472656,
            0.67481976747512817383,
            -0.70925045013427734375,
            1.02200222015380859375,
            0.50681281089782714844,
            1.00940179824829101563,
            -0.76883602142333984375,
            0.66138106584548950195,
            0.52366149425506591797,
            0.67307943105697631836,
            -0.70640206336975097656,
            1.02356636524200439453,
            0.49158841371536254883,
            1.00494873523712158203,
            -0.74690479040145874023,
            0.66476297378540039063,
            0.5424518585205078125,
            0.68051660060882568359,
            -0.68985354900360107422,
            1.01893663406372070313,
            0.51165109872817993164,
            1.01470899581909179688,
            -0.72435605525970458984,
            0.65844362974166870117,
            0.54356288909912109375,
            0.67739480733871459961,
            -0.67117810249328613281,
            1.02313888072967529297,
            0.51685476303100585938,
            1.01409542560577392578,
            -0.73614585399627685547,
            0.66211324930191040039,
            0.55075854063034057617,
            0.67781060934066772461,
            -0.68326038122177124023,
            1.02480375766754150391,
            0.52709609270095825195,
            1.01441502571105957031,
            -0.74270570278167724609,
            0.66069948673248291016,
            0.55686646699905395508,
            0.67534905672073364258,
            -0.69545340538024902344,
            1.02026391029357910156,
            0.53186893463134765625,
            1.01059675216674804688,
            -0.82776737213134765625,
            0.6785920262336730957,
            0.61420494318008422852,
            0.64103144407272338867,
            -0.73514616489410400391,
            1.00174725055694580078,
            0.68331748247146606445,
            0.97389405965805053711,
            -0.97032201290130615234,
            0.63073039054870605469,
            0.84308236837387084961,
            0.6070868372917175293,
            -0.98593676090240478516,
            0.91920101642608642578,
            0.94601619243621826172,
            0.92898678779602050781,
            -1.29194533824920654297,
            0.49736067652702331543,
            1.09796214103698730469,
            0.50312161445617675781,
            -1.44016396999359130859,
            0.7863184809684753418,
            1.44334566593170166016,
            0.70989978313446044922,
            -1.31437778472900390625,
            0.43287485837936401367,
            1.15803754329681396484,
            0.38700157403945922852,
            -1.61185359954833984375,
            0.65198737382888793945,
            1.62791669368743896484,
            0.52890431880950927734,
            -1.28315711021423339844,
            0.35635507106781005859,
            1.17510342597961425781,
            0.32561334967613220215,
            -1.94969975948333740234,
            0.2873089909553527832,
            1.733371734619140625,
            0.18058308959007263184,
            -1.26674258708953857422,
            0.36406013369560241699,
            1.24011158943176269531,
            0.3441607356071472168,
            -1.87385833263397216797,
            0.18960535526275634766,
            1.78554701805114746094,
            0.1366675645112991333,
            -1.28694331645965576172,
            0.42025718092918395996,
            1.22051751613616943359,
            0.38715165853500366211,
            -1.78715825080871582031,
            0.20362111926078796387,
            1.69298100471496582031,
            0.17365872859954833984,
            -1.09359264373779296875,
            0.52054882049560546875,
            1.02673268318176269531,
            0.51916706562042236328,
            -1.81651949882507324219,
            0.5312557220458984375,
            1.75963926315307617188,
            0.52239811420440673828,
            -1.07181978225708007813,
            0.52994894981384277344,
            1.04437398910522460938,
            0.53548228740692138672,
            -1.78219902515411376953,
            0.67521303892135620117,
            1.77450489997863769531,
            0.68403929471969604492,
            -1.02211844921112060547,
            0.58438086509704589844,
            0.91864919662475585938,
            0.56958156824111938477,
            -1.46168386936187744141,
            0.8548933863639831543,
            1.39497268199920654297,
            0.89182561635971069336,
            -1.11086499691009521484,
            0.56837183237075805664,
            0.99197506904602050781,
            0.54628831148147583008,
            -1.53409945964813232422,
            0.82357907295227050781,
            1.46816420555114746094,
            0.83036458492279052734,
            -1.22454500198364257813,
            0.48347276449203491211,
            1.11299049854278564453,
            0.50231754779815673828,
            -1.72565996646881103516,
            0.70613420009613037109,
            1.67401540279388427734,
            0.67343533039093017578,
            -1.24202942848205566406,
            0.35362502932548522949,
            1.18455290794372558594,
            0.36784154176712036133,
            -1.93255209922790527344,
            0.44482079148292541504,
            1.89949750900268554688,
            0.44252344965934753418,
            -1.20453763008117675781,
            0.34529390931129455566,
            1.2429256439208984375,
            0.35154926776885986328,
            -1.80668616294860839844,
            0.37556689977645874023,
            2.00223398208618164063,
            0.35861092805862426758
          ],