{
  "format": "mubujson1",
  "numBuffers": 1,
  "numTracks": 1,
  "bufferNames": [
    "identifier:restofthegroup 2"
  ],
  "bufferInfos": [
    [
      "label",
      "identifier:restofthegroup"
    ]
  ],
  "tracks": [
    {
      "name": "posenet_normalized_selection",
      "mxCols": 8,
      "mxRows": 1,
      "hasVarRows": false,
      "hasTimeTags": true,
      "nonNumType": "none",
      "maxSize": 5000,
      "buffers": [
        {
          "maxSize": 5000,
          "size": 18,
          "sampleRate": 1000.0,
          "sampleOffset": 0.0,
          "mxRows": 1,
          "mxCols": 8,
          "mxData": [
            -0.82046937942504882813,
            0.68430382013320922852,
            0.5688336491584777832,
            0.67600661516189575195,
            -0.78197729587554931641,
            1.03999876976013183594,
            0.63601279258728027344,
            1.02434587478637695313,
            -0.83049571514129638672,
            0.68959629535675048828,
            0.55368691682815551758,
            0.67958682775497436523,
            -0.79020929336547851563,
            1.04351603984832763672,
            0.62164968252182006836,
            1.03386640548706054688,
            -0.82029426097869873047,
            0.69014436006546020508,
            0.5611788630485534668,
            0.67747968435287475586,
            -0.78421223163604736328,
            1.04845106601715087891,
            0.62243372201919555664,
            1.027721405029296875,
            -0.81325769424438476563,
            0.69028079509735107422,
            0.57374149560928344727,
            0.6848856806755065918,
            -0.78241842985153198242,
            1.04890537261962890625,
            0.62785208225250244141,
            1.04451203346252441406,
            -0.81878858804702758789,
            0.68552011251449584961,
            0.67817765474319458008,
            0.6436488032341003418,
            -0.79430139064788818359,
            1.04328072071075439453,
            0.84264236688613891602,
            0.98544073104858398438,
            -0.8132235407829284668,
            0.66762256622314453125,
            0.97363674640655517578,
            0.60850739479064941406,
            -0.79592722654342651367,
            1.00984859466552734375,
            1.53341901302337646484,
            0.90080428123474121094,
            -0.79333567619323730469,
            0.65836644172668457031,
            1.22704231739044189453,
            0.49460360407829284668,
            -0.76943999528884887695,
            0.99772655963897705078,
            1.99310302734375,
            0.68259704113006591797,
            -0.76271724700927734375,
            0.6728992462158203125,
            1.31566739082336425781,
            0.35166046023368835449,
            -0.72696435451507568359,
            1.01270592212677001953,
            2.18465304374694824219,
            0.36995396018028259277,
            -0.73283350467681884766,
            0.67829531431198120117,
            1.21329760551452636719,
            0.19597457349300384521,
            -0.71224284172058105469,
            1.01839518547058105469,
            1.88352787494659423828,
            0.01098255161195993423,
            -0.7280285954475402832,
            0.66789931058883666992,
            1.16734015941619873047,
            0.07365188747644424438,
            -0.66629177331924438477,
            1.00787365436553955078,
            1.49341046810150146484,
            -0.24080239236354827881,
            -0.77461344003677368164,
            0.66187185049057006836,
            1.10823559761047363281,
            0.02049079164862632751,
            -0.68847727775573730469,
            1.01909053325653076172,
            1.20284318923950195313,
            -0.32560232281684875488,
            -0.80863243341445922852,
            0.67311525344848632813,
            1.02828228473663330078,
            -0.06196399778127670288,
            -0.72456765174865722656,
            1.039279937744140625,
            0.88214987516403198242,
            -0.40026733279228210449,
            -0.83054220676422119141,
            0.69346863031387329102,
            1.01931595802307128906,
            -0.07720622420310974121,
            -0.73581349849700927734,
            1.07721090316772460938,
            0.71757769584655761719,
            -0.42109131813049316406,
            -0.8547026515007019043,
            0.68976837396621704102,
            0.98743420839309692383,
            -0.10363451391458511353,
            -0.76558059453964233398,
            1.06086504459381103516,
            0.51150786876678466797,
            -0.4064006507396697998,
            -0.84228020906448364258,
            0.6990947723388671875,
            0.97030138969421386719,
            -0.09873043745756149292,
            -0.74765539169311523438,
            1.07536566257476806641,
            0.50637936592102050781,
            -0.39695152640342712402,
            -0.83295041322708129883,
            0.69462257623672485352,
            0.94988161325454711914,
            -0.07756788283586502075,
            -0.75352996587753295898,
            1.07064366340637207031,
            0.50955796241760253906,
            -0.39146879315376281738,
            -0.83563923835754394531,
            0.67250943183898925781,
            0.97593402862548828125,
            -0.0716289132833480835,
            -0.75950169563293457031,
            1.03175759315490722656,
            0.53715628385543823242,
            -0.38164594769477844238,
            -0.86778736114501953125,
            0.68181318044662475586,
            0.96478837728500366211,
            -0.06988053023815155029,
            -0.77774959802627563477,
            1.05124628543853759766,
            0.53106385469436645508,
            -0.38983350992202758789
          ],
          "timeTags": [
            44.3719999995082616806,
            159.42929999902844429016,
            272.95529999956488609314,
            385.61230000108480453491,
            505.03509999997908153091,
            621.44129999913275241852,
            731.41640000045299530029,
            846.77759999968111515045,
            969.23299999907612800598,
            1082.56539999879896640778,
            1193.01429999992251396179,
            1309.79679999873042106628,
            1424.90439999848604202271,
            1530.80900000035762786865,
            1645.82189999893307685852,
            1761.21959999948740005493,
            1871.54299999959766864777,
            1988.67069999873638153076
          ],
          "info": [
            "FileName",
            "2020-06-30_15-13-39_8376d3d0-bad3-11ea-9f5b-8df294b31e94.mubu",
            "gui",
            "autobounds minmax, shape envelopebpf, interface multibpf, opacity 1, colormode rainbow, hidenotforemost 1"
          ]
        }
      ]
    }
  ]
}