{
  "format": "mubujson1",
  "numBuffers": 1,
  "numTracks": 1,
  "bufferNames": [
    "identifier:wholegroup 2"
  ],
  "bufferInfos": [
    [
      "label",
      "identifier:wholegroup"
    ]
  ],
  "tracks": [
    {
      "name": "posenet_normalized_selection",
      "mxCols": 8,
      "mxRows": 1,
      "hasVarRows": false,
      "hasTimeTags": true,
      "nonNumType": "none",
      "maxSize": 5000,
      "buffers": [
        {
          "maxSize": 5000,
          "size": 20,
          "sampleRate": 1000.0,
          "sampleOffset": 0.0,
          "mxRows": 1,
          "mxCols": 8,
          "mxData": [
            -0.72261774539947509766,
            0.68744236230850219727,
            0.65463078022003173828,
            0.67729151248931884766,
            -0.68755686283111572266,
            1.04894006252288818359,
            0.64032202959060668945,
            1.03833138942718505859,
            -0.72042119503021240234,
            0.68147963285446166992,
            0.63951218128204345703,
            0.67238318920135498047,
            -0.69236814975738525391,
            1.04256939888000488281,
            0.63141518831253051758,
            1.03503298759460449219,
            -0.7243226170539855957,
            0.69363248348236083984,
            0.65411460399627685547,
            0.68207472562789916992,
            -0.69535648822784423828,
            1.050739288330078125,
            0.63973569869995117188,
            1.04831051826477050781,
            -0.75772637128829956055,
            0.67530196905136108398,
            0.65436542034149169922,
            0.68087846040725708008,
            -0.72426587343215942383,
            1.03579461574554443359,
            0.6500079035758972168,
            1.0535564422607421875,
            -0.82210934162139892578,
            0.64418715238571166992,
            0.74282658100128173828,
            0.63131880760192871094,
            -1.05429124832153320313,
            0.98039966821670532227,
            0.9547163844108581543,
            0.9870179295539855957,
            -1.04640901088714599609,
            0.59276717901229858398,
            1.02906084060668945313,
            0.5863202214241027832,
            -1.51716554164886474609,
            0.89076685905456542969,
            1.51061403751373291016,
            0.86685663461685180664,
            -1.31905186176300048828,
            0.45059171319007873535,
            1.28130269050598144531,
            0.44458746910095214844,
            -2.05860662460327148438,
            0.62044274806976318359,
            2.080074310302734375,
            0.60444551706314086914,
            -1.21612823009490966797,
            0.22091525793075561523,
            1.19020414352416992188,
            0.20804840326309204102,
            -2.03351759910583496094,
            0.110945872962474823,
            1.94010138511657714844,
            0.0754225999116897583,
            -1.11774432659149169922,
            0.10586681962013244629,
            1.20061457157135009766,
            0.11246924102306365967,
            -1.83172607421875,
            -0.11058986932039260864,
            1.73217988014221191406,
            -0.13970351219177246094,
            -1.03279078006744384766,
            0.04730388522148132324,
            1.23066663742065429688,
            0.02897298149764537811,
            -1.52605426311492919922,
            -0.21760323643684387207,
            1.57099199295043945313,
            -0.26972061395645141602,
            -1.02491164207458496094,
            -0.12467511743307113647,
            1.09414029121398925781,
            -0.06957518309354782104,
            -0.90042525529861450195,
            -0.4035841524600982666,
            0.94447720050811767578,
            -0.38736778497695922852,
            -1.04201400279998779297,
            -0.12926650047302246094,
            1.09815990924835205078,
            -0.11332882940769195557,
            -0.77251654863357543945,
            -0.42242372035980224609,
            0.79220128059387207031,
            -0.41142955422401428223,
            -1.02512049674987792969,
            -0.13625362515449523926,
            1.07737946510314941406,
            -0.13277542591094970703,
            -0.53793132305145263672,
            -0.43436732888221740723,
            0.46387681365013122559,
            -0.43056792020797729492,
            -1.01640605926513671875,
            -0.12489897757768630981,
            1.05921316146850585938,
            -0.12849660217761993408,
            -0.50645315647125244141,
            -0.42466697096824645996,
            0.43831577897071838379,
            -0.43418082594871520996,
            -1.00642180442810058594,
            -0.11308749020099639893,
            1.07573688030242919922,
            -0.1251624375581741333,
            -0.51940464973449707031,
            -0.41354611515998840332,
            0.41538521647453308105,
            -0.44002258777618408203,
            -1.00942432880401611328,
            -0.11356451362371444702,
            1.05861556529998779297,
            -0.12669125199317932129,
            -0.53459447622299194336,
            -0.40852525830268859863,
            0.43255090713500976563,
            -0.43721398711204528809,
            -0.99433630704879760742,
            -0.1109029427170753479,
            1.05001544952392578125,
            -0.12763422727584838867,
            -0.50564712285995483398,
            -0.40482679009437561035,
            0.35992595553398132324,
            -0.44436720013618469238,
            -1.01617884635925292969,
            -0.10690382122993469238,
            1.04435789585113525391,
            -0.12196743488311767578,
            -0.53309452533721923828,
            -0.39370751380920410156,
            0.39125874638557434082,
            -0.43089544773101806641,
            -1.02017974853515625,
            -0.10681435465812683105,
            1.03979527950286865234,
            -0.12415099143981933594,
            -0.55419546365737915039,
            -0.39399737119674682617,
            0.36677780747413635254,
            -0.43493562936782836914,
            -1.02368569374084472656,
            -0.1105460822582244873,
            1.05580246448516845703,
            -0.12909458577632904053,
            -0.5409743189811706543,
            -0.40083831548690795898,
            0.38158559799194335938,
            -0.43611580133438110352
          ],
          "timeTags": [
            62.74380000308156724032,
            166.32449999824166297913,
            270.10750000551342964172,
            370.8392999991774559021,
            475.48420000076293945313,
            570.7738000042736530304,
            663.86850000172853469849,
            758.84910000115633010864,
            854.82080000266432762146,
            959.05620000511407852173,
            1057.03079999983310699463,
            1149.80990000441670417786,
            1261.429200001060962677,
            1350.3852000012993812561,
            1442.93250000104308128357,
            1542.3035000041127204895,
            1637.83660000190138816833,
            1735.87449999898672103882,
            1829.69119999930262565613,
            1926.17920000478625297546
          ],
          "info": [
            "FileName",
            "2020-06-30_15-13-39_8376d3d0-bad3-11ea-9f5b-8df294b31e94.mubu",
            "gui",
            "autobounds minmax, shape envelopebpf, interface multibpf, opacity 1, colormode rainbow, hidenotforemost 1"
          ]
        }
      ]
    }
  ]
}