{
  "format": "mubujson1",
  "numBuffers": 1,
  "numTracks": 1,
  "bufferNames": [
    "identifier:wholegroup 3"
  ],
  "bufferInfos": [
    [
      "label",
      "identifier:wholegroup"
    ]
  ],
  "tracks": [
    {
      "name": "posenet_normalized_selection",
      "mxCols": 8,
      "mxRows": 1,
      "hasVarRows": false,
      "hasTimeTags": true,
      "nonNumType": "none",
      "maxSize": 5000,
      "buffers": [
        {
          "maxSize": 5000,
          "size": 20,
          "sampleRate": 1000.0,
          "sampleOffset": 1936.91999999992549419403,
          "mxRows": 1,
          "mxCols": 8,
          "mxData": [
            -0.70727860927581787109,
            0.67349976301193237305,
            0.67385965585708618164,
            0.67373353242874145508,
            -0.64498174190521240234,
            1.02075672149658203125,
            0.62771260738372802734,
            1.00362992286682128906,
            -0.71366286277770996094,
            0.67185729742050170898,
            0.66026681661605834961,
            0.67697966098785400391,
            -0.65844440460205078125,
            1.02048134803771972656,
            0.61606544256210327148,
            1.01206791400909423828,
            -0.72342705726623535156,
            0.67384278774261474609,
            0.63840872049331665039,
            0.67222249507904052734,
            -0.67496651411056518555,
            1.02292513847351074219,
            0.60653549432754516602,
            1.00964570045471191406,
            -0.74405258893966674805,
            0.67993682622909545898,
            0.62793105840682983398,
            0.67589056491851806641,
            -0.69950103759765625,
            1.02667355537414550781,
            0.59275746345520019531,
            1.01134598255157470703,
            -0.74988341331481933594,
            0.6818173527717590332,
            0.6357682347297668457,
            0.67834764719009399414,
            -0.72471410036087036133,
            1.04401338100433349609,
            0.62443107366561889648,
            1.03010678291320800781,
            -0.87112390995025634766,
            0.63664358854293823242,
            0.7930367588996887207,
            0.60962182283401489258,
            -1.13255798816680908203,
            0.97077739238739013672,
            1.00864076614379882813,
            0.97254705429077148438,
            -1.02512586116790771484,
            0.61802434921264648438,
            0.94734114408493041992,
            0.60583436489105224609,
            -1.44749999046325683594,
            0.93132644891738891602,
            1.37120771408081054688,
            0.86355942487716674805,
            -1.34983384609222412109,
            0.4400819242000579834,
            1.23623633384704589844,
            0.42469298839569091797,
            -2.10720109939575195313,
            0.58999311923980712891,
            2.07010149955749511719,
            0.60241782665252685547,
            -1.23344385623931884766,
            0.29283934831619262695,
            1.24380743503570556641,
            0.28171554207801818848,
            -2.11764264106750488281,
            0.25043153762817382813,
            2.082599639892578125,
            0.23181672394275665283,
            -1.09332025051116943359,
            0.1260929107666015625,
            1.24092531204223632813,
            0.14471815526485443115,
            -1.86781179904937744141,
            -0.05672473832964897156,
            1.82547628879547119141,
            -0.08086023479700088501,
            -1.12474107742309570313,
            0.06171615049242973328,
            1.16980886459350585938,
            0.04544331133365631104,
            -1.70470249652862548828,
            -0.17939662933349609375,
            1.55719208717346191406,
            -0.22332446277141571045,
            -0.88777399063110351563,
            -0.12821656465530395508,
            1.08154618740081787109,
            -0.09302660822868347168,
            -0.78180867433547973633,
            -0.42306733131408691406,
            0.98690891265869140625,
            -0.41438281536102294922,
            -0.96708536148071289063,
            -0.13500081002712249756,
            1.094623565673828125,
            -0.1281754225492477417,
            -0.76275086402893066406,
            -0.43412834405899047852,
            1.00295388698577880859,
            -0.43228313326835632324,
            -0.99899882078170776367,
            -0.12921415269374847412,
            1.10995423793792724609,
            -0.15382885932922363281,
            -0.6202182769775390625,
            -0.46459424495697021484,
            0.7074343562126159668,
            -0.46984153985977172852,
            -0.97801405191421508789,
            -0.12488992512226104736,
            1.06520986557006835938,
            -0.147853851318359375,
            -0.52704370021820068359,
            -0.43587544560432434082,
            0.46578538417816162109,
            -0.46459409594535827637,
            -0.97213691473007202148,
            -0.13193145394325256348,
            1.04859209060668945313,
            -0.15184947848320007324,
            -0.51570236682891845703,
            -0.4341023564338684082,
            0.43047305941581726074,
            -0.46224588155746459961,
            -0.96049845218658447266,
            -0.12729640305042266846,
            1.02319300174713134766,
            -0.14560821652412414551,
            -0.51853400468826293945,
            -0.43065226078033447266,
            0.44281697273254394531,
            -0.45851075649261474609,
            -0.96326595544815063477,
            -0.12560044229030609131,
            1.02604877948760986328,
            -0.14720413088798522949,
            -0.50285589694976806641,
            -0.43152612447738647461,
            0.45631766319274902344,
            -0.45886635780334472656,
            -0.97960704565048217773,
            -0.11702916771173477173,
            1.02153909206390380859,
            -0.14336943626403808594,
            -0.52691447734832763672,
            -0.42492756247520446777,
            0.44373661279678344727,
            -0.45423448085784912109,
            -0.99311721324920654297,
            -0.11744437366724014282,
            1.01892530918121337891,
            -0.13927336037158966064,
            -0.50933682918548583984,
            -0.43176549673080444336,
            0.4551964104175567627,
            -0.45072507858276367188
          ],
          "timeTags": [
            32.16349999979138374329,
            129.49699999764561653137,
            221.85559999570250511169,
            320.55920000001788139343,
            425.71389999985694885254,
            525.61749999970197677612,
            621.49459999799728393555,
            725.32609999924898147583,
            827.23869999870657920837,
            930.88179999589920043945,
            1028.41000000014901161194,
            1128.35969999805092811584,
            1226.5379999987781047821,
            1319.07249999791383743286,
            1418.92339999973773956299,
            1509.74980000033974647522,
            1603.99699999764561653137,
            1704.42029999569058418274,
            1806.46400000154972076416,
            1908.18769999966025352478
          ],
          "info": [
            "FileName",
            "2020-06-30_15-13-39_8376d3d0-bad3-11ea-9f5b-8df294b31e94.mubu",
            "gui",
            "autobounds minmax, shape envelopebpf, interface multibpf, opacity 1, colormode rainbow, hidenotforemost 1"
          ]
        }
      ]
    }
  ]
}