{
  "format": "mubujson1",
  "numBuffers": 1,
  "numTracks": 1,
  "bufferNames": [
    "identifier:restofthegroup 4"
  ],
  "bufferInfos": [
    [
      "label",
      "identifier:restofthegroup"
    ]
  ],
  "tracks": [
    {
      "name": "posenet_normalized_selection",
      "mxCols": 8,
      "mxRows": 1,
      "hasVarRows": false,
      "hasTimeTags": true,
      "nonNumType": "none",
      "maxSize": 5000,
      "buffers": [
        {
          "maxSize": 5000,
          "size": 13,
          "sampleRate": 1000.0,
          "sampleOffset": 1937.52309999987483024597,
          "mxRows": 1,
          "mxCols": 8,
          "mxData": [
            -0.86031901836395263672,
            0.6683413386344909668,
            0.55115115642547607422,
            0.6742255091667175293,
            -0.79916363954544067383,
            1.04568243026733398438,
            0.62361067533493041992,
            1.03481638431549072266,
            -0.84601479768753051758,
            0.66321992874145507813,
            0.56294149160385131836,
            0.66504579782485961914,
            -0.8060563206672668457,
            1.03640687465667724609,
            0.63762003183364868164,
            1.01949274539947509766,
            -0.84456795454025268555,
            0.67000091075897216797,
            0.55818319320678710938,
            0.65636086463928222656,
            -0.79537230730056762695,
            1.04403388500213623047,
            0.66000044345855712891,
            1.01731073856353759766,
            -0.77324050664901733398,
            0.67493003606796264648,
            0.82002109289169311523,
            0.63170605897903442383,
            -0.71859532594680786133,
            1.04633378982543945313,
            1.12402236461639404297,
            0.98021358251571655273,
            -0.72198939323425292969,
            0.69995480775833129883,
            1.22826898097991943359,
            0.50423288345336914063,
            -0.65085214376449584961,
            1.04691159725189208984,
            1.95362126827239990234,
            0.67436355352401733398,
            -0.77227008342742919922,
            0.703105926513671875,
            1.27891957759857177734,
            0.24025805294513702393,
            -0.70268750190734863281,
            1.03881096839904785156,
            2.15442299842834472656,
            0.12639275193214416504,
            -0.74354559183120727539,
            0.67629820108413696289,
            1.23264873027801513672,
            0.09897691011428833008,
            -0.70440673828125,
            1.02472472190856933594,
            1.87468183040618896484,
            -0.19498486816883087158,
            -0.78750509023666381836,
            0.6792342066764831543,
            0.99290245771408081055,
            -0.07046486437320709229,
            -0.73061448335647583008,
            1.0416164398193359375,
            0.90321594476699829102,
            -0.41159841418266296387,
            -0.84088885784149169922,
            0.69171732664108276367,
            0.96708911657333374023,
            -0.10864177346229553223,
            -0.75881242752075195313,
            1.05955064296722412109,
            0.62144494056701660156,
            -0.43471166491508483887,
            -0.83074396848678588867,
            0.7047488093376159668,
            0.91526174545288085938,
            -0.10859197378158569336,
            -0.75080180168151855469,
            1.07184600830078125,
            0.4826291203498840332,
            -0.4084466397762298584,
            -0.8339341282844543457,
            0.698482513427734375,
            0.96156150102615356445,
            -0.10491632670164108276,
            -0.74970102310180664063,
            1.06519901752471923828,
            0.53764039278030395508,
            -0.40692946314811706543,
            -0.85585784912109375,
            0.70935082435607910156,
            0.97575592994689941406,
            -0.10498921573162078857,
            -0.77962034940719604492,
            1.07302153110504150391,
            0.54888582229614257813,
            -0.41255423426628112793,
            -0.84347969293594360352,
            0.70649051666259765625,
            0.98957669734954833984,
            -0.10364004224538803101,
            -0.77643531560897827148,
            1.07019495964050292969,
            0.55036145448684692383,
            -0.40998554229736328125
          ],
          "timeTags": [
            33.88450000062584877014,
            191.97769999876618385315,
            349.1643999982625246048,
            508.57250000163912773132,
            670.3746999986469745636,
            829.76219999976456165314,
            997.03229999914765357971,
            1153.75899999961256980896,
            1314.19409999996423721313,
            1472.97919999994337558746,
            1634.25980000011622905731,
            1790.62460000067949295044,
            1943.71519999951124191284
          ],
          "info": [
            "FileName",
            "2020-06-30_15-13-39_8376d3d0-bad3-11ea-9f5b-8df294b31e94.mubu",
            "gui",
            "autobounds minmax, shape envelopebpf, interface multibpf, opacity 1, colormode rainbow, hidenotforemost 1"
          ]
        }
      ]
    }
  ]
}