{
  "format": "mubujson1",
  "numBuffers": 1,
  "numTracks": 1,
  "bufferNames": [
    "identifier:birds 1"
  ],
  "bufferInfos": [
    [
      "label",
      "identifier:birds"
    ]
  ],
  "tracks": [
    {
      "name": "posenet_normalized_selection",
      "mxCols": 8,
      "mxRows": 1,
      "hasVarRows": false,
      "hasTimeTags": true,
      "nonNumType": "none",
      "maxSize": 5000,
      "buffers": [
        {
          "maxSize": 5000,
          "size": 23,
          "sampleRate": 1000.0,
          "sampleOffset": 1990.58079999871551990509,
          "mxRows": 1,
          "mxCols": 8,
          "mxData": [
            -0.78664195537567138672,
            0.68065232038497924805,
            0.59459948539733886719,
            0.68065792322158813477,
            -0.74182295799255371094,
            1.02197587490081787109,
            0.5731232762336730957,
            1.01346850395202636719,
            -0.76859295368194580078,
            0.68194228410720825195,
            0.61304754018783569336,
            0.68549126386642456055,
            -0.73005050420761108398,
            1.02299213409423828125,
            0.59122425317764282227,
            1.02553343772888183594,
            -0.75429224967956542969,
            0.64743268489837646484,
            0.58221977949142456055,
            0.68341279029846191406,
            -0.73804581165313720703,
            1.01252210140228271484,
            0.55840599536895751953,
            1.02174365520477294922,
            -0.77353149652481079102,
            0.67360401153564453125,
            0.60237240791320800781,
            0.68458914756774902344,
            -0.73405003547668457031,
            1.00802493095397949219,
            0.57185387611389160156,
            1.02454590797424316406,
            -0.81157773733139038086,
            0.67210870981216430664,
            0.57795047760009765625,
            0.6735108494758605957,
            -0.74777585268020629883,
            1.01260614395141601563,
            0.56069111824035644531,
            1.00879240036010742188,
            -0.82863754034042358398,
            0.67414903640747070313,
            0.62561631202697753906,
            0.65047979354858398438,
            -0.8015880584716796875,
            0.99798029661178588867,
            0.63500094413757324219,
            0.98041629791259765625,
            -0.89640676975250244141,
            0.65989214181900024414,
            0.70280689001083374023,
            0.64240568876266479492,
            -0.89773440361022949219,
            0.96500450372695922852,
            0.72312325239181518555,
            0.98659276962280273438,
            -1.09677362442016601563,
            0.55221629142761230469,
            1.08423793315887451172,
            0.555694580078125,
            -1.32658207416534423828,
            0.8397731781005859375,
            1.16227173805236816406,
            0.87041711807250976563,
            -1.27294301986694335938,
            0.4518394768238067627,
            1.09891152381896972656,
            0.48785409331321716309,
            -1.48804581165313720703,
            0.73668462038040161133,
            1.43387937545776367188,
            0.72913092374801635742,
            -1.29201650619506835938,
            0.33495312929153442383,
            1.21231675148010253906,
            0.33234861493110656738,
            -1.93251276016235351563,
            0.41227510571479797363,
            1.97622823715209960938,
            0.38431558012962341309,
            -1.29422986507415771484,
            0.33475738763809204102,
            1.15413630008697509766,
            0.34272104501724243164,
            -1.97121965885162353516,
            0.26522335410118103027,
            1.87125194072723388672,
            0.24445520341396331787,
            -1.32220947742462158203,
            0.39870184659957885742,
            1.15077388286590576172,
            0.3827286064624786377,
            -1.912139892578125,
            0.20331814885139465332,
            1.70469307899475097656,
            0.20950187742710113525,
            -1.28975903987884521484,
            0.47357204556465148926,
            1.02031111717224121094,
            0.5034376978874206543,
            -1.97099542617797851563,
            0.39994037151336669922,
            1.87139678001403808594,
            0.36995586752891540527,
            -1.11221492290496826172,
            0.55819094181060791016,
            0.88854753971099853516,
            0.56065821647644042969,
            -1.78158092498779296875,
            0.65016841888427734375,
            1.65001213550567626953,
            0.64315706491470336914,
            -1.08613991737365722656,
            0.61357390880584716797,
            0.90050923824310302734,
            0.59681236743927001953,
            -1.64420962333679199219,
            0.89531958103179931641,
            1.48269414901733398438,
            0.89191383123397827148,
            -0.95367020368576049805,
            0.61373150348663330078,
            0.76879888772964477539,
            0.58786928653717041016,
            -1.20070934295654296875,
            0.93820840120315551758,
            1.07362914085388183594,
            0.89727008342742919922,
            -1.10960054397583007813,
            0.57797545194625854492,
            0.96653568744659423828,
            0.5604903101921081543,
            -1.50441241264343261719,
            0.86539345979690551758,
            1.22825217247009277344,
            0.85637986660003662109,
            -1.31998491287231445313,
            0.49806725978851318359,
            1.04815733432769775391,
            0.5038579106330871582,
            -1.65400922298431396484,
            0.75147509574890136719,
            1.51946413516998291016,
            0.71466308832168579102,
            -1.38555765151977539063,
            0.36351475119590759277,
            1.16727280616760253906,
            0.33869293332099914551,
            -2.01637148857116699219,
            0.53371423482894897461,
            1.68821465969085693359,
            0.49648454785346984863,
            -1.34112918376922607422,
            0.30711138248443603516,
            1.161113739013671875,
            0.2896493375301361084,
            -1.97552597522735595703,
            0.34633851051330566406,
            1.88038516044616699219,
            0.31065636873245239258,
            -1.31805872917175292969,
            0.29686769843101501465,
            1.17885744571685791016,
            0.28693997859954833984,
            -1.98825609683990478516,
            0.20236729085445404053,
            1.81390631198883056641,
            0.17360936105251312256,
            -1.32882392406463623047,
            0.32348650693893432617,
            1.17498421669006347656,
            0.31960991024971008301,
            -1.98818683624267578125,
            0.17480139434337615967,
            1.78983986377716064453,
            0.13632540404796600342,
            -1.32892334461212158203,
            0.40214401483535766602,
            1.16883158683776855469,
            0.3780810236930847168,
            -2.01190733909606933594,
            0.2388594895601272583,
            1.73170948028564453125,
            0.25106677412986755371
          ],