{
  "format": "mubujson1",
  "numBuffers": 1,
  "numTracks": 1,
  "bufferNames": [
    "identifier:birds 4"
  ],
  "bufferInfos": [
    [
      "label",
      "identifier:birds"
    ]
  ],
  "tracks": [
    {
      "name": "posenet_normalized_selection",
      "mxCols": 8,
      "mxRows": 1,
      "hasVarRows": false,
      "hasTimeTags": true,
      "nonNumType": "none",
      "maxSize": 5000,
      "buffers": [
        {
          "maxSize": 5000,
          "size": 19,
          "sampleRate": 1000.0,
          "sampleOffset": 0.0,
          "mxRows": 1,
          "mxCols": 8,
          "mxData": [
            -0.78827196359634399414,
            0.6879050135612487793,
            0.58287358283996582031,
            0.7042433619499206543,
            -0.77404201030731201172,
            1.01459681987762451172,
            0.57179903984069824219,
            1.04156601428985595703,
            -0.77245301008224487305,
            0.70314383506774902344,
            0.57843637466430664063,
            0.694873809814453125,
            -0.75320208072662353516,
            1.04371166229248046875,
            0.56382673978805541992,
            1.03354334831237792969,
            -0.80260288715362548828,
            0.70890313386917114258,
            0.60683047771453857422,
            0.70371824502944946289,
            -0.77055847644805908203,
            1.05548095703125,
            0.61417442560195922852,
            1.05245530605316162109,
            -0.82983219623565673828,
            0.69868826866149902344,
            0.68698722124099731445,
            0.69947355985641479492,
            -0.82732158899307250977,
            1.05965697765350341797,
            0.71250021457672119141,
            1.07108259201049804688,
            -1.07305276393890380859,
            0.62502884864807128906,
            0.94593799114227294922,
            0.62547624111175537109,
            -1.30829191207885742188,
            0.96866744756698608398,
            1.2449855804443359375,
            0.94267135858535766602,
            -1.18834853172302246094,
            0.53225904703140258789,
            1.02980947494506835938,
            0.52990901470184326172,
            -1.60862016677856445313,
            0.80207419395446777344,
            1.71420598030090332031,
            0.72397452592849731445,
            -1.25140392780303955078,
            0.43601265549659729004,
            1.28431653976440429688,
            0.40405064821243286133,
            -1.98304104804992675781,
            0.48460763692855834961,
            2.14171671867370605469,
            0.32319650053977966309,
            -1.15752780437469482422,
            0.41415131092071533203,
            1.11400485038757324219,
            0.36881285905838012695,
            -1.84230864048004150391,
            0.31583735346794128418,
            1.7222919464111328125,
            0.21058286726474761963,
            -1.24177408218383789063,
            0.44089430570602416992,
            1.18835115432739257813,
            0.4346879422664642334,
            -1.907794952392578125,
            0.32517129182815551758,
            1.82212650775909423828,
            0.26440215110778808594,
            -1.17829549312591552734,
            0.48488122224807739258,
            1.07487225532531738281,
            0.48527795076370239258,
            -1.84847760200500488281,
            0.45446488261222839355,
            1.97065424919128417969,
            0.42875772714614868164,
            -1.01899480819702148438,
            0.58447849750518798828,
            0.94003272056579589844,
            0.59667992591857910156,
            -1.55102527141571044922,
            0.85206830501556396484,
            1.59942710399627685547,
            0.82043421268463134766,
            -1.05670559406280517578,
            0.61459404230117797852,
            0.9737561345100402832,
            0.59740692377090454102,
            -1.44741427898406982422,
            0.93714547157287597656,
            1.46270084381103515625,
            0.84947788715362548828,
            -1.16676044464111328125,
            0.53570544719696044922,
            1.01530802249908447266,
            0.55333781242370605469,
            -1.70773780345916748047,
            0.78224086761474609375,
            1.66991364955902099609,
            0.75409775972366333008,
            -1.16665923595428466797,
            0.48387610912322998047,
            1.0992183685302734375,
            0.5242506861686706543,
            -1.87361156940460205078,
            0.70559471845626831055,
            1.82798349857330322266,
            0.65175735950469970703,
            -1.15715479850769042969,
            0.40548881888389587402,
            1.16430246829986572266,
            0.36230096220970153809,
            -1.85399973392486572266,
            0.35305860638618469238,
            1.80002558231353759766,
            0.2584991157054901123,
            -1.11680006980895996094,
            0.3978080451488494873,
            1.09331810474395751953,
            0.36561354994773864746,
            -1.77375900745391845703,
            0.29520577192306518555,
            1.69506788253784179688,
            0.20874659717082977295,
            -1.21095800399780273438,
            0.44403514266014099121,
            1.0660953521728515625,
            0.44577950239181518555,
            -1.87258028984069824219,
            0.34437912702560424805,
            1.783451080322265625,
            0.30498790740966796875,
            -1.01942276954650878906,
            0.57138472795486450195,
            1.01293182373046875,
            0.56585925817489624023,
            -1.69337582588195800781,
            0.79901283979415893555,
            1.77426111698150634766,
            0.73353284597396850586,
            -1.0353717803955078125,
            0.61607515811920166016,
            0.98239076137542724609,
            0.60005158185958862305,
            -1.45447230339050292969,
            0.91508179903030395508,
            1.55828428268432617188,
            0.87297207117080688477
          ],
          "timeTags": [
            63.55870000272989273071,
            159.43039999902248382568,
            266.88619999960064888,
            362.46820000559091567993,
            462.03100000321865081787,
            567.88850000128149986267,
            665.39829999953508377075,
            770.42009999975562095642,
            869.3300000019371509552,
            972.26340000331401824951,
            1075.60100000351667404175,
            1176.42400000244379043579,
            1287.40630000084638595581,
            1394.7331000007688999176,
            1496.90259999781847000122,
            1604.44909999892115592957,
            1711.7952999994158744812,
            1825.91110000386834144592,
            1931.58280000463128089905
          ],
          "info": [
            "gui",
            "autobounds minmax, shape envelopebpf, interface multibpf, opacity 1, colormode rainbow, hidenotforemost 1"
          ]
        }
      ]
    }
  ]
}