{
  "format": "mubujson1",
  "numBuffers": 1,
  "numTracks": 1,
  "bufferNames": [
    "identifier:wholegroup 1"
  ],
  "bufferInfos": [
    [
      "label",
      "identifier:wholegroup"
    ]
  ],
  "tracks": [
    {
      "name": "posenet_normalized_selection",
      "mxCols": 8,
      "mxRows": 1,
      "hasVarRows": false,
      "hasTimeTags": true,
      "nonNumType": "none",
      "maxSize": 5000,
      "buffers": [
        {
          "maxSize": 5000,
          "size": 21,
          "sampleRate": 1000.0,
          "sampleOffset": 0.0,
          "mxRows": 1,
          "mxCols": 8,
          "mxData": [
            -0.69237273931503295898,
            0.68491166830062866211,
            0.67779171466827392578,
            0.67676180601119995117,
            -0.6637490391731262207,
            1.03882944583892822266,
            0.64790493249893188477,
            1.05796575546264648438,
            -0.69612210988998413086,
            0.68671375513076782227,
            0.68723410367965698242,
            0.67561733722686767578,
            -0.66814672946929931641,
            1.03722178936004638672,
            0.66395086050033569336,
            1.05565083026885986328,
            -0.69440704584121704102,
            0.68166202306747436523,
            0.70790177583694458008,
            0.66087061166763305664,
            -0.70063126087188720703,
            1.03233671188354492188,
            0.71064466238021850586,
            1.02686953544616699219,
            -0.78327500820159912109,
            0.64710366725921630859,
            0.78695595264434814453,
            0.62518531084060668945,
            -1.02388453483581542969,
            0.98475402593612670898,
            0.95275509357452392578,
            0.99195140600204467773,
            -0.99098664522171020508,
            0.58194804191589355469,
            1.05931782722473144531,
            0.59506660699844360352,
            -1.50732755661010742188,
            0.87737321853637695313,
            1.50938439369201660156,
            0.88738387823104858398,
            -1.29883468151092529297,
            0.44904661178588867188,
            1.27737438678741455078,
            0.46971628069877624512,
            -2.02805805206298828125,
            0.6277205348014831543,
            2.04581093788146972656,
            0.65871834754943847656,
            -1.24167430400848388672,
            0.27730143070220947266,
            1.37208771705627441406,
            0.30743125081062316895,
            -2.125621795654296875,
            0.23923984169960021973,
            2.2327976226806640625,
            0.34481889009475708008,
            -1.10281586647033691406,
            0.11935178935527801514,
            1.20178651809692382813,
            0.1702442169189453125,
            -1.86286067962646484375,
            -0.08300000429153442383,
            1.92864310741424560547,
            -0.02651209384202957153,
            -1.09883213043212890625,
            -0.00700029358267784119,
            1.29763662815093994141,
            0.00354274665005505085,
            -1.56412959098815917969,
            -0.32310718297958374023,
            1.66471827030181884766,
            -0.29215931892395019531,
            -0.99323582649230957031,
            -0.05898037925362586975,
            1.12298452854156494141,
            -0.04715904965996742249,
            -1.12370753288269042969,
            -0.43780460953712463379,
            1.32624769210815429688,
            -0.36701717972755432129,
            -1.06734907627105712891,
            -0.09642568230628967285,
            1.24095952510833740234,
            -0.09173530340194702148,
            -0.99638473987579345703,
            -0.45624867081642150879,
            1.22691488265991210938,
            -0.44231945276260375977,
            -1.03240513801574707031,
            -0.1416998058557510376,
            1.09254360198974609375,
            -0.11604604125022888184,
            -0.80493444204330444336,
            -0.46876090764999389648,
            0.95229762792587280273,
            -0.43648311495780944824,
            -0.94959354400634765625,
            -0.140397682785987854,
            1.02147078514099121094,
            -0.13657575845718383789,
            -0.64607769250869750977,
            -0.46770599484443664551,
            0.73387688398361206055,
            -0.44425162672996520996,
            -0.93068712949752807617,
            -0.13132992386817932129,
            0.97682088613510131836,
            -0.13484367728233337402,
            -0.61242580413818359375,
            -0.45860487222671508789,
            0.68894398212432861328,
            -0.43933126330375671387,
            -0.97243595123291015625,
            -0.13246105611324310303,
            1.00139033794403076172,
            -0.13217741250991821289,
            -0.62351435422897338867,
            -0.46389147639274597168,
            0.68833845853805541992,
            -0.43864038586616516113,
            -0.95060199499130249023,
            -0.13264034688472747803,
            1.00941944122314453125,
            -0.13283477723598480225,
            -0.59034305810928344727,
            -0.4689916074275970459,
            0.68059539794921875,
            -0.44833156466484069824,
            -0.96638333797454833984,
            -0.13335271179676055908,
            1.00156259536743164063,
            -0.13630081713199615479,
            -0.59704983234405517578,
            -0.4670785069465637207,
            0.69416648149490356445,
            -0.43810108304023742676,
            -0.96979844570159912109,
            -0.12717576324939727783,
            0.99599736928939819336,
            -0.12789863348007202148,
            -0.60549086332321166992,
            -0.45782220363616943359,
            0.6640523076057434082,
            -0.43392726778984069824,
            -0.98612833023071289063,
            -0.12859015166759490967,
            1.00267076492309570313,
            -0.1267480999231338501,
            -0.60939013957977294922,
            -0.4663550257682800293,
            0.65752923488616943359,
            -0.4471073150634765625,
            -0.98791939020156860352,
            -0.13209022581577301025,
            1.00064861774444580078,
            -0.13166403770446777344,
            -0.61071127653121948242,
            -0.4706274867057800293,
            0.63900113105773925781,
            -0.45317023992538452148,
            -0.99780714511871337891,
            -0.13399535417556762695,
            1.01947164535522460938,
            -0.13363923132419586182,
            -0.62431025505065917969,
            -0.47290503978729248047,
            0.67784011363983154297,
            -0.45035102963447570801
          ],
          "timeTags": [
            56.82149999961256980896,
            161.60639999806880950928,
            267.2254999987781047821,
            365.84779999405145645142,
            459.29079999774694442749,
            562.51579999551177024841,
            662.68760000169277191162,
            764.57729999721050262451,
            853.79679999500513076782,
            947.41229999437928199768,
            1040.05349999666213989258,
            1136.9477999955415725708,
            1228.31899999827146530151,
            1319.84699999913573265076,
            1409.76809999719262123108,
            1504.44469999894499778748,
            1594.48519999906420707703,
            1693.06349999457597732544,
            1787.01049999520182609558,
            1884.42799999937415122986,
            1980.64800000190734863281
          ],
          "info": [
            "FileName",
            "2020-06-30_15-13-39_8376d3d0-bad3-11ea-9f5b-8df294b31e94.mubu",
            "gui",
            "autobounds minmax, shape envelopebpf, interface multibpf, opacity 1, colormode rainbow, hidenotforemost 1"
          ]
        }
      ]
    }
  ]
}