{
  "format": "mubujson1",
  "numBuffers": 1,
  "numTracks": 1,
  "bufferNames": [
    "identifier:birds 2"
  ],
  "bufferInfos": [
    [
      "label",
      "identifier:birds"
    ]
  ],
  "tracks": [
    {
      "name": "posenet_normalized_selection",
      "mxCols": 8,
      "mxRows": 1,
      "hasVarRows": false,
      "hasTimeTags": true,
      "nonNumType": "none",
      "maxSize": 5000,
      "buffers": [
        {
          "maxSize": 5000,
          "size": 24,
          "sampleRate": 1000.0,
          "sampleOffset": 1990.58079999871551990509,
          "mxRows": 1,
          "mxCols": 8,
          "mxData": [
            -0.78613936901092529297,
            0.70001178979873657227,
            0.59053057432174682617,
            0.66855138540267944336,
            -0.7662722468376159668,
            1.03181910514831542969,
            0.58684861660003662109,
            1.01502907276153564453,
            -0.79413020610809326172,
            0.69329047203063964844,
            0.59221696853637695313,
            0.66573643684387207031,
            -0.77711385488510131836,
            1.02216255664825439453,
            0.58669358491897583008,
            1.00453519821166992188,
            -0.77849942445755004883,
            0.67493623495101928711,
            0.58416789770126342773,
            0.66905927658081054688,
            -0.73293000459671020508,
            1.04156935214996337891,
            0.58121538162231445313,
            1.00847613811492919922,
            -0.78688037395477294922,
            0.68002235889434814453,
            0.57823175191879272461,
            0.67424452304840087891,
            -0.75517517328262329102,
            1.03144896030426025391,
            0.57358992099761962891,
            1.01672458648681640625,
            -0.80083888769149780273,
            0.69716888666152954102,
            0.58384144306182861328,
            0.6637681126594543457,
            -0.77054762840270996094,
            1.02906465530395507813,
            0.58448922634124755859,
            1.00157177448272705078,
            -0.87401276826858520508,
            0.69047731161117553711,
            0.65677094459533691406,
            0.63603305816650390625,
            -0.86738681793212890625,
            1.01974904537200927734,
            0.70416176319122314453,
            0.96987062692642211914,
            -1.03046619892120361328,
            0.63549345731735229492,
            0.91248852014541625977,
            0.60437405109405517578,
            -1.11454069614410400391,
            0.96370464563369750977,
            0.99323433637619018555,
            0.92893904447555541992,
            -1.14047873020172119141,
            0.55712229013442993164,
            1.06102883815765380859,
            0.52983677387237548828,
            -1.35080182552337646484,
            0.8705603480339050293,
            1.3591289520263671875,
            0.85275298357009887695,
            -1.33068895339965820313,
            0.38747718930244445801,
            1.20716691017150878906,
            0.36635950207710266113,
            -1.93670284748077392578,
            0.59402585029602050781,
            1.81433916091918945313,
            0.50926119089126586914,
            -1.30600762367248535156,
            0.34574559330940246582,
            1.20084309577941894531,
            0.33123835921287536621,
            -2.00732135772705078125,
            0.4469508826732635498,
            1.90507602691650390625,
            0.33435997366905212402,
            -1.29385125637054443359,
            0.33872628211975097656,
            1.18107616901397705078,
            0.31703430414199829102,
            -1.96444904804229736328,
            0.27419716119766235352,
            1.78267037868499755859,
            0.19045899808406829834,
            -1.32988655567169189453,
            0.32768902182579040527,
            1.15497505664825439453,
            0.32071331143379211426,
            -1.91829228401184082031,
            0.17426669597625732422,
            1.71800172328948974609,
            0.14009450376033782959,
            -1.36156117916107177734,
            0.37195864319801330566,
            1.17633283138275146484,
            0.37408629059791564941,
            -1.94773471355438232422,
            0.2211233973503112793,
            1.72555863857269287109,
            0.22893188893795013428,
            -1.28798842430114746094,
            0.45860341191291809082,
            0.98217499256134033203,
            0.48516392707824707031,
            -1.91906261444091796875,
            0.42973271012306213379,
            1.81592714786529541016,
            0.45553174614906311035,
            -1.17612802982330322266,
            0.50208747386932373047,
            0.95656228065490722656,
            0.51273548603057861328,
            -1.83071410655975341797,
            0.64863765239715576172,
            1.68193030357360839844,
            0.68189793825149536133,
            -1.11761367321014404297,
            0.56760549545288085938,
            0.92991489171981811523,
            0.54165667295455932617,
            -1.4815082550048828125,
            0.8426685333251953125,
            1.44676923751831054688,
            0.83730655908584594727,
            -1.19660747051239013672,
            0.55996876955032348633,
            1.04423022270202636719,
            0.52146446704864501953,
            -1.57091295719146728516,
            0.84870839118957519531,
            1.55830812454223632813,
            0.80723863840103149414,
            -1.3742828369140625,
            0.4833659827709197998,
            1.13898098468780517578,
            0.47865745425224304199,
            -1.71528398990631103516,
            0.73500764369964599609,
            1.64529657363891601563,
            0.69841629266738891602,
            -1.33512198925018310547,
            0.35570734739303588867,
            1.18143773078918457031,
            0.32447853684425354004,
            -1.94087934494018554688,
            0.53747552633285522461,
            1.66203892230987548828,
            0.48856073617935180664,
            -1.36708295345306396484,
            0.30049023032188415527,
            1.16453981399536132813,
            0.29235997796058654785,
            -1.99654948711395263672,
            0.36404958367347717285,
            1.80669569969177246094,
            0.31908425688743591309,
            -1.3152866363525390625,
            0.27315226197242736816,
            1.08114254474639892578,
            0.27637872099876403809,
            -2.00226378440856933594,
            0.19586388766765594482,
            1.60264158248901367188,
            0.16966143250465393066,
            -1.38120114803314208984,
            0.29461970925331115723,
            1.12772870063781738281,
            0.29596361517906188965,
            -2.07525944709777832031,
            0.17021173238754272461,
            1.73464262485504150391,
            0.12605459988117218018,
            -1.34526336193084716797,
            0.40046271681785583496,
            1.14963459968566894531,
            0.3878796696662902832,
            -2.0159473419189453125,
            0.27104136347770690918,
            1.72019851207733154297,
            0.2651462256908416748,
            -1.28380477428436279297,
            0.45356738567352294922,
            1.034107208251953125,
            0.48365199565887451172,
            -1.96329379081726074219,
            0.43273043632507324219,
            1.84506261348724365234,
            0.39270645380020141602
          ],