{
  "format": "mubujson1",
  "numBuffers": 1,
  "numTracks": 1,
  "bufferNames": [
    "identifer:birds 2"
  ],
  "bufferInfos": [
    [
      "label",
      "identifer:birds"
    ]
  ],
  "tracks": [
    {
      "name": "posenet_normalized_selection",
      "mxCols": 8,
      "mxRows": 1,
      "hasVarRows": false,
      "hasTimeTags": true,
      "nonNumType": "none",
      "maxSize": 5000,
      "buffers": [
        {
          "maxSize": 5000,
          "size": 20,
          "sampleRate": 1000.0,
          "sampleOffset": 0.0,
          "mxRows": 1,
          "mxCols": 8,
          "mxData": [
            -0.73430484533309936523,
            0.68027889728546142578,
            0.62594431638717651367,
            0.68042278289794921875,
            -0.72879880666732788086,
            1.02101624011993408203,
            0.60718226432800292969,
            1.05692422389984130859,
            -0.74502950906753540039,
            0.69447171688079833984,
            0.63451302051544189453,
            0.69233924150466918945,
            -0.71928399801254272461,
            1.04364657402038574219,
            0.60035681724548339844,
            1.06757211685180664063,
            -0.73336166143417358398,
            0.6809380650520324707,
            0.62274533510208129883,
            0.67895025014877319336,
            -0.72127705812454223633,
            1.02591991424560546875,
            0.59673941135406494141,
            1.05449998378753662109,
            -0.74595284461975097656,
            0.6891129612922668457,
            0.63307744264602661133,
            0.68602102994918823242,
            -0.71498268842697143555,
            1.03402614593505859375,
            0.59980946779251098633,
            1.05277335643768310547,
            -0.79277670383453369141,
            0.68811327219009399414,
            0.70858657360076904297,
            0.66357898712158203125,
            -0.78816407918930053711,
            1.04223561286926269531,
            0.74655103683471679688,
            1.054058074951171875,
            -0.85128349065780639648,
            0.65613269805908203125,
            0.81338763236999511719,
            0.629268646240234375,
            -0.89033460617065429688,
            1.02951967716217041016,
            0.91378390789031982422,
            0.95631748437881469727,
            -1.14813792705535888672,
            0.47085580229759216309,
            1.11074805259704589844,
            0.47233840823173522949,
            -1.37749743461608886719,
            0.74062007665634155273,
            1.56977081298828125,
            0.67680072784423828125,
            -1.10724461078643798828,
            0.41247236728668212891,
            1.11207628250122070313,
            0.39940607547760009766,
            -1.44437420368194580078,
            0.66209024190902709961,
            1.58384788036346435547,
            0.57744961977005004883,
            -1.06743025779724121094,
            0.28354349732398986816,
            1.19038546085357666016,
            0.29766058921813964844,
            -1.78701019287109375,
            0.22922298312187194824,
            1.83521950244903564453,
            0.21271878480911254883,
            -1.0904102325439453125,
            0.26992458105087280273,
            1.15326368808746337891,
            0.2745094001293182373,
            -1.77353978157043457031,
            0.1319478452205657959,
            1.78408086299896240234,
            0.13572275638580322266,
            -1.22732055187225341797,
            0.35026341676712036133,
            1.15529417991638183594,
            0.36419022083282470703,
            -1.89705288410186767578,
            0.20455114543437957764,
            1.86243188381195068359,
            0.28105917572975158691,
            -1.25502157211303710938,
            0.38568976521492004395,
            1.10516512393951416016,
            0.43063530325889587402,
            -1.89895594120025634766,
            0.27547797560691833496,
            2.03586268424987792969,
            0.36956331133842468262,
            -1.01030766963958740234,
            0.51026821136474609375,
            0.97918212413787841797,
            0.54315215349197387695,
            -1.70415496826171875,
            0.7396596074104309082,
            1.68708050251007080078,
            0.7888209223747253418,
            -0.99351751804351806641,
            0.5194683074951171875,
            1.01440393924713134766,
            0.5369694828987121582,
            -1.63658440113067626953,
            0.76552736759185791016,
            1.56641125679016113281,
            0.78318542242050170898,
            -1.08817064762115478516,
            0.44160276651382446289,
            1.11991333961486816406,
            0.48111048340797424316,
            -1.80002415180206298828,
            0.59315091371536254883,
            1.75138235092163085938,
            0.62417227029800415039,
            -1.18246364593505859375,
            0.37970682978630065918,
            1.22089302539825439453,
            0.38082030415534973145,
            -1.87037587165832519531,
            0.48138976097106933594,
            1.87649714946746826172,
            0.46723395586013793945,
            -1.14255070686340332031,
            0.26403748989105224609,
            1.17352557182312011719,
            0.28677886724472045898,
            -1.85385715961456298828,
            0.22354611754417419434,
            1.81535935401916503906,
            0.23003560304641723633,
            -1.11250448226928710938,
            0.26465567946434020996,
            1.13325190544128417969,
            0.2662932276725769043,
            -1.78400015830993652344,
            0.09972920268774032593,
            1.78823196887969970703,
            0.11998352408409118652,
            -1.2127895355224609375,
            0.31474503874778747559,
            1.17499184608459472656,
            0.32377040386199951172,
            -1.88874530792236328125,
            0.16430266201496124268,
            1.82875621318817138672,
            0.1895679086446762085,
            -1.07059693336486816406,
            0.43424883484840393066,
            1.03902566432952880859,
            0.45655873417854309082,
            -1.80534100532531738281,
            0.5092779994010925293,
            1.95610916614532470703,
            0.50667196512222290039
          ],
          "timeTags": [
            9.24080000026151537895,
            106.62690000003203749657,
            206.19980000052601099014,
            305.27540000062435865402,
            414.71110000042244791985,
            520.40800000075250864029,
            624.30110000027343630791,
            724.72970000049099326134,
            824.30210000043734908104,
            934.19490000046789646149,
            1034.56070000026375055313,
            1140.66310000000521540642,
            1244.86640000017359852791,
            1343.89590000035241246223,
            1448.24210000038146972656,
            1555.58460000017657876015,
            1654.21240000007674098015,
            1753.63340000016614794731,
            1856.34900000086054205894,
            1958.04890000028535723686
          ],
          "info": [
            "gui",
            "autobounds minmax, shape envelopebpf, interface multibpf, opacity 1, colormode rainbow, hidenotforemost 1"
          ]
        }
      ]
    }
  ]
}