{
  "format": "mubujson1",
  "numBuffers": 1,
  "numTracks": 1,
  "bufferNames": [
    "identifier:wholegroup 1"
  ],
  "bufferInfos": [
    [
      "label",
      "identifier:wholegroup"
    ]
  ],
  "tracks": [
    {
      "name": "posenet_normalized_selection",
      "mxCols": 8,
      "mxRows": 1,
      "hasVarRows": false,
      "hasTimeTags": true,
      "nonNumType": "none",
      "maxSize": 5000,
      "buffers": [
        {
          "maxSize": 5000,
          "size": 12,
          "sampleRate": 1000.0,
          "sampleOffset": 1937.52309999987483024597,
          "mxRows": 1,
          "mxCols": 8,
          "mxData": [
            -0.85413163900375366211,
            0.66910827159881591797,
            0.55019748210906982422,
            0.67944431304931640625,
            -0.82919859886169433594,
            1.03226983547210693359,
            0.63635373115539550781,
            1.04214513301849365234,
            -0.83838182687759399414,
            0.66435766220092773438,
            0.57160013914108276367,
            0.67069470882415771484,
            -0.80085164308547973633,
            1.02923893928527832031,
            0.6544291377067565918,
            1.03657412528991699219,
            -0.90665102005004882813,
            0.63201642036437988281,
            0.75629585981369018555,
            0.63140767812728881836,
            -1.15422046184539794922,
            0.96906524896621704102,
            1.09950566291809082031,
            0.96999049186706542969,
            -1.13567399978637695313,
            0.54148232936859130859,
            1.24306285381317138672,
            0.51744669675827026367,
            -1.85476279258728027344,
            0.82402855157852172852,
            2.04731702804565429688,
            0.75892633199691772461,
            -1.26774001121520996094,
            0.30387175083160400391,
            1.32241237163543701172,
            0.21351972222328186035,
            -2.21361374855041503906,
            0.27471762895584106445,
            2.20468473434448242188,
            0.09868445247411727905,
            -1.14545893669128417969,
            0.10936260223388671875,
            1.07746970653533935547,
            0.04136981070041656494,
            -1.74802529811859130859,
            -0.11156836897134780884,
            1.52060282230377197266,
            -0.27073335647583007813,
            -1.01709902286529541016,
            -0.02884330041706562042,
            0.94289594888687133789,
            -0.08261676132678985596,
            -1.07828819751739501953,
            -0.35561928153038024902,
            0.88125777244567871094,
            -0.44104811549186706543,
            -0.97006386518478393555,
            -0.10624664276838302612,
            0.87742710113525390625,
            -0.14508613944053649902,
            -0.80863684415817260742,
            -0.43752744793891906738,
            0.54834723472595214844,
            -0.48771637678146362305,
            -0.98851639032363891602,
            -0.10727488994598388672,
            0.90974372625350952148,
            -0.15081848204135894775,
            -0.68672186136245727539,
            -0.45274680852890014648,
            0.48233652114868164063,
            -0.47521698474884033203,
            -0.96960318088531494141,
            -0.08688248693943023682,
            0.89880579710006713867,
            -0.15424658358097076416,
            -0.65374523401260375977,
            -0.42844420671463012695,
            0.43453577160835266113,
            -0.47424551844596862793,
            -0.99705994129180908203,
            -0.09534300863742828369,
            0.86501127481460571289,
            -0.12050352245569229126,
            -0.66835123300552368164,
            -0.43095123767852783203,
            0.4569441378116607666,
            -0.46062934398651123047,
            -0.98650318384170532227,
            -0.09053367376327514648,
            0.92606252431869506836,
            -0.14604032039642333984,
            -0.66788512468338012695,
            -0.43411201238632202148,
            0.51075083017349243164,
            -0.4691626429557800293
          ],
          "timeTags": [
            132.74139999784529209137,
            293.47009999677538871765,
            464.20629999786615371704,
            618.769499998539686203,
            779.73389999940991401672,
            940.77129999920725822449,
            1099.71649999730288982391,
            1263.85319999977946281433,
            1427.48609999753534793854,
            1583.51049999706447124481,
            1746.10199999809265136719,
            1907.86559999920427799225
          ],
          "info": [
            "FileName",
            "2020-06-30_15-13-39_8376d3d0-bad3-11ea-9f5b-8df294b31e94.mubu",
            "gui",
            "autobounds minmax, shape envelopebpf, interface multibpf, opacity 1, colormode rainbow, hidenotforemost 1"
          ]
        }
      ]
    }
  ]
}