{
  "format": "mubujson1",
  "numBuffers": 1,
  "numTracks": 1,
  "bufferNames": [
    "identifier:wholegroup 3"
  ],
  "bufferInfos": [
    [
      "label",
      "identifier:wholegroup"
    ]
  ],
  "tracks": [
    {
      "name": "posenet_normalized_selection",
      "mxCols": 8,
      "mxRows": 1,
      "hasVarRows": false,
      "hasTimeTags": true,
      "nonNumType": "none",
      "maxSize": 5000,
      "buffers": [
        {
          "maxSize": 5000,
          "size": 17,
          "sampleRate": 1000.0,
          "sampleOffset": 1937.52309999987483024597,
          "mxRows": 1,
          "mxCols": 8,
          "mxData": [
            -0.79526281356811523438,
            0.68725490570068359375,
            0.58783763647079467773,
            0.66068977117538452148,
            -0.75825703144073486328,
            1.05520892143249511719,
            0.6347808837890625,
            1.01849877834320068359,
            -0.80311936140060424805,
            0.69722235202789306641,
            0.59263336658477783203,
            0.67923939228057861328,
            -0.76558095216751098633,
            1.068328857421875,
            0.63044899702072143555,
            1.04249477386474609375,
            -0.78107619285583496094,
            0.6938756108283996582,
            0.58304244279861450195,
            0.67232996225357055664,
            -0.73871070146560668945,
            1.06156980991363525391,
            0.63193660974502563477,
            1.03159189224243164063,
            -0.78699457645416259766,
            0.69444948434829711914,
            0.57182872295379638672,
            0.67783880233764648438,
            -0.75601339340209960938,
            1.06490910053253173828,
            0.63873744010925292969,
            1.04238164424896240234,
            -0.80050832033157348633,
            0.67075151205062866211,
            0.71091920137405395508,
            0.65906101465225219727,
            -0.96911662817001342773,
            1.02370512485504150391,
            0.93840938806533813477,
            1.01069927215576171875,
            -0.89972722530364990234,
            0.65782606601715087891,
            0.87287735939025878906,
            0.65677255392074584961,
            -1.22950339317321777344,
            1.00324892997741699219,
            1.17658519744873046875,
            1.01319575309753417969,
            -1.1318645477294921875,
            0.54044485092163085938,
            1.15555334091186523438,
            0.52010327577590942383,
            -1.74690937995910644531,
            0.74194395542144775391,
            1.92430996894836425781,
            0.70370244979858398438,
            -1.20893383026123046875,
            0.33389613032341003418,
            1.17320573329925537109,
            0.27273201942443847656,
            -1.96597170829772949219,
            0.33412927389144897461,
            1.943637847900390625,
            0.19842007756233215332,
            -1.26549661159515380859,
            0.19042401015758514404,
            1.12211835384368896484,
            0.17049613595008850098,
            -1.94113755226135253906,
            0.08094854652881622314,
            1.79205441474914550781,
            -0.01522819884121417999,
            -1.03977596759796142578,
            -0.05222953110933303833,
            0.94804871082305908203,
            -0.04089349880814552307,
            -1.29113042354583740234,
            -0.38408544659614562988,
            1.17479741573333740234,
            -0.38421541452407836914,
            -1.094989776611328125,
            -0.10043758898973464966,
            0.98739373683929443359,
            -0.12217292189598083496,
            -1.11524593830108642578,
            -0.46513897180557250977,
            0.97768205404281616211,
            -0.51231122016906738281,
            -0.97375583648681640625,
            -0.14004151523113250732,
            0.87144923210144042969,
            -0.21769830584526062012,
            -0.70617598295211791992,
            -0.47438371181488037109,
            0.46359881758689880371,
            -0.50438457727432250977,
            -1.03078579902648925781,
            -0.1229055747389793396,
            0.7801482081413269043,
            -0.21233141422271728516,
            -0.58318090438842773438,
            -0.46528384089469909668,
            0.16348321735858917236,
            -0.51202213764190673828,
            -0.97909998893737792969,
            -0.11494153738021850586,
            0.72862130403518676758,
            -0.19676774740219116211,
            -0.58690512180328369141,
            -0.46278434991836547852,
            0.10099451988935470581,
            -0.52191555500030517578,
            -0.97048389911651611328,
            -0.11613725870847702026,
            0.79627215862274169922,
            -0.20289266109466552734,
            -0.60163021087646484375,
            -0.46268236637115478516,
            0.13886338472366333008,
            -0.53137391805648803711,
            -0.92359358072280883789,
            -0.11537555605173110962,
            0.82200020551681518555,
            -0.17093971371650695801,
            -0.53596657514572143555,
            -0.45364195108413696289,
            0.23509493470191955566,
            -0.5217342376708984375,
            -0.9855588078498840332,
            -0.09960243105888366699,
            0.78792059421539306641,
            -0.15400753915309906006,
            -0.611270904541015625,
            -0.42830002307891845703,
            0.20036141574382781982,
            -0.49762615561485290527
          ],
          "timeTags": [
            36.82660000026226043701,
            156.85040000081062316895,
            277.39820000156760215759,
            400.29620000161230564117,
            518.60320000164210796356,
            635.98139999993145465851,
            756.35060000233352184296,
            870.1795000024139881134,
            991.35699999891221523285,
            1109.83469999954104423523,
            1231.89740000106394290924,
            1349.57510000094771385193,
            1470.05390000157058238983,
            1588.53220000118017196655,
            1697.14020000211894512177,
            1813.35090000182390213013,
            1937.69480000250041484833
          ],
          "info": [
            "FileName",
            "2020-06-30_15-13-39_8376d3d0-bad3-11ea-9f5b-8df294b31e94.mubu",
            "gui",
            "autobounds minmax, shape envelopebpf, interface multibpf, opacity 1, colormode rainbow, hidenotforemost 1"
          ]
        }
      ]
    }
  ]
}