{
  "format": "mubujson1",
  "numBuffers": 1,
  "numTracks": 1,
  "bufferNames": [
    "identifier:restofthegroup 2"
  ],
  "bufferInfos": [
    [
      "label",
      "identifier:restofthegroup"
    ]
  ],
  "tracks": [
    {
      "name": "posenet_normalized_selection",
      "mxCols": 8,
      "mxRows": 1,
      "hasVarRows": false,
      "hasTimeTags": true,
      "nonNumType": "none",
      "maxSize": 5000,
      "buffers": [
        {
          "maxSize": 5000,
          "size": 19,
          "sampleRate": 1000.0,
          "sampleOffset": 0.0,
          "mxRows": 1,
          "mxCols": 8,
          "mxData": [
            -0.68110686540603637695,
            0.69212639331817626953,
            0.69589924812316894531,
            0.67495548725128173828,
            -0.66315549612045288086,
            1.04613006114959716797,
            0.68190431594848632813,
            1.04544007778167724609,
            -0.68081182241439819336,
            0.69409781694412231445,
            0.70602697134017944336,
            0.67291301488876342773,
            -0.66811293363571166992,
            1.04685926437377929688,
            0.69142949581146240234,
            1.04328310489654541016,
            -0.67305755615234375,
            0.69277042150497436523,
            0.70842051506042480469,
            0.67310899496078491211,
            -0.66352880001068115234,
            1.04463899135589599609,
            0.68868720531463623047,
            1.04487144947052001953,
            -0.6786301732063293457,
            0.68486928939819335938,
            0.68367499113082885742,
            0.66632497310638427734,
            -0.65691810846328735352,
            1.03261089324951171875,
            0.67838561534881591797,
            1.03456652164459228516,
            -0.68618172407150268555,
            0.69097143411636352539,
            0.69665569067001342773,
            0.66956806182861328125,
            -0.66454482078552246094,
            1.03935003280639648438,
            0.67552733421325683594,
            1.04043972492218017578,
            -0.73144239187240600586,
            0.67465704679489135742,
            0.69199693202972412109,
            0.67094641923904418945,
            -0.81822347640991210938,
            1.01832544803619384766,
            0.67863833904266357422,
            1.04065918922424316406,
            -0.91850304603576660156,
            0.62185049057006835938,
            0.70497316122055053711,
            0.66463732719421386719,
            -1.26216983795166015625,
            0.95183712244033813477,
            0.62901109457015991211,
            1.05689072608947753906,
            -1.25015711784362792969,
            0.50910449028015136719,
            0.70539867877960205078,
            0.65523314476013183594,
            -2.06058168411254882813,
            0.66323769092559814453,
            0.65381097793579101563,
            1.046600341796875,
            -1.41320025920867919922,
            0.43807634711265563965,
            0.71811288595199584961,
            0.67505156993865966797,
            -2.20663928985595703125,
            0.47030746936798095703,
            0.65257221460342407227,
            1.07082998752593994141,
            -1.12516796588897705078,
            0.15310521423816680908,
            0.70214176177978515625,
            0.70060211420059204102,
            -2.02700018882751464844,
            -0.03661284968256950378,
            0.64347535371780395508,
            1.0781764984130859375,
            -1.07291722297668457031,
            0.04139613732695579529,
            0.70307433605194091797,
            0.66533207893371582031,
            -1.53376257419586181641,
            -0.21628910303115844727,
            0.67923867702484130859,
            1.02876436710357666016,
            -1.01765930652618408203,
            -0.00414969678968191147,
            0.73709982633590698242,
            0.68005639314651489258,
            -1.35815322399139404297,
            -0.31566923856735229492,
            0.71354693174362182617,
            1.05131804943084716797,
            -0.89585506916046142578,
            -0.10903327912092208862,
            0.79902440309524536133,
            0.66874146461486816406,
            -0.7229868769645690918,
            -0.41081035137176513672,
            0.75316923856735229492,
            1.05281674861907958984,
            -0.88653421401977539063,
            -0.10758690536022186279,
            0.78787130117416381836,
            0.66920167207717895508,
            -0.5285237431526184082,
            -0.41736492514610290527,
            0.74683386087417602539,
            1.06406092643737792969,
            -0.89063584804534912109,
            -0.10400867462158203125,
            0.80576109886169433594,
            0.66503655910491943359,
            -0.43353766202926635742,
            -0.40463459491729736328,
            0.75670146942138671875,
            1.05667293071746826172,
            -0.87214076519012451172,
            -0.10923822224140167236,
            0.7837035059928894043,
            0.66185104846954345703,
            -0.41239657998085021973,
            -0.41435039043426513672,
            0.73160719871520996094,
            1.05227029323577880859,
            -0.86316919326782226563,
            -0.10845734924077987671,
            0.80035799741744995117,
            0.6697527766227722168,
            -0.39964893460273742676,
            -0.41833060979843139648,
            0.76000016927719116211,
            1.06263577938079833984,
            -0.88970369100570678711,
            -0.10461521893739700317,
            0.78502494096755981445,
            0.66781854629516601563,
            -0.43852308392524719238,
            -0.4052969515323638916,
            0.73807704448699951172,
            1.05833780765533447266,
            -0.90543800592422485352,
            -0.09945739805698394775,
            0.79439514875411987305,
            0.66752016544342041016,
            -0.4790770411491394043,
            -0.40523481369018554688,
            0.75006884336471557617,
            1.05913376808166503906
          ],
          "timeTags": [
            85.17400000244379043579,
            187.13879999890923500061,
            288.51799999922513961792,
            389.21539999917149543762,
            494.01290000230073928833,
            601.58049999922513961792,
            701.66550000011920928955,
            803.78170000016689300537,
            902.82879999652504920959,
            1013.78829999640583992004,
            1116.14850000292062759399,
            1231.36319999769330024719,
            1326.09790000319480895996,
            1420.93409999832510948181,
            1507.08950000256299972534,
            1609.82710000127553939819,
            1704.76940000429749488831,
            1796.78400000184774398804,
            1904.53940000012516975403
          ],
          "info": [
            "FileName",
            "2020-06-30_15-13-39_8376d3d0-bad3-11ea-9f5b-8df294b31e94.mubu",
            "gui",
            "autobounds minmax, shape envelopebpf, interface multibpf, opacity 1, colormode rainbow, hidenotforemost 1"
          ]
        }
      ]
    }
  ]
}