{
  "format": "mubujson1",
  "numBuffers": 1,
  "numTracks": 1,
  "bufferNames": [
    "identifier:singers 2"
  ],
  "bufferInfos": [
    [
      "label",
      "identifier:singers"
    ]
  ],
  "tracks": [
    {
      "name": "posenet_normalized_selection",
      "mxCols": 8,
      "mxRows": 1,
      "hasVarRows": false,
      "hasTimeTags": true,
      "nonNumType": "none",
      "maxSize": 5000,
      "buffers": [
        {
          "maxSize": 5000,
          "size": 23,
          "sampleRate": 1000.0,
          "sampleOffset": 1990.58079999871551990509,
          "mxRows": 1,
          "mxCols": 8,
          "mxData": [
            -0.76290553808212280273,
            0.65129220485687255859,
            0.57249855995178222656,
            0.65330255031585693359,
            -0.69464290142059326172,
            1.02544534206390380859,
            0.52609813213348388672,
            0.99707293510437011719,
            -0.75849813222885131836,
            0.65311694145202636719,
            0.57594978809356689453,
            0.66111415624618530273,
            -0.69090288877487182617,
            1.02867543697357177734,
            0.52431797981262207031,
            1.00855803489685058594,
            -0.75963497161865234375,
            0.65045851469039916992,
            0.58243322372436523438,
            0.66523772478103637695,
            -0.68643850088119506836,
            1.02054262161254882813,
            0.51816153526306152344,
            1.01018190383911132813,
            -0.75706940889358520508,
            0.64619934558868408203,
            0.61817169189453125,
            0.65641272068023681641,
            -0.68535035848617553711,
            1.01621961593627929688,
            0.49160155653953552246,
            0.96922630071640014648,
            -0.77261584997177124023,
            0.65041005611419677734,
            0.62849861383438110352,
            0.64341586828231811523,
            -0.7141087651252746582,
            1.01482725143432617188,
            0.52915245294570922852,
            0.9298909306526184082,
            -0.75556933879852294922,
            0.67327970266342163086,
            0.62003159523010253906,
            0.70412111282348632813,
            -0.69028061628341674805,
            1.03583455085754394531,
            0.22947017848491668701,
            0.7075513005256652832,
            -0.76290333271026611328,
            0.67930698394775390625,
            0.6075808405876159668,
            0.68031018972396850586,
            -0.70663177967071533203,
            1.04201352596282958984,
            0.29944247007369995117,
            0.5812511444091796875,
            -0.80192935466766357422,
            0.65847629308700561523,
            0.47310245037078857422,
            0.64012289047241210938,
            -0.78970223665237426758,
            1.01847231388092041016,
            0.10659678280353546143,
            0.33205267786979675293,
            -0.80515152215957641602,
            0.66061395406723022461,
            0.36066839098930358887,
            0.61619246006011962891,
            -0.8117625117301940918,
            1.03073275089263916016,
            0.05496991798281669617,
            0.27460995316505432129,
            -0.82255834341049194336,
            0.66120898723602294922,
            0.38014864921569824219,
            0.62000668048858642578,
            -0.82984638214111328125,
            1.02853739261627197266,
            0.06378979235887527466,
            0.29760780930519104004,
            -0.80383896827697753906,
            0.6502450108528137207,
            0.38073527812957763672,
            0.63464027643203735352,
            -0.81747633218765258789,
            1.01340651512145996094,
            0.07784073799848556519,
            0.33330529928207397461,
            -0.83217275142669677734,
            0.67653793096542358398,
            0.42758211493492126465,
            0.65478503704071044922,
            -0.84002828598022460938,
            1.04095280170440673828,
            0.37245929241180419922,
            0.58953124284744262695,
            -0.78030449151992797852,
            0.66868156194686889648,
            0.46704360842704772949,
            0.60637688636779785156,
            -0.80008029937744140625,
            1.03087878227233886719,
            0.41903769969940185547,
            0.74215137958526611328,
            -0.76246052980422973633,
            0.67995673418045043945,
            0.50192999839782714844,
            0.59980738162994384766,
            -0.7704098820686340332,
            1.03317213058471679688,
            0.44976505637168884277,
            0.75074422359466552734,
            -0.784366607666015625,
            0.66250604391098022461,
            0.47626805305480957031,
            0.59485518932342529297,
            -0.79516679048538208008,
            1.01882636547088623047,
            0.43784171342849731445,
            0.72756475210189819336,
            -0.78608816862106323242,
            0.68205380439758300781,
            0.45984449982643127441,
            0.63146382570266723633,
            -0.81873923540115356445,
            1.04318070411682128906,
            0.42821115255355834961,
            0.73505377769470214844,
            -0.79300743341445922852,
            0.6787846684455871582,
            0.4642403721809387207,
            0.61793446540832519531,
            -0.82960581779479980469,
            1.03932702541351318359,
            0.42755550146102905273,
            0.70895636081695556641,
            -0.79617899656295776367,
            0.67954671382904052734,
            0.44399619102478027344,
            0.64534348249435424805,
            -0.81902706623077392578,
            1.03797674179077148438,
            0.41397848725318908691,
            0.71861195564270019531,
            -0.78807091712951660156,
            0.67259567975997924805,
            0.44376951456069946289,
            0.64036870002746582031,
            -0.81840151548385620117,
            1.02903962135314941406,
            0.38751173019409179688,
            0.71944779157638549805,
            -0.80118894577026367188,
            0.68499034643173217773,
            0.4371369481086730957,
            0.65451633930206298828,
            -0.81890904903411865234,
            1.03915619850158691406,
            0.40595614910125732422,
            0.72016495466232299805,
            -0.76812767982482910156,
            0.68373847007751464844,
            0.45057860016822814941,
            0.65204846858978271484,
            -0.80176305770874023438,
            1.04334414005279541016,
            0.4184704124927520752,
            0.72097390890121459961,
            -0.79867887496948242188,
            0.67784887552261352539,
            0.43665263056755065918,
            0.64744246006011962891,
            -0.80937188863754272461,
            1.03446269035339355469,
            0.39075073599815368652,
            0.70871901512145996094,
            -0.76539564132690429688,
            0.67737352848052978516,
            0.44958865642547607422,
            0.63551443815231323242,
            -0.80172926187515258789,
            1.03277885913848876953,
            0.40165770053863525391,
            0.69733786582946777344
          ],