{
  "format": "mubujson1",
  "numBuffers": 1,
  "numTracks": 1,
  "bufferNames": [
    "identifier:singers 3"
  ],
  "bufferInfos": [
    [
      "label",
      "identifier:singers"
    ]
  ],
  "tracks": [
    {
      "name": "posenet_normalized_selection",
      "mxCols": 8,
      "mxRows": 1,
      "hasVarRows": false,
      "hasTimeTags": true,
      "nonNumType": "none",
      "maxSize": 5000,
      "buffers": [
        {
          "maxSize": 5000,
          "size": 23,
          "sampleRate": 1000.0,
          "sampleOffset": 0.0,
          "mxRows": 1,
          "mxCols": 8,
          "mxData": [
            -0.76315057277679443359,
            0.67400568723678588867,
            0.56598252058029174805,
            0.69792133569717407227,
            -0.74488151073455810547,
            1.03355109691619873047,
            0.51068603992462158203,
            1.03599274158477783203,
            -0.75441843271255493164,
            0.68284881114959716797,
            0.5824177861213684082,
            0.69483512639999389648,
            -0.74262863397598266602,
            1.04536318778991699219,
            0.52135980129241943359,
            1.04010593891143798828,
            -0.76743614673614501953,
            0.68969947099685668945,
            0.59031832218170166016,
            0.70295202732086181641,
            -0.74631452560424804688,
            1.05653214454650878906,
            0.52495980262756347656,
            1.04657959938049316406,
            -0.73776680231094360352,
            0.68280595541000366211,
            0.60519909858703613281,
            0.70211249589920043945,
            -0.72453004121780395508,
            1.04371929168701171875,
            0.55181783437728881836,
            1.05093777179718017578,
            -0.75275248289108276367,
            0.68553626537322998047,
            0.58704560995101928711,
            0.70903831720352172852,
            -0.73779159784317016602,
            1.05165779590606689453,
            0.5575936436653137207,
            1.04773962497711181641,
            -0.75384557247161865234,
            0.668186187744140625,
            0.59134393930435180664,
            0.68682450056076049805,
            -0.73246741294860839844,
            1.02626144886016845703,
            0.5603084564208984375,
            1.02121686935424804688,
            -0.79315894842147827148,
            0.67166602611541748047,
            0.56756901741027832031,
            0.63826882839202880859,
            -0.77424979209899902344,
            1.03725373744964599609,
            0.46719875931739807129,
            0.80133163928985595703,
            -0.87885445356369018555,
            0.67706316709518432617,
            0.57529586553573608398,
            0.70068603754043579102,
            -0.85885775089263916016,
            1.04381430149078369141,
            0.2983004152774810791,
            0.52370548248291015625,
            -0.90604895353317260742,
            0.70261967182159423828,
            0.52635103464126586914,
            0.71750986576080322266,
            -0.87906104326248168945,
            1.08762240409851074219,
            0.18149358034133911133,
            0.42813286185264587402,
            -0.99171048402786254883,
            0.69753503799438476563,
            0.39540794491767883301,
            0.66630381345748901367,
            -0.98192566633224487305,
            1.07086098194122314453,
            0.05481294170022010803,
            0.29615062475204467773,
            -1.01456022262573242188,
            0.72112286090850830078,
            0.40460008382797241211,
            0.68107420206069946289,
            -1.01284635066986083984,
            1.10858511924743652344,
            0.06678532063961029053,
            0.30247694253921508789,
            -0.98304462432861328125,
            0.72024142742156982422,
            0.38627696037292480469,
            0.71654564142227172852,
            -0.98600155115127563477,
            1.10604763031005859375,
            0.21455831825733184814,
            0.47231367230415344238,
            -1.01172232627868652344,
            0.70727944374084472656,
            0.4201189875602722168,
            0.69795149564743041992,
            -0.98855328559875488281,
            1.08910012245178222656,
            0.32382398843765258789,
            0.58688730001449584961,
            -0.94642430543899536133,
            0.70574426651000976563,
            0.461261749267578125,
            0.64275008440017700195,
            -0.94517821073532104492,
            1.08160507678985595703,
            0.4280732274055480957,
            0.64111977815628051758,
            -0.85620921850204467773,
            0.68807077407836914063,
            0.49807518720626831055,
            0.66826403141021728516,
            -0.86219263076782226563,
            1.06033778190612792969,
            0.49543362855911254883,
            0.64470601081848144531,
            -0.86552351713180541992,
            0.70169907808303833008,
            0.51157993078231811523,
            0.67751765251159667969,
            -0.85616308450698852539,
            1.07757449150085449219,
            0.50228852033615112305,
            0.62956345081329345703,
            -0.83491998910903930664,
            0.69521462917327880859,
            0.50415021181106567383,
            0.67001092433929443359,
            -0.84074699878692626953,
            1.06796753406524658203,
            0.48869952559471130371,
            0.63076686859130859375,
            -0.82216060161590576172,
            0.69218266010284423828,
            0.53294050693511962891,
            0.67305254936218261719,
            -0.82182562351226806641,
            1.06541454792022705078,
            0.51325023174285888672,
            0.61915749311447143555,
            -0.81588840484619140625,
            0.70368230342864990234,
            0.52323472499847412109,
            0.67443120479583740234,
            -0.826206207275390625,
            1.0831470489501953125,
            0.50397139787673950195,
            0.62778192758560180664,
            -0.84272980690002441406,
            0.6944853663444519043,
            0.50768059492111206055,
            0.66787195205688476563,
            -0.84255540370941162109,
            1.07237994670867919922,
            0.48780623078346252441,
            0.62780511379241943359,
            -0.81627267599105834961,
            0.6917960047721862793,
            0.53243094682693481445,
            0.65435212850570678711,
            -0.82007575035095214844,
            1.06266391277313232422,
            0.51387548446655273438,
            0.61730372905731201172,
            -0.84205847978591918945,
            0.69994300603866577148,
            0.53367668390274047852,
            0.6637401580810546875,
            -0.85072207450866699219,
            1.07318675518035888672,
            0.51275008916854858398,
            0.62489199638366699219,
            -0.84381181001663208008,
            0.69853627681732177734,
            0.51472967863082885742,
            0.66327047348022460938,
            -0.85107630491256713867,
            1.07087111473083496094,
            0.49958768486976623535,
            0.63396972417831420898
          ],