{
  "format": "mubujson1",
  "numBuffers": 1,
  "numTracks": 1,
  "bufferNames": [
    "identifier:birds 4"
  ],
  "bufferInfos": [
    [
      "label",
      "identifier:birds"
    ]
  ],
  "tracks": [
    {
      "name": "posenet_normalized_selection",
      "mxCols": 8,
      "mxRows": 1,
      "hasVarRows": false,
      "hasTimeTags": true,
      "nonNumType": "none",
      "maxSize": 5000,
      "buffers": [
        {
          "maxSize": 5000,
          "size": 24,
          "sampleRate": 1000.0,
          "sampleOffset": 0.0,
          "mxRows": 1,
          "mxCols": 8,
          "mxData": [
            -0.81942641735076904297,
            0.66857850551605224609,
            0.54696136713027954102,
            0.65569949150085449219,
            -0.76053822040557861328,
            0.99582028388977050781,
            0.54607534408569335938,
            0.99286383390426635742,
            -0.79087883234024047852,
            0.6525490880012512207,
            0.56496942043304443359,
            0.66398680210113525391,
            -0.74420785903930664063,
            1.0012664794921875,
            0.55630069971084594727,
            0.99569857120513916016,
            -0.76795268058776855469,
            0.65143615007400512695,
            0.57959765195846557617,
            0.66647136211395263672,
            -0.73325300216674804688,
            1.01791465282440185547,
            0.57131820917129516602,
            0.99496281147003173828,
            -0.7769730687141418457,
            0.64530950784683227539,
            0.57484906911849975586,
            0.63281786441802978516,
            -0.7410113215446472168,
            1.01407647132873535156,
            0.6415684819221496582,
            0.93761110305786132813,
            -0.84233689308166503906,
            0.67104285955429077148,
            0.62021058797836303711,
            0.64930748939514160156,
            -0.79958719015121459961,
            1.00878989696502685547,
            0.68144178390502929688,
            0.97766548395156860352,
            -1.03262841701507568359,
            0.60397517681121826172,
            0.8781909942626953125,
            0.58509486913681030273,
            -1.14011430740356445313,
            0.90611529350280761719,
            1.01481640338897705078,
            0.8761393427848815918,
            -1.15088748931884765625,
            0.55024677515029907227,
            1.01004254817962646484,
            0.53836154937744140625,
            -1.46131670475006103516,
            0.83170258998870849609,
            1.3732891082763671875,
            0.77562570571899414063,
            -1.35695827007293701172,
            0.40436917543411254883,
            1.09762060642242431641,
            0.35336413979530334473,
            -1.95249128341674804688,
            0.56643533706665039063,
            1.70245993137359619141,
            0.47159454226493835449,
            -1.31556987762451171875,
            0.33260971307754516602,
            1.15369081497192382813,
            0.29902577400207519531,
            -1.97419095039367675781,
            0.40134054422378540039,
            1.86552226543426513672,
            0.30322289466857910156,
            -1.30936396121978759766,
            0.29881876707077026367,
            1.110187530517578125,
            0.27902555465698242188,
            -1.96977579593658447266,
            0.21174566447734832764,
            1.75067234039306640625,
            0.13285844027996063232,
            -1.26257550716400146484,
            0.31944176554679870605,
            1.11597216129302978516,
            0.32458087801933288574,
            -1.86277139186859130859,
            0.16259920597076416016,
            1.63719153404235839844,
            0.16148152947425842285,
            -1.31059384346008300781,
            0.37696340680122375488,
            1.07323098182678222656,
            0.38575780391693115234,
            -1.91614544391632080078,
            0.23472392559051513672,
            1.61554706096649169922,
            0.2700201869010925293,
            -1.24092781543731689453,
            0.42297816276550292969,
            0.90292364358901977539,
            0.4676488041877746582,
            -1.89626514911651611328,
            0.36920690536499023438,
            1.66426289081573486328,
            0.39692413806915283203,
            -1.26525282859802246094,
            0.50573563575744628906,
            0.92575049400329589844,
            0.52702105045318603516,
            -1.92057096958160400391,
            0.58949130773544311523,
            1.65845894813537597656,
            0.61447662115097045898,
            -1.13389992713928222656,
            0.55718767642974853516,
            0.87943661212921142578,
            0.56445062160491943359,
            -1.60108590126037597656,
            0.82260048389434814453,
            1.34229338169097900391,
            0.83651834726333618164,
            -1.20226705074310302734,
            0.52513372898101806641,
            0.92160904407501220703,
            0.53156447410583496094,
            -1.69788467884063720703,
            0.78841197490692138672,
            1.41331470012664794922,
            0.79137557744979858398,
            -1.26510405540466308594,
            0.5337759852409362793,
            1.04840314388275146484,
            0.52548718452453613281,
            -1.83034598827362060547,
            0.76858085393905639648,
            1.65895104408264160156,
            0.7548656463623046875,
            -1.433437347412109375,
            0.40481024980545043945,
            1.06854259967803955078,
            0.42563009262084960938,
            -2.08878684043884277344,
            0.54067653417587280273,
            1.76803934574127197266,
            0.54875791072845458984,
            -1.36120378971099853516,
            0.30692562460899353027,
            1.17972421646118164063,
            0.32104927301406860352,
            -2.0035247802734375,
            0.35915464162826538086,
            1.89910209178924560547,
            0.37270867824554443359,
            -1.36043965816497802734,
            0.21281650662422180176,
            1.13990950584411621094,
            0.24551811814308166504,
            -2.07143998146057128906,
            0.1079532429575920105,
            1.84716534614562988281,
            0.10444553941488265991,
            -1.32212042808532714844,
            0.24563361704349517822,
            1.15143251419067382813,
            0.2598591148853302002,
            -1.90533554553985595703,
            0.06507734954357147217,
            1.76981115341186523438,
            0.09619525820016860962,
            -1.33411002159118652344,
            0.32831543684005737305,
            1.19648003578186035156,
            0.35886755585670471191,
            -1.87332367897033691406,
            0.15774548053741455078,
            1.68585312366485595703,
            0.19997064769268035889,
            -1.27597224712371826172,
            0.41627794504165649414,
            1.07052683830261230469,
            0.44530129432678222656,
            -1.92632699012756347656,
            0.3270130455493927002,
            1.78810060024261474609,
            0.35637298226356506348,
            -1.10760760307312011719,
            0.53410303592681884766,
            0.92878383398056030273,
            0.52915370464324951172,
            -1.78058707714080810547,
            0.72580689191818237305,
            1.64095318317413330078,
            0.7065175175666809082
          ],