{
  "format": "mubujson1",
  "numBuffers": 1,
  "numTracks": 1,
  "bufferNames": [
    "identifier:birds 2"
  ],
  "bufferInfos": [
    [
      "label",
      "identifier:birds"
    ]
  ],
  "tracks": [
    {
      "name": "posenet_normalized_selection",
      "mxCols": 8,
      "mxRows": 1,
      "hasVarRows": false,
      "hasTimeTags": true,
      "nonNumType": "none",
      "maxSize": 5000,
      "buffers": [
        {
          "maxSize": 5000,
          "size": 19,
          "sampleRate": 1000.0,
          "sampleOffset": 0.0,
          "mxRows": 1,
          "mxCols": 8,
          "mxData": [
            -0.7626463770866394043,
            0.69931066036224365234,
            0.58798384666442871094,
            0.69476568698883056641,
            -0.7166512608528137207,
            1.01980483531951904297,
            0.56883692741394042969,
            1.04087579250335693359,
            -0.75326675176620483398,
            0.70779556035995483398,
            0.60413289070129394531,
            0.69787257909774780273,
            -0.70894974470138549805,
            1.02462112903594970703,
            0.59243822097778320313,
            1.04817652702331542969,
            -0.74557441473007202148,
            0.71396285295486450195,
            0.61014121770858764648,
            0.69353014230728149414,
            -0.68449723720550537109,
            1.03261828422546386719,
            0.5831146240234375,
            1.04493284225463867188,
            -0.78641313314437866211,
            0.70990329980850219727,
            0.70309126377105712891,
            0.69339525699615478516,
            -0.74680244922637939453,
            1.04755365848541259766,
            0.67782551050186157227,
            1.04049038887023925781,
            -0.96737462282180786133,
            0.64468866586685180664,
            0.91168576478958129883,
            0.6124483942985534668,
            -1.10088193416595458984,
            0.93528407812118530273,
            1.04474532604217529297,
            0.97054111957550048828,
            -1.17975020408630371094,
            0.50937962532043457031,
            1.05893635749816894531,
            0.51554691791534423828,
            -1.56641852855682373047,
            0.81387978792190551758,
            1.65782225131988525391,
            0.76174527406692504883,
            -1.28101074695587158203,
            0.36535334587097167969,
            1.34990406036376953125,
            0.33919623494148254395,
            -2.00825977325439453125,
            0.44805735349655151367,
            2.20628690719604492188,
            0.33684316277503967285,
            -1.20889270305633544922,
            0.32285925745964050293,
            1.21410012245178222656,
            0.29559823870658874512,
            -1.85547304153442382813,
            0.29228284955024719238,
            1.87001335620880126953,
            0.20266361534595489502,
            -1.14431345462799072266,
            0.36754140257835388184,
            1.14485025405883789063,
            0.33802324533462524414,
            -1.78590810298919677734,
            0.24669766426086425781,
            1.77791309356689453125,
            0.22428156435489654541,
            -1.11345839500427246094,
            0.47528547048568725586,
            1.05068802833557128906,
            0.48514500260353088379,
            -1.86911821365356445313,
            0.57399743795394897461,
            1.96837663650512695313,
            0.59911692142486572266,
            -1.08047556877136230469,
            0.54981529712677001953,
            0.95296865701675415039,
            0.5603796839714050293,
            -1.64099931716918945313,
            0.78768914937973022461,
            1.63190150260925292969,
            0.76839858293533325195,
            -1.06640148162841796875,
            0.60116076469421386719,
            0.87940829992294311523,
            0.58215892314910888672,
            -1.47631061077117919922,
            0.9196898341178894043,
            1.35827589035034179688,
            0.84316253662109375,
            -1.25794970989227294922,
            0.56441074609756469727,
            0.97979950904846191406,
            0.55530846118927001953,
            -1.7888507843017578125,
            0.846897125244140625,
            1.53312599658966064453,
            0.78307318687438964844,
            -1.28004527091979980469,
            0.40920880436897277832,
            1.25783371925354003906,
            0.41079705953598022461,
            -2.09332132339477539063,
            0.53078573942184448242,
            2.04789710044860839844,
            0.50218331813812255859,
            -1.34123539924621582031,
            0.31288102269172668457,
            1.10913968086242675781,
            0.28428909182548522949,
            -2.0919857025146484375,
            0.23717325925827026367,
            1.83272087574005126953,
            0.2116489112377166748,
            -1.25396561622619628906,
            0.30665004253387451172,
            1.08551621437072753906,
            0.29126861691474914551,
            -1.90958249568939208984,
            0.18336941301822662354,
            1.76114833354949951172,
            0.15036004781723022461,
            -1.20917713642120361328,
            0.40402430295944213867,
            1.13613009452819824219,
            0.4112542271614074707,
            -1.94091713428497314453,
            0.31788340210914611816,
            1.8271884918212890625,
            0.30191197991371154785,
            -1.21264743804931640625,
            0.46436893939971923828,
            1.07020258903503417969,
            0.48028424382209777832,
            -1.9090518951416015625,
            0.50296789407730102539,
            1.99014508724212646484,
            0.47447857260704040527,
            -1.03585386276245117188,
            0.58926832675933837891,
            0.91211938858032226563,
            0.58710575103759765625,
            -1.55512917041778564453,
            0.85952347517013549805,
            1.55009627342224121094,
            0.82289844751358032227
          ],
          "timeTags": [
            64.12409999966621398926,
            172.13169999793171882629,
            272.87570000067353248596,
            387.65659999847412109375,
            500.69099999591708183289,
            603.92379999905824661255,
            708.93800000101327896118,
            821.92969999834895133972,
            929.00889999791979789734,
            1040.05110000073909759521,
            1159.18059999868273735046,
            1270.46990000084042549133,
            1393.16349999979138374329,
            1500.42449999973177909851,
            1602.20899999886751174927,
            1703.92170000076293945313,
            1805.84679999947547912598,
            1907.32609999924898147583,
            2014.07640000060200691223
          ],
          "info": [
            "gui",
            "autobounds minmax, shape envelopebpf, interface multibpf, opacity 1, colormode rainbow, hidenotforemost 1"
          ]
        }
      ]
    }
  ]
}