{
  "format": "mubujson1",
  "numBuffers": 1,
  "numTracks": 1,
  "bufferNames": [
    "identifier:numerics 3"
  ],
  "bufferInfos": [
    [
      "label",
      "identifier:numerics"
    ]
  ],
  "tracks": [
    {
      "name": "posenet_normalized_selection",
      "mxCols": 8,
      "mxRows": 1,
      "hasVarRows": false,
      "hasTimeTags": true,
      "nonNumType": "none",
      "maxSize": 5000,
      "buffers": [
        {
          "maxSize": 5000,
          "size": 24,
          "sampleRate": 1000.0,
          "sampleOffset": 1990.58079999871551990509,
          "mxRows": 1,
          "mxCols": 8,
          "mxData": [
            -0.78395575284957885742,
            0.67490935325622558594,
            0.59476613998413085938,
            0.66235393285751342773,
            -0.74021166563034057617,
            1.02910733222961425781,
            0.54563772678375244141,
            0.99115383625030517578,
            -0.80514711141586303711,
            0.67550837993621826172,
            0.57190096378326416016,
            0.65877121686935424805,
            -0.76425725221633911133,
            1.02685296535491943359,
            0.52395492792129516602,
            0.98140102624893188477,
            -0.80182218551635742188,
            0.68423753976821899414,
            0.58441603183746337891,
            0.67066025733947753906,
            -0.76221561431884765625,
            1.04755055904388427734,
            0.51442998647689819336,
            0.99976187944412231445,
            -0.77619856595993041992,
            0.68093460798263549805,
            0.58736276626586914063,
            0.66778397560119628906,
            -0.74033635854721069336,
            1.0339202880859375,
            0.52701073884963989258,
            0.9946454167366027832,
            -0.77641481161117553711,
            0.6688143610954284668,
            0.59185951948165893555,
            0.66154903173446655273,
            -0.73941183090209960938,
            1.02171742916107177734,
            0.54536145925521850586,
            0.98507660627365112305,
            -0.77646833658218383789,
            0.66774141788482666016,
            0.63732057809829711914,
            0.68493372201919555664,
            -0.73431336879730224609,
            1.02675533294677734375,
            0.6405709385871887207,
            1.03396499156951904297,
            -0.80121159553527832031,
            0.6443614959716796875,
            0.63134759664535522461,
            0.66489350795745849609,
            -0.76730459928512573242,
            0.9889615178108215332,
            0.6571858525276184082,
            0.99233609437942504883,
            -0.87435346841812133789,
            0.63660413026809692383,
            0.70485228300094604492,
            0.63419735431671142578,
            -0.87095159292221069336,
            0.98090845346450805664,
            0.79579824209213256836,
            0.96187245845794677734,
            -0.88123148679733276367,
            0.62444889545440673828,
            0.86363130807876586914,
            0.59955960512161254883,
            -0.89652144908905029297,
            0.92292493581771850586,
            0.90262192487716674805,
            0.86642533540725708008,
            -0.85374230146408081055,
            0.53590375185012817383,
            1.03068566322326660156,
            0.55712789297103881836,
            -0.9516620635986328125,
            0.64094746112823486328,
            0.81968802213668823242,
            0.66543352603912353516,
            -0.80813544988632202148,
            0.66045033931732177734,
            1.02962744235992431641,
            0.48966377973556518555,
            -0.75421386957168579102,
            0.50380980968475341797,
            0.58654731512069702148,
            0.38479939103126525879,
            -0.75183540582656860352,
            0.61569857597351074219,
            0.97388374805450439453,
            0.46966025233268737793,
            -0.69792038202285766602,
            0.38321387767791748047,
            0.57009148597717285156,
            0.34207910299301147461,
            -0.85078001022338867188,
            0.59769076108932495117,
            1.03145921230316162109,
            0.38661482930183410645,
            -0.58985459804534912109,
            0.27430498600006103516,
            0.44587427377700805664,
            0.19529235363006591797,
            -0.72665095329284667969,
            0.5971927642822265625,
            0.84110015630722045898,
            0.37542447447776794434,
            -0.32410085201263427734,
            0.25186964869499206543,
            0.35264128446578979492,
            0.13572871685028076172,
            -0.87213081121444702148,
            0.60206520557403564453,
            1.08977377414703369141,
            0.38191327452659606934,
            -0.39469626545906066895,
            0.2359930574893951416,
            0.45006790757179260254,
            0.11363655328750610352,
            -0.94539535045623779297,
            0.60813289880752563477,
            1.11549544334411621094,
            0.37616518139839172363,
            -0.42977866530418395996,
            0.23722599446773529053,
            0.4392992556095123291,
            0.11010276526212692261,
            -0.8282216191291809082,
            0.60712134838104248047,
            0.94261354207992553711,
            0.38095766305923461914,
            -0.37468644976615905762,
            0.24359148740768432617,
            0.36109936237335205078,
            0.12999714910984039307,
            -0.81304705142974853516,
            0.60873663425445556641,
            0.96571874618530273438,
            0.37545624375343322754,
            -0.38397085666656494141,
            0.24176564812660217285,
            0.37790483236312866211,
            0.10449121147394180298,
            -0.76602721214294433594,
            0.61377060413360595703,
            0.98630964756011962891,
            0.38027605414390563965,
            -0.34128910303115844727,
            0.24805839359760284424,
            0.40146389603614807129,
            0.11887942254543304443,
            -0.78862482309341430664,
            0.61151444911956787109,
            0.96448892354965209961,
            0.37762594223022460938,
            -0.36204332113265991211,
            0.25459611415863037109,
            0.38087898492813110352,
            0.13717977702617645264,
            -0.77927285432815551758,
            0.61553335189819335938,
            0.96912682056427001953,
            0.38970446586608886719,
            -0.35545656085014343262,
            0.25533288717269897461,
            0.3889338076114654541,
            0.13569040596485137939,
            -0.81778252124786376953,
            0.60107332468032836914,
            0.9359900355339050293,
            0.37546512484550476074,
            -0.38500544428825378418,
            0.24984215199947357178,
            0.3543910980224609375,
            0.12978178262710571289,
            -0.77063703536987304688,
            0.60796278715133666992,
            0.96936029195785522461,
            0.37301799654960632324,
            -0.35119381546974182129,
            0.25600191950798034668,
            0.38889041543006896973,
            0.11031898856163024902,
            -0.8379713892936706543,
            0.59716284275054931641,
            0.94543093442916870117,
            0.3703638613224029541,
            -0.38047966361045837402,
            0.25193792581558227539,
            0.36886104941368103027,
            0.11939176172018051147
          ],