{
  "format": "mubujson1",
  "numBuffers": 1,
  "numTracks": 1,
  "bufferNames": [
    "identifier:restofthegroup 4"
  ],
  "bufferInfos": [
    [
      "label",
      "identifier:restofthegroup"
    ]
  ],
  "tracks": [
    {
      "name": "posenet_normalized_selection",
      "mxCols": 8,
      "mxRows": 1,
      "hasVarRows": false,
      "hasTimeTags": true,
      "nonNumType": "none",
      "maxSize": 5000,
      "buffers": [
        {
          "maxSize": 5000,
          "size": 20,
          "sampleRate": 1000.0,
          "sampleOffset": 0.0,
          "mxRows": 1,
          "mxCols": 8,
          "mxData": [
            -0.67810064554214477539,
            0.68927174806594848633,
            0.68767392635345458984,
            0.67397487163543701172,
            -0.65563958883285522461,
            1.03214514255523681641,
            0.65893280506134033203,
            1.0578975677490234375,
            -0.68522506952285766602,
            0.68273401260375976563,
            0.69002497196197509766,
            0.67295444011688232422,
            -0.66346287727355957031,
            1.02392125129699707031,
            0.6583232879638671875,
            1.04836153984069824219,
            -0.67318332195281982422,
            0.68675607442855834961,
            0.68864339590072631836,
            0.67135310173034667969,
            -0.65492260456085205078,
            1.02926731109619140625,
            0.67364633083343505859,
            1.05128037929534912109,
            -0.68144059181213378906,
            0.68353003263473510742,
            0.70256805419921875,
            0.66623383760452270508,
            -0.71317267417907714844,
            1.02789700031280517578,
            0.66911971569061279297,
            1.04200315475463867188,
            -0.72577530145645141602,
            0.67882812023162841797,
            0.70532494783401489258,
            0.66785752773284912109,
            -0.80770605802536010742,
            1.0092868804931640625,
            0.65926790237426757813,
            1.04731881618499755859,
            -1.01909685134887695313,
            0.57734876871109008789,
            0.75248801708221435547,
            0.66268390417098999023,
            -1.67295372486114501953,
            0.83601671457290649414,
            0.69893044233322143555,
            1.05974519252777099609,
            -1.2032909393310546875,
            0.52928268909454345703,
            0.77310675382614135742,
            0.66994565725326538086,
            -2.02568387985229492188,
            0.68144816160202026367,
            0.71872955560684204102,
            1.06693315505981445313,
            -1.36839818954467773438,
            0.46471157670021057129,
            0.78067606687545776367,
            0.67942690849304199219,
            -2.20751786231994628906,
            0.50927615165710449219,
            0.72260427474975585938,
            1.07736980915069580078,
            -1.23184037208557128906,
            0.23286509513854980469,
            0.70273375511169433594,
            0.70602011680603027344,
            -1.97896540164947509766,
            0.11080825328826904297,
            0.63781487941741943359,
            1.08157777786254882813,
            -1.21673142910003662109,
            0.08825224637985229492,
            0.7130591273307800293,
            0.67894613742828369141,
            -1.80628287792205810547,
            -0.15093237161636352539,
            0.66585260629653930664,
            1.06475162506103515625,
            -1.06657004356384277344,
            0.0187299828976392746,
            0.72031682729721069336,
            0.65744566917419433594,
            -1.47572600841522216797,
            -0.27151826024055480957,
            0.66258221864700317383,
            1.05398237705230712891,
            -0.91552501916885375977,
            -0.05256387591361999512,
            0.85828793048858642578,
            0.65786862373352050781,
            -1.10501813888549804688,
            -0.36636948585510253906,
            0.81143712997436523438,
            1.04703831672668457031,
            -0.9402980804443359375,
            -0.10744944959878921509,
            0.78506207466125488281,
            0.64866173267364501953,
            -0.86957669258117675781,
            -0.4620151519775390625,
            0.71936547756195068359,
            1.049961090087890625,
            -0.92475879192352294922,
            -0.11277842521667480469,
            0.78107357025146484375,
            0.66751772165298461914,
            -0.66291266679763793945,
            -0.42199504375457763672,
            0.71306908130645751953,
            1.06513392925262451172,
            -0.92864996194839477539,
            -0.10817132145166397095,
            0.79318702220916748047,
            0.65904647111892700195,
            -0.49268612265586853027,
            -0.42228469252586364746,
            0.71254020929336547852,
            1.05528116226196289063,
            -0.95388758182525634766,
            -0.10596556216478347778,
            0.79725885391235351563,
            0.66368472576141357422,
            -0.49783217906951904297,
            -0.40612205862998962402,
            0.71371102333068847656,
            1.06109499931335449219,
            -0.95465570688247680664,
            -0.10369554907083511353,
            0.79987674951553344727,
            0.65308612585067749023,
            -0.4530645906925201416,
            -0.39641818404197692871,
            0.74862492084503173828,
            1.03812134265899658203,
            -0.9444039463996887207,
            -0.10840106755495071411,
            0.80632781982421875,
            0.66091257333755493164,
            -0.45107465982437133789,
            -0.40440523624420166016,
            0.73304545879364013672,
            1.05547451972961425781,
            -0.96074682474136352539,
            -0.10454377532005310059,
            0.81748443841934204102,
            0.66001719236373901367,
            -0.46042257547378540039,
            -0.40272387862205505371,
            0.73068124055862426758,
            1.045825958251953125,
            -0.95854228734970092773,
            -0.10026966780424118042,
            0.82013761997222900391,
            0.64506310224533081055,
            -0.49676248431205749512,
            -0.39513364434242248535,
            0.75007712841033935547,
            1.04446363449096679688
          ],
          "timeTags": [
            48.6782000027596950531,
            155.24340000376105308533,
            265.96130000054836273193,
            363.70879999920725822449,
            464.14320000261068344116,
            561.79340000078082084656,
            657.08240000158548355103,
            752.80090000107884407043,
            853.44209999963641166687,
            953.28930000215768814087,
            1046.25010000169277191162,
            1142.03060000017285346985,
            1232.99190000072121620178,
            1333.69980000331997871399,
            1428.74980000033974647522,
            1522.91609999909996986389,
            1618.55299999937415122986,
            1717.52579999715089797974,
            1815.6782999970018863678,
            1919.61590000241994857788
          ],
          "info": [
            "FileName",
            "2020-06-30_15-13-39_8376d3d0-bad3-11ea-9f5b-8df294b31e94.mubu",
            "gui",
            "autobounds minmax, shape envelopebpf, interface multibpf, opacity 1, colormode rainbow, hidenotforemost 1"
          ]
        }
      ]
    }
  ]
}