{
  "format": "mubujson1",
  "numBuffers": 1,
  "numTracks": 1,
  "bufferNames": [
    "identifier:percussions 4"
  ],
  "bufferInfos": [
    [
      "label",
      "identifier:percussions"
    ]
  ],
  "tracks": [
    {
      "name": "posenet_normalized_selection",
      "mxCols": 8,
      "mxRows": 1,
      "hasVarRows": false,
      "hasTimeTags": true,
      "nonNumType": "none",
      "maxSize": 5000,
      "buffers": [
        {
          "maxSize": 5000,
          "size": 24,
          "sampleRate": 1000.0,
          "sampleOffset": 1990.58079999871551990509,
          "mxRows": 1,
          "mxCols": 8,
          "mxData": [
            -0.74912905693054199219,
            0.65849786996841430664,
            0.5802065730094909668,
            0.64699202775955200195,
            -0.69088023900985717773,
            1.02413022518157958984,
            0.56015926599502563477,
            0.99591118097305297852,
            -0.73777055740356445313,
            0.65648019313812255859,
            0.59005236625671386719,
            0.64904588460922241211,
            -0.66823470592498779297,
            1.02526903152465820313,
            0.57162123918533325195,
            0.99887996912002563477,
            -0.73404401540756225586,
            0.64967936277389526367,
            0.58666527271270751953,
            0.64629906415939331055,
            -0.67100411653518676758,
            1.01560866832733154297,
            0.56502938270568847656,
            0.99802452325820922852,
            -0.72939187288284301758,
            0.65502709150314331055,
            0.6000086665153503418,
            0.65027463436126708984,
            -0.66739839315414428711,
            1.02238035202026367188,
            0.57619673013687133789,
            0.99742543697357177734,
            -0.71859055757522583008,
            0.65425401926040649414,
            0.60357338190078735352,
            0.6466382145881652832,
            -0.66326355934143066406,
            1.02022755146026611328,
            0.58858978748321533203,
            0.99149340391159057617,
            -0.72234773635864257813,
            0.65544652938842773438,
            0.60157537460327148438,
            0.65027511119842529297,
            -0.66095489263534545898,
            1.01926827430725097656,
            0.56733274459838867188,
            1.00021672248840332031,
            -0.72677642107009887695,
            0.64983522891998291016,
            0.63044542074203491211,
            0.64882445335388183594,
            -0.64972209930419921875,
            1.01952445507049560547,
            0.51656609773635864258,
            0.98257863521575927734,
            -0.69989097118377685547,
            0.66145473718643188477,
            0.60804724693298339844,
            0.68319249153137207031,
            -0.63881391286849975586,
            1.0318698883056640625,
            0.27148261666297912598,
            0.96197742223739624023,
            -0.73491525650024414063,
            0.66248375177383422852,
            0.56095635890960693359,
            0.67864269018173217773,
            -0.69222944974899291992,
            0.99940884113311767578,
            0.05995997413992881775,
            0.8472092747688293457,
            -0.71457552909851074219,
            0.65096545219421386719,
            0.56350868940353393555,
            0.69151270389556884766,
            -0.68630301952362060547,
            1.03062486648559570313,
            -0.02415151707828044891,
            0.62452727556228637695,
            -0.73675698041915893555,
            0.69207322597503662109,
            0.51165103912353515625,
            0.67739111185073852539,
            -0.71075320243835449219,
            1.0756893157958984375,
            -0.01489953696727752686,
            0.51894146203994750977,
            -0.77225482463836669922,
            0.68740677833557128906,
            0.47098562121391296387,
            0.66137969493865966797,
            -0.72392261028289794922,
            1.06429433822631835938,
            -0.0921920090913772583,
            0.43996742367744445801,
            -0.75444370508193969727,
            0.67151242494583129883,
            0.50760465860366821289,
            0.65101057291030883789,
            -0.71357041597366333008,
            1.07220125198364257813,
            -0.04051474481821060181,
            0.41384986042976379395,
            -0.73416185379028320313,
            0.67261731624603271484,
            0.51840561628341674805,
            0.64548534154891967773,
            -0.70066636800765991211,
            1.06904482841491699219,
            0.00010981444938806817,
            0.43422099947929382324,
            -0.76144880056381225586,
            0.66651922464370727539,
            0.50353890657424926758,
            0.64257162809371948242,
            -0.71574687957763671875,
            1.05820894241333007813,
            -0.03214848786592483521,
            0.41529601812362670898,
            -0.75054180622100830078,
            0.67832523584365844727,
            0.49716639518737792969,
            0.64517360925674438477,
            -0.72165256738662719727,
            1.05915391445159912109,
            -0.03634703159332275391,
            0.42304620146751403809,
            -0.74036294221878051758,
            0.66775572299957275391,
            0.50849741697311401367,
            0.64331144094467163086,
            -0.71761929988861083984,
            1.05821144580841064453,
            -0.00931569095700979233,
            0.4282207787036895752,
            -0.76203668117523193359,
            0.66698533296585083008,
            0.50463306903839111328,
            0.64411371946334838867,
            -0.73937445878982543945,
            1.05929219722747802734,
            -0.02158564701676368713,
            0.42681542038917541504,
            -0.75603157281875610352,
            0.66391420364379882813,
            0.50677281618118286133,
            0.64306408166885375977,
            -0.71557843685150146484,
            1.05430531501770019531,
            -0.02332352288067340851,
            0.41822928190231323242,
            -0.75867265462875366211,
            0.66651821136474609375,
            0.5001220703125,
            0.64623099565505981445,
            -0.72838133573532104492,
            1.05415213108062744141,
            -0.02784746326506137848,
            0.41725137829780578613,
            -0.76627254486083984375,
            0.66995286941528320313,
            0.49297153949737548828,
            0.64269071817398071289,
            -0.73626893758773803711,
            1.05587995052337646484,
            -0.03277508541941642761,
            0.42445620894432067871,
            -0.75918143987655639648,
            0.66953033208847045898,
            0.50028324127197265625,
            0.64516609907150268555,
            -0.72416543960571289063,
            1.06195664405822753906,
            -0.03490496799349784851,
            0.40974918007850646973,
            -0.77553606033325195313,
            0.66259586811065673828,
            0.49768352508544921875,
            0.64262622594833374023,
            -0.74248325824737548828,
            1.05467164516448974609,
            -0.03738610818982124329,
            0.40553385019302368164,
            -0.76966828107833862305,
            0.66237813234329223633,
            0.48608857393264770508,
            0.63442701101303100586,
            -0.72848904132843017578,
            1.04730534553527832031,
            -0.03517941385507583618,
            0.41005319356918334961
          ],