{
  "format": "mubujson1",
  "numBuffers": 1,
  "numTracks": 1,
  "bufferNames": [
    "neutral:neutral 3"
  ],
  "bufferInfos": [
    [
      "label",
      "neutral:neutral"
    ]
  ],
  "tracks": [
    {
      "name": "posenet_normalized_selection",
      "mxCols": 8,
      "mxRows": 1,
      "hasVarRows": false,
      "hasTimeTags": true,
      "nonNumType": "none",
      "maxSize": 5000,
      "buffers": [
        {
          "maxSize": 5000,
          "size": 21,
          "sampleRate": 1000.0,
          "sampleOffset": 1974.22730000130832195282,
          "mxRows": 1,
          "mxCols": 8,
          "mxData": [
            -0.81397742033004760742,
            0.67633718252182006836,
            0.58921170234680175781,
            0.72767627239227294922,
            -0.79161173105239868164,
            1.04760992527008056641,
            0.55547130107879638672,
            1.08760797977447509766,
            -0.8116283416748046875,
            0.66842943429946899414,
            0.59534978866577148438,
            0.73537766933441162109,
            -0.80564260482788085938,
            1.02770340442657470703,
            0.55892145633697509766,
            1.09131705760955810547,
            -0.82115143537521362305,
            0.67531335353851318359,
            0.59228241443634033203,
            0.72970014810562133789,
            -0.80447649955749511719,
            1.04929387569427490234,
            0.55564534664154052734,
            1.08816194534301757813,
            -0.81758135557174682617,
            0.67248463630676269531,
            0.59372580051422119141,
            0.72760468721389770508,
            -0.7936185002326965332,
            1.04281330108642578125,
            0.56815665960311889648,
            1.08057904243469238281,
            -0.80841493606567382813,
            0.67155367136001586914,
            0.59619903564453125,
            0.72029519081115722656,
            -0.78430742025375366211,
            1.04276454448699951172,
            0.5611928105354309082,
            1.0778656005859375,
            -0.80457580089569091797,
            0.67535531520843505859,
            0.59402543306350708008,
            0.72285884618759155273,
            -0.78137040138244628906,
            1.05313396453857421875,
            0.56095510721206665039,
            1.08472406864166259766,
            -0.80524015426635742188,
            0.67991399765014648438,
            0.59301418066024780273,
            0.7245795130729675293,
            -0.78586357831954956055,
            1.05741250514984130859,
            0.56861573457717895508,
            1.08336770534515380859,
            -0.80523580312728881836,
            0.66741079092025756836,
            0.60494840145111083984,
            0.72306877374649047852,
            -0.78219527006149291992,
            1.05079305171966552734,
            0.58669251203536987305,
            1.08625233173370361328,
            -0.80402606725692749023,
            0.66021353006362915039,
            0.59808301925659179688,
            0.71941930055618286133,
            -0.79319322109222412109,
            1.02541947364807128906,
            0.57645601034164428711,
            1.08006715774536132813,
            -0.79483509063720703125,
            0.67853391170501708984,
            0.6011187434196472168,
            0.72989118099212646484,
            -0.7693316340446472168,
            1.05718278884887695313,
            0.58540457487106323242,
            1.09376275539398193359,
            -0.79736888408660888672,
            0.67429882287979125977,
            0.60674917697906494141,
            0.72430264949798583984,
            -0.77891981601715087891,
            1.05038785934448242188,
            0.58455216884613037109,
            1.08695435523986816406,
            -0.79954904317855834961,
            0.66709375381469726563,
            0.60717195272445678711,
            0.71465003490447998047,
            -0.77218741178512573242,
            1.04580426216125488281,
            0.58319151401519775391,
            1.07736003398895263672,
            -0.78013813495635986328,
            0.67599982023239135742,
            0.61165004968643188477,
            0.71957057714462280273,
            -0.74331194162368774414,
            1.05856728553771972656,
            0.58225995302200317383,
            1.08659398555755615234,
            -0.7786648869514465332,
            0.68224793672561645508,
            0.60683399438858032227,
            0.71484005451202392578,
            -0.72413247823715209961,
            1.06893932819366455078,
            0.58979201316833496094,
            1.08230078220367431641,
            -0.77160412073135375977,
            0.68137222528457641602,
            0.60538411140441894531,
            0.71037590503692626953,
            -0.70990991592407226563,
            1.06365633010864257813,
            0.59049838781356811523,
            1.07670915126800537109,
            -0.76622617244720458984,
            0.68647122383117675781,
            0.605175018310546875,
            0.70929503440856933594,
            -0.69887143373489379883,
            1.06995260715484619141,
            0.5879885554313659668,
            1.07965517044067382813,
            -0.76643925905227661133,
            0.69543206691741943359,
            0.59496873617172241211,
            0.71776640415191650391,
            -0.7056967616081237793,
            1.07152307033538818359,
            0.57249665260314941406,
            1.07714986801147460938,
            -0.75757640600204467773,
            0.68348562717437744141,
            0.58663195371627807617,
            0.7122745513916015625,
            -0.69637703895568847656,
            1.065185546875,
            0.56585389375686645508,
            1.07382428646087646484,
            -0.76089280843734741211,
            0.68691450357437133789,
            0.58786672353744506836,
            0.72859966754913330078,
            -0.69512784481048583984,
            1.07346248626708984375,
            0.54866522550582885742,
            1.08970439434051513672,
            -0.7685635685920715332,
            0.67618268728256225586,
            0.58952492475509643555,
            0.72255659103393554688,
            -0.70503294467926025391,
            1.06340539455413818359,
            0.55079030990600585938,
            1.08257770538330078125,
            -0.75945836305618286133,
            0.68894654512405395508,
            0.57960402965545654297,
            0.730182647705078125,
            -0.69067776203155517578,
            1.06976985931396484375,
            0.50538945198059082031,
            1.06926751136779785156
          ],
          "timeTags": [
            42.96700000017881393433,
            137.40159999951720237732,
            227.66709999926388263702,
            325.49919999949634075165,
            418.05769999884068965912,
            508.54459999874234199524,
            602.04569999873638153076,
            694.73819999955594539642,
            788.94049999862909317017,
            884.09009999968111515045,
            986.8366000000387430191,
            1078.90570000000298023224,
            1175.07489999756217002869,
            1269.49149999767541885376,
            1367.25759999826550483704,
            1459.43460000120103359222,
            1550.24830000102519989014,
            1641.1190999988466501236,
            1730.17899999767541885376,
            1824.13749999925494194031,
            1920.2423999980092048645
          ],
          "info": [
            "FileName",
            "2020-06-30_15-13-39_8376d3d0-bad3-11ea-9f5b-8df294b31e94.mubu",
            "gui",
            "autobounds minmax, shape envelopebpf, interface multibpf, opacity 1, colormode rainbow, hidenotforemost 1"
          ]
        }
      ]
    }
  ]
}