{
  "format": "mubujson1",
  "numBuffers": 1,
  "numTracks": 1,
  "bufferNames": [
    "neutral:neutral 1"
  ],
  "bufferInfos": [
    [
      "label",
      "neutral:neutral"
    ]
  ],
  "tracks": [
    {
      "name": "posenet_normalized_selection",
      "mxCols": 8,
      "mxRows": 1,
      "hasVarRows": false,
      "hasTimeTags": true,
      "nonNumType": "none",
      "maxSize": 5000,
      "buffers": [
        {
          "maxSize": 5000,
          "size": 21,
          "sampleRate": 1000.0,
          "sampleOffset": 0.0,
          "mxRows": 1,
          "mxCols": 8,
          "mxData": [
            -0.71002596616744995117,
            0.69880300760269165039,
            0.60469788312911987305,
            0.72529059648513793945,
            -0.64733129739761352539,
            1.06046438217163085938,
            0.59574675559997558594,
            1.06088995933532714844,
            -0.7179266810417175293,
            0.70055180788040161133,
            0.60725629329681396484,
            0.72183388471603393555,
            -0.64919638633728027344,
            1.05936384201049804688,
            0.59402686357498168945,
            1.06232535839080810547,
            -0.71607583761215209961,
            0.69304651021957397461,
            0.61021119356155395508,
            0.72652757167816162109,
            -0.63512361049652099609,
            1.05591261386871337891,
            0.60236269235610961914,
            1.06253111362457275391,
            -0.72578996419906616211,
            0.69146144390106201172,
            0.6033051609992980957,
            0.72218883037567138672,
            -0.65055578947067260742,
            1.06303250789642333984,
            0.58679205179214477539,
            1.06385433673858642578,
            -0.72769498825073242188,
            0.69131815433502197266,
            0.60421568155288696289,
            0.72000670433044433594,
            -0.64784276485443115234,
            1.06202375888824462891,
            0.59379911422729492188,
            1.06040620803833007813,
            -0.73708099126815795898,
            0.68896752595901489258,
            0.60582810640335083008,
            0.7242336273193359375,
            -0.65285563468933105469,
            1.05489814281463623047,
            0.58976054191589355469,
            1.05966722965240478516,
            -0.72717291116714477539,
            0.69015675783157348633,
            0.60067409276962280273,
            0.72792816162109375,
            -0.64993846416473388672,
            1.06107926368713378906,
            0.58470684289932250977,
            1.06227338314056396484,
            -0.73085802793502807617,
            0.68682873249053955078,
            0.60696518421173095703,
            0.73141419887542724609,
            -0.648632049560546875,
            1.05903315544128417969,
            0.5821558833122253418,
            1.06905758380889892578,
            -0.73344624042510986328,
            0.69131678342819213867,
            0.59784275293350219727,
            0.73046535253524780273,
            -0.66503989696502685547,
            1.06041955947875976563,
            0.57465863227844238281,
            1.06318795680999755859,
            -0.7238286137580871582,
            0.70233005285263061523,
            0.59571641683578491211,
            0.72722637653350830078,
            -0.65873414278030395508,
            1.06274902820587158203,
            0.58211284875869750977,
            1.06607031822204589844,
            -0.73831766843795776367,
            0.68648934364318847656,
            0.61224484443664550781,
            0.7237523198127746582,
            -0.65940070152282714844,
            1.06295382976531982422,
            0.59315270185470581055,
            1.06537401676177978516,
            -0.71570819616317749023,
            0.69960904121398925781,
            0.60312300920486450195,
            0.72543483972549438477,
            -0.6558437347412109375,
            1.06507647037506103516,
            0.58196419477462768555,
            1.06414282321929931641,
            -0.72911715507507324219,
            0.70789521932601928711,
            0.59469622373580932617,
            0.72391229867935180664,
            -0.67143344879150390625,
            1.06756305694580078125,
            0.58919847011566162109,
            1.06507575511932373047,
            -0.72421044111251831055,
            0.71163213253021240234,
            0.60894972085952758789,
            0.7220249176025390625,
            -0.65877515077590942383,
            1.07024872303009033203,
            0.5955441594123840332,
            1.06729674339294433594,
            -0.73837822675704956055,
            0.70983266830444335938,
            0.60516124963760375977,
            0.71498477458953857422,
            -0.68284457921981811523,
            1.06750535964965820313,
            0.59802168607711791992,
            1.06337296962738037109,
            -0.75609588623046875,
            0.7057349085807800293,
            0.59877300262451171875,
            0.72303783893585205078,
            -0.69846922159194946289,
            1.07049489021301269531,
            0.59519100189208984375,
            1.07059907913208007813,
            -0.75780725479125976563,
            0.70718288421630859375,
            0.59125655889511108398,
            0.72343808412551879883,
            -0.69241499900817871094,
            1.06912183761596679688,
            0.57889121770858764648,
            1.06696474552154541016,
            -0.74800014495849609375,
            0.70612746477127075195,
            0.59020584821701049805,
            0.71749907732009887695,
            -0.69087123870849609375,
            1.06857323646545410156,
            0.58148187398910522461,
            1.06747448444366455078,
            -0.74689656496047973633,
            0.69980674982070922852,
            0.58954268693923950195,
            0.70854002237319946289,
            -0.70240676403045654297,
            1.060474395751953125,
            0.58807891607284545898,
            1.06350672245025634766,
            -0.75087445974349975586,
            0.69478142261505126953,
            0.59484529495239257813,
            0.71396470069885253906,
            -0.69633495807647705078,
            1.06540846824645996094,
            0.59682673215866088867,
            1.0650501251220703125,
            -0.74182921648025512695,
            0.69772577285766601563,
            0.60138982534408569336,
            0.69989413022994995117,
            -0.68935424089431762695,
            1.06496477127075195313,
            0.6036307215690612793,
            1.05821919441223144531
          ],
          "timeTags": [
            64.49640000052750110626,
            167.9064000006765127182,
            265.07530000060796737671,
            370.01280000060796737671,
            461.22630000114440917969,
            554.85620000027120113373,
            644.56140000186860561371,
            736.65099999867379665375,
            834.56610000133514404297,
            931.49670000001788139343,
            1031.54070000164210796356,
            1124.19919999875128269196,
            1219.77319999970495700836,
            1316.50079999864101409912,
            1404.15830000117421150208,
            1495.00819999910891056061,
            1587.59020000137388706207,
            1687.69260000064969062805,
            1780.3250999990850687027,
            1877.66709999926388263702,
            1972.18800000101327896118
          ],
          "info": [
            "FileName",
            "2020-06-30_15-13-39_8376d3d0-bad3-11ea-9f5b-8df294b31e94.mubu",
            "gui",
            "autobounds minmax, shape envelopebpf, interface multibpf, opacity 1, colormode rainbow, hidenotforemost 1"
          ]
        }
      ]
    }
  ]
}