{
  "format": "mubujson1",
  "numBuffers": 1,
  "numTracks": 1,
  "bufferNames": [
    "neutral:neutral 2"
  ],
  "bufferInfos": [
    [
      "label",
      "neutral:neutral"
    ]
  ],
  "tracks": [
    {
      "name": "posenet_normalized_selection",
      "mxCols": 8,
      "mxRows": 1,
      "hasVarRows": false,
      "hasTimeTags": true,
      "nonNumType": "none",
      "maxSize": 5000,
      "buffers": [
        {
          "maxSize": 5000,
          "size": 22,
          "sampleRate": 1000.0,
          "sampleOffset": 0.0,
          "mxRows": 1,
          "mxCols": 8,
          "mxData": [
            -0.72928589582443237305,
            0.70149463415145874023,
            0.61872297525405883789,
            0.70850491523742675781,
            -0.64454126358032226563,
            1.06569254398345947266,
            0.54461050033569335938,
            1.07149434089660644531,
            -0.72604721784591674805,
            0.70936626195907592773,
            0.62320864200592041016,
            0.7256972193717956543,
            -0.6465765833854675293,
            1.06638109683990478516,
            0.53082901239395141602,
            1.05346512794494628906,
            -0.7243035435676574707,
            0.70231711864471435547,
            0.60758608579635620117,
            0.72654479742050170898,
            -0.64701813459396362305,
            1.06267642974853515625,
            0.51107501983642578125,
            1.05391013622283935547,
            -0.73601311445236206055,
            0.71290087699890136719,
            0.61023235321044921875,
            0.72364717721939086914,
            -0.65677541494369506836,
            1.07435297966003417969,
            0.53331065177917480469,
            1.05563521385192871094,
            -0.71608549356460571289,
            0.68905985355377197266,
            0.61133754253387451172,
            0.72418075799942016602,
            -0.65028899908065795898,
            1.05544531345367431641,
            0.50545865297317504883,
            1.04441571235656738281,
            -0.70203667879104614258,
            0.69679033756256103516,
            0.60913586616516113281,
            0.72361510992050170898,
            -0.63040661811828613281,
            1.06772017478942871094,
            0.5428250432014465332,
            1.07212996482849121094,
            -0.7122898101806640625,
            0.70227706432342529297,
            0.61037683486938476563,
            0.71520817279815673828,
            -0.63578391075134277344,
            1.06389153003692626953,
            0.53930783271789550781,
            1.07282590866088867188,
            -0.71482843160629272461,
            0.69939017295837402344,
            0.61861068010330200195,
            0.71236711740493774414,
            -0.62845331430435180664,
            1.06343472003936767578,
            0.5443179011344909668,
            1.07042419910430908203,
            -0.72447854280471801758,
            0.70426774024963378906,
            0.61880958080291748047,
            0.72569906711578369141,
            -0.63465642929077148438,
            1.06949579715728759766,
            0.52198690176010131836,
            1.06327259540557861328,
            -0.72172093391418457031,
            0.69979399442672729492,
            0.63053405284881591797,
            0.72042220830917358398,
            -0.63540548086166381836,
            1.06351518630981445313,
            0.54342925548553466797,
            1.05465400218963623047,
            -0.72146892547607421875,
            0.69023263454437255859,
            0.6256974339485168457,
            0.70899510383605957031,
            -0.63259929418563842773,
            1.0538234710693359375,
            0.55317193269729614258,
            1.06607902050018310547,
            -0.71455854177474975586,
            0.6994240880012512207,
            0.62608253955841064453,
            0.71158361434936523438,
            -0.62822985649108886719,
            1.06154716014862060547,
            0.55136626958847045898,
            1.06629037857055664063,
            -0.72452068328857421875,
            0.70765626430511474609,
            0.63478398323059082031,
            0.72249996662139892578,
            -0.63921576738357543945,
            1.07091498374938964844,
            0.54600393772125244141,
            1.05709064006805419922,
            -0.71689605712890625,
            0.70288813114166259766,
            0.62716847658157348633,
            0.71764910221099853516,
            -0.62924981117248535156,
            1.07063925266265869141,
            0.55523413419723510742,
            1.07438099384307861328,
            -0.73201704025268554688,
            0.69718950986862182617,
            0.61543643474578857422,
            0.70974290370941162109,
            -0.64114111661911010742,
            1.05962920188903808594,
            0.53583025932312011719,
            1.05099523067474365234,
            -0.72787916660308837891,
            0.69720047712326049805,
            0.62099987268447875977,
            0.71976768970489501953,
            -0.64347845315933227539,
            1.06373012065887451172,
            0.54073542356491088867,
            1.05653035640716552734,
            -0.73371964693069458008,
            0.68862235546112060547,
            0.61817008256912231445,
            0.71170210838317871094,
            -0.63769167661666870117,
            1.05306589603424072266,
            0.52964168787002563477,
            1.04643177986145019531,
            -0.72567754983901977539,
            0.70082485675811767578,
            0.62141472101211547852,
            0.70843487977981567383,
            -0.63738727569580078125,
            1.06128275394439697266,
            0.53450936079025268555,
            1.05510723590850830078,
            -0.74159789085388183594,
            0.70088422298431396484,
            0.61345148086547851563,
            0.70991486310958862305,
            -0.64960741996765136719,
            1.05814492702484130859,
            0.53316903114318847656,
            1.05985093116760253906,
            -0.73575651645660400391,
            0.70017635822296142578,
            0.62386786937713623047,
            0.7215290069580078125,
            -0.64716804027557373047,
            1.05915284156799316406,
            0.52523922920227050781,
            1.05855059623718261719,
            -0.74801933765411376953,
            0.68820977210998535156,
            0.62320351600646972656,
            0.714847564697265625,
            -0.6508458256721496582,
            1.05366849899291992188,
            0.52928709983825683594,
            1.05363368988037109375,
            -0.74035364389419555664,
            0.70096951723098754883,
            0.62363022565841674805,
            0.7110385894775390625,
            -0.65182185173034667969,
            1.06132245063781738281,
            0.54347640275955200195,
            1.04984247684478759766
          ],
          "timeTags": [
            24.38559999875724315643,
            118.26999999955296516418,
            211.51069999858736991882,
            302.54559999890625476837,
            397.04360000044107437134,
            493.72059999965131282806,
            585.5551999993622303009,
            674.383299998939037323,
            762.64299999922513961792,
            859.0909000001847743988,
            951.45019999891519546509,
            1043.95459999889135360718,
            1137.30780000053346157074,
            1231.68469999916851520538,
            1325.28639999963343143463,
            1419.75149999931454658508,
            1520.27900000102818012238,
            1613.60309999808669090271,
            1706.04519999958574771881,
            1799.38579999841749668121,
            1888.85209999978542327881,
            1986.64339999854564666748
          ],