{
  "format": "mubujson1",
  "numBuffers": 1,
  "numTracks": 1,
  "bufferNames": [
    "neutral:neutral 1"
  ],
  "bufferInfos": [
    [
      "label",
      "neutral:neutral"
    ]
  ],
  "tracks": [
    {
      "name": "posenet_normalized_selection",
      "mxCols": 8,
      "mxRows": 1,
      "hasVarRows": false,
      "hasTimeTags": true,
      "nonNumType": "none",
      "maxSize": 5000,
      "buffers": [
        {
          "maxSize": 5000,
          "size": 21,
          "sampleRate": 1000.0,
          "sampleOffset": 1974.22730000130832195282,
          "mxRows": 1,
          "mxCols": 8,
          "mxData": [
            -0.85531342029571533203,
            0.66893506050109863281,
            0.54553121328353881836,
            0.70613718032836914063,
            -0.73959845304489135742,
            1.01609265804290771484,
            0.44906842708587646484,
            1.05464899539947509766,
            -0.8468424677848815918,
            0.66992729902267456055,
            0.55896097421646118164,
            0.70507192611694335938,
            -0.77810829877853393555,
            1.02173018455505371094,
            0.46677321195602416992,
            1.05354607105255126953,
            -0.84496587514877319336,
            0.67406100034713745117,
            0.55577945709228515625,
            0.71774053573608398438,
            -0.74195438623428344727,
            1.02260315418243408203,
            0.46562999486923217773,
            1.06480288505554199219,
            -0.84160649776458740234,
            0.66858071088790893555,
            0.55858540534973144531,
            0.70788472890853881836,
            -0.772975921630859375,
            1.01956605911254882813,
            0.44425058364868164063,
            1.049358367919921875,
            -0.84239846467971801758,
            0.67335301637649536133,
            0.55726629495620727539,
            0.71482431888580322266,
            -0.77984631061553955078,
            1.02397644519805908203,
            0.45223447680473327637,
            1.0658416748046875,
            -0.84030503034591674805,
            0.67671912908554077148,
            0.55241882801055908203,
            0.70822149515151977539,
            -0.73355710506439208984,
            1.02039766311645507813,
            0.46401965618133544922,
            1.05699026584625244141,
            -0.84259372949600219727,
            0.66840529441833496094,
            0.56767481565475463867,
            0.70561939477920532227,
            -0.72893083095550537109,
            1.0240421295166015625,
            0.47266659140586853027,
            1.05363881587982177734,
            -0.84617447853088378906,
            0.67058175802230834961,
            0.54919046163558959961,
            0.70357275009155273438,
            -0.73268717527389526367,
            1.01979029178619384766,
            0.46653792262077331543,
            1.04434227943420410156,
            -0.8447831273078918457,
            0.66381025314331054688,
            0.55741316080093383789,
            0.70618033409118652344,
            -0.78138583898544311523,
            1.01153457164764404297,
            0.46692311763763427734,
            1.05595767498016357422,
            -0.85193979740142822266,
            0.67252999544143676758,
            0.55554056167602539063,
            0.71072363853454589844,
            -0.74567079544067382813,
            1.02502071857452392578,
            0.45779377222061157227,
            1.05521643161773681641,
            -0.84672892093658447266,
            0.66751450300216674805,
            0.53984808921813964844,
            0.70838522911071777344,
            -0.78300547599792480469,
            1.01216542720794677734,
            0.44911417365074157715,
            1.05910336971282958984,
            -0.84798169136047363281,
            0.66728836297988891602,
            0.55213493108749389648,
            0.70875161886215209961,
            -0.73596239089965820313,
            1.01476049423217773438,
            0.4467506706714630127,
            1.05320310592651367188,
            -0.83870023488998413086,
            0.66821843385696411133,
            0.54135972261428833008,
            0.71018064022064208984,
            -0.77343183755874633789,
            1.01659870147705078125,
            0.45853564143180847168,
            1.06014418601989746094,
            -0.84724485874176025391,
            0.66883504390716552734,
            0.5385112762451171875,
            0.7064463496208190918,
            -0.73528540134429931641,
            1.01793491840362548828,
            0.44571229815483093262,
            1.05125498771667480469,
            -0.83124816417694091797,
            0.66567522287368774414,
            0.54895299673080444336,
            0.69622689485549926758,
            -0.76081293821334838867,
            1.01522886753082275391,
            0.44714438915252685547,
            1.03844785690307617188,
            -0.84580141305923461914,
            0.67183417081832885742,
            0.54310083389282226563,
            0.70262134075164794922,
            -0.78006285429000854492,
            1.0176849365234375,
            0.44107574224472045898,
            1.05181002616882324219,
            -0.86265951395034790039,
            0.66844576597213745117,
            0.54805082082748413086,
            0.69781166315078735352,
            -0.7937094569206237793,
            1.01426351070404052734,
            0.44434180855751037598,
            1.04950273036956787109,
            -0.85208773612976074219,
            0.67117595672607421875,
            0.55640441179275512695,
            0.68641269207000732422,
            -0.74259495735168457031,
            1.01007020473480224609,
            0.46756407618522644043,
            1.03480088710784912109,
            -0.8322111964225769043,
            0.67937058210372924805,
            0.57638609409332275391,
            0.69153189659118652344,
            -0.71600937843322753906,
            1.01935565471649169922,
            0.49376600980758666992,
            1.02942490577697753906,
            -0.82485306262969970703,
            0.67857396602630615234,
            0.59162497520446777344,
            0.69803243875503540039,
            -0.69371747970581054688,
            1.02428555488586425781,
            0.50154978036880493164,
            1.04132199287414550781,
            -0.82335984706878662109,
            0.68370127677917480469,
            0.57800447940826416016,
            0.68623507022857666016,
            -0.69433373212814331055,
            1.02991592884063720703,
            0.4790560305118560791,
            1.03827571868896484375
          ],
          "timeTags": [
            60.08149999938905239105,
            156.08500000089406967163,
            250.78189999982714653015,
            340.83540000207722187042,
            434.63810000009834766388,
            521.99200000055134296417,
            612.03820000030100345612,
            705.68280000053346157074,
            796.82450000010430812836,
            887.07909999974071979523,
            977.47740000113844871521,
            1075.59910000115633010864,
            1173.1326000019907951355,
            1267.86950000002980232239,
            1355.99030000157654285431,
            1448.51659999974071979523,
            1550.87679999880492687225,
            1643.70270000025629997253,
            1739.54660000093281269073,
            1831.57560000009834766388,
            1927.14730000123381614685
          ],
          "info": [
            "FileName",
            "2020-06-30_15-13-39_8376d3d0-bad3-11ea-9f5b-8df294b31e94.mubu",
            "gui",
            "autobounds minmax, shape envelopebpf, interface multibpf, opacity 1, colormode rainbow, hidenotforemost 1"
          ]
        }
      ]
    }
  ]
}