{
  "format": "mubujson1",
  "numBuffers": 1,
  "numTracks": 1,
  "bufferNames": [
    "neutral:neutral 1"
  ],
  "bufferInfos": [
    [
      "label",
      "neutral:neutral"
    ]
  ],
  "tracks": [
    {
      "name": "posenet_normalized_selection",
      "mxCols": 8,
      "mxRows": 1,
      "hasVarRows": false,
      "hasTimeTags": true,
      "nonNumType": "none",
      "maxSize": 5000,
      "buffers": [
        {
          "maxSize": 5000,
          "size": 22,
          "sampleRate": 1000.0,
          "sampleOffset": 1937.52309999987483024597,
          "mxRows": 1,
          "mxCols": 8,
          "mxData": [
            -0.82195180654525756836,
            0.64107382297515869141,
            0.51941269636154174805,
            0.65951752662658691406,
            -0.77745848894119262695,
            1.00512051582336425781,
            0.51889443397521972656,
            0.98675262928009033203,
            -0.81374162435531616211,
            0.63686764240264892578,
            0.51840186119079589844,
            0.65137040615081787109,
            -0.77102762460708618164,
            1.00401532649993896484,
            0.52113753557205200195,
            0.98086541891098022461,
            -0.80749303102493286133,
            0.63664591312408447266,
            0.52661120891571044922,
            0.66376954317092895508,
            -0.77059876918792724609,
            0.99870008230209350586,
            0.53914856910705566406,
            0.9955952763557434082,
            -0.79494684934616088867,
            0.63704901933670043945,
            0.52772998809814453125,
            0.6621577143669128418,
            -0.74776494503021240234,
            0.99279743432998657227,
            0.55615860223770141602,
            0.98188513517379760742,
            -0.79716837406158447266,
            0.6452465057373046875,
            0.51960015296936035156,
            0.65781426429748535156,
            -0.74689668416976928711,
            0.99880445003509521484,
            0.52658540010452270508,
            0.97814023494720458984,
            -0.76117485761642456055,
            0.64185225963592529297,
            0.58291113376617431641,
            0.65400475263595581055,
            -0.70611691474914550781,
            0.99703609943389892578,
            0.58639883995056152344,
            0.98252201080322265625,
            -0.77729624509811401367,
            0.64654600620269775391,
            0.55591851472854614258,
            0.66296714544296264648,
            -0.73670738935470581055,
            1.00265204906463623047,
            0.56616991758346557617,
            0.9934183955192565918,
            -0.7623049616813659668,
            0.64344441890716552734,
            0.56144702434539794922,
            0.66314804553985595703,
            -0.72091925144195556641,
            0.99219530820846557617,
            0.56198066473007202148,
            0.9847628474235534668,
            -0.74188190698623657227,
            0.63475513458251953125,
            0.55322277545928955078,
            0.66329896450042724609,
            -0.70535290241241455078,
            0.98431724309921264648,
            0.55074310302734375,
            0.98319977521896362305,
            -0.71295493841171264648,
            0.64793413877487182617,
            0.61011743545532226563,
            0.66970312595367431641,
            -0.68352675437927246094,
            1.00409531593322753906,
            0.58500570058822631836,
            0.9947541356086730957,
            -0.68167901039123535156,
            0.65886348485946655273,
            0.63135236501693725586,
            0.69085061550140380859,
            -0.6778202056884765625,
            1.02028965950012207031,
            0.61279821395874023438,
            1.01285588741302490234,
            -0.65584284067153930664,
            0.64213734865188598633,
            0.61410421133041381836,
            0.67044538259506225586,
            -0.65942525863647460938,
            1.01688694953918457031,
            0.62594813108444213867,
            1.00318706035614013672,
            -0.6922607421875,
            0.63582807779312133789,
            0.61069124937057495117,
            0.67316168546676635742,
            -0.70369744300842285156,
            1.00895988941192626953,
            0.63286626338958740234,
            1.00747215747833251953,
            -0.7144101262092590332,
            0.64706194400787353516,
            0.65118718147277832031,
            0.67646014690399169922,
            -0.71743494272232055664,
            1.02415549755096435547,
            0.65586870908737182617,
            1.01257801055908203125,
            -0.70805954933166503906,
            0.65308195352554321289,
            0.61964643001556396484,
            0.65826666355133056641,
            -0.69735997915267944336,
            1.01624095439910888672,
            0.55959397554397583008,
            1.00416696071624755859,
            -0.68218171596527099609,
            0.66676127910614013672,
            0.66501647233963012695,
            0.67349439859390258789,
            -0.65777039527893066406,
            1.04238212108612060547,
            0.59246516227722167969,
            1.0339031219482421875,
            -0.66976439952850341797,
            0.69362032413482666016,
            0.66996198892593383789,
            0.66324162483215332031,
            -0.60480201244354248047,
            1.04943048954010009766,
            0.6440995335578918457,
            1.03697085380554199219,
            -0.68545824289321899414,
            0.68203747272491455078,
            0.69985866546630859375,
            0.65487647056579589844,
            -0.61776912212371826172,
            1.02781140804290771484,
            0.66059333086013793945,
            1.00738835334777832031,
            -0.68353593349456787109,
            0.67141091823577880859,
            0.64244401454925537109,
            0.64406788349151611328,
            -0.60747283697128295898,
            1.02339446544647216797,
            0.66468214988708496094,
            1.0014362335205078125,
            -0.69296228885650634766,
            0.66981226205825805664,
            0.63540595769882202148,
            0.63950252532958984375,
            -0.6196606755256652832,
            1.00760149955749511719,
            0.68499344587326049805,
            0.97285807132720947266,
            -0.70989263057708740234,
            0.6576061248779296875,
            0.6380717158317565918,
            0.63655394315719604492,
            -0.62642532587051391602,
            1.00807082653045654297,
            0.67174762487411499023,
            0.98350799083709716797,
            -0.72523349523544311523,
            0.66517734527587890625,
            0.63544321060180664063,
            0.64553892612457275391,
            -0.63593387603759765625,
            1.02053558826446533203,
            0.64712965488433837891,
            0.98860079050064086914
          ],
          "timeTags": [
            66.4969999995082616806,
            153.42519999854266643524,
            241.8637000005692243576,
            328.18139999918639659882,
            415.47699999995529651642,
            497.5776999983936548233,
            582.30419999919831752777,
            670.51180000044405460358,
            760.40300000086426734924,
            851.58239999972283840179,
            942.83770000189542770386,
            1032.75410000048577785492,
            1124.7814000006765127182,
            1215.21450000070035457611,
            1307.43940000049769878387,
            1393.33349999971687793732,
            1483.8455000016838312149,
            1574.52800000086426734924,
            1663.58850000053644180298,
            1750.63000000081956386566,
            1841.37020000256597995758,
            1929.80030000023543834686
          ],