{
  "format": "mubujson1",
  "numBuffers": 1,
  "numTracks": 1,
  "bufferNames": [
    "neutral:neutral 2"
  ],
  "bufferInfos": [
    [
      "label",
      "neutral:neutral"
    ]
  ],
  "tracks": [
    {
      "name": "posenet_normalized_selection",
      "mxCols": 8,
      "mxRows": 1,
      "hasVarRows": false,
      "hasTimeTags": true,
      "nonNumType": "none",
      "maxSize": 5000,
      "buffers": [
        {
          "maxSize": 5000,
          "size": 21,
          "sampleRate": 1000.0,
          "sampleOffset": 1983.37009999901056289673,
          "mxRows": 1,
          "mxCols": 8,
          "mxData": [
            -0.81247341632843017578,
            0.65957701206207275391,
            0.73607939481735229492,
            0.6769549250602722168,
            -0.92407208681106567383,
            1.00702059268951416016,
            0.88134378194808959961,
            1.01112210750579833984,
            -0.79965418577194213867,
            0.66717064380645751953,
            0.74818807840347290039,
            0.69139564037322998047,
            -0.91595125198364257813,
            1.02019095420837402344,
            0.88830596208572387695,
            1.03372263908386230469,
            -0.80143684148788452148,
            0.66548806428909301758,
            0.74769365787506103516,
            0.68545651435852050781,
            -0.91058361530303955078,
            1.01925718784332275391,
            0.88974797725677490234,
            1.02482187747955322266,
            -0.78683996200561523438,
            0.66161102056503295898,
            0.7241560816764831543,
            0.67972779273986816406,
            -0.89439743757247924805,
            1.01630568504333496094,
            0.86728006601333618164,
            1.00990939140319824219,
            -0.78576415777206420898,
            0.66483294963836669922,
            0.72867703437805175781,
            0.68526655435562133789,
            -0.89713442325592041016,
            1.01832544803619384766,
            0.87155455350875854492,
            1.01784837245941162109,
            -0.78998196125030517578,
            0.66982239484786987305,
            0.73735797405242919922,
            0.68210834264755249023,
            -0.90207982063293457031,
            1.01982867717742919922,
            0.87841427326202392578,
            1.01881062984466552734,
            -0.78730654716491699219,
            0.66610044240951538086,
            0.74092364311218261719,
            0.68638950586318969727,
            -0.90618264675140380859,
            1.01849067211151123047,
            0.873325347900390625,
            1.03242933750152587891,
            -0.79532527923583984375,
            0.66292905807495117188,
            0.73632973432540893555,
            0.68221479654312133789,
            -0.91288608312606811523,
            1.00978493690490722656,
            0.87371408939361572266,
            1.02946245670318603516,
            -0.78643059730529785156,
            0.66929745674133300781,
            0.73087811470031738281,
            0.69161981344223022461,
            -0.89726698398590087891,
            1.01614475250244140625,
            0.86246192455291748047,
            1.04429173469543457031,
            -0.7760435938835144043,
            0.67107969522476196289,
            0.72156500816345214844,
            0.68829578161239624023,
            -0.84815061092376708984,
            1.02609193325042724609,
            0.82859063148498535156,
            1.03703594207763671875,
            -0.75696694850921630859,
            0.67850881814956665039,
            0.69702440500259399414,
            0.68513566255569458008,
            -0.78617972135543823242,
            1.05215978622436523438,
            0.79727137088775634766,
            1.04919850826263427734,
            -0.76045715808868408203,
            0.66447418928146362305,
            0.69614017009735107422,
            0.68321573734283447266,
            -0.77701300382614135742,
            1.05270588397979736328,
            0.78944152593612670898,
            1.03698635101318359375,
            -0.75507718324661254883,
            0.6662839055061340332,
            0.67243993282318115234,
            0.67758834362030029297,
            -0.75217849016189575195,
            1.05911374092102050781,
            0.73397684097290039063,
            1.04185211658477783203,
            -0.74749571084976196289,
            0.67530095577239990234,
            0.67685544490814208984,
            0.69358938932418823242,
            -0.71930372714996337891,
            1.06469333171844482422,
            0.68953347206115722656,
            1.05995762348175048828,
            -0.70359498262405395508,
            0.69708067178726196289,
            0.63215345144271850586,
            0.69172680377960205078,
            -0.67387652397155761719,
            1.05912137031555175781,
            0.65680855512619018555,
            1.06075286865234375,
            -0.7001743316650390625,
            0.70991712808609008789,
            0.61669909954071044922,
            0.70597296953201293945,
            -0.64410108327865600586,
            1.07060778141021728516,
            0.63877499103546142578,
            1.06922268867492675781,
            -0.71900212764739990234,
            0.70464140176773071289,
            0.61334967613220214844,
            0.69996947050094604492,
            -0.64928823709487915039,
            1.06402850151062011719,
            0.64295125007629394531,
            1.06768524646759033203,
            -0.70828843116760253906,
            0.71275115013122558594,
            0.61604559421539306641,
            0.70650678873062133789,
            -0.66208219528198242188,
            1.07603526115417480469,
            0.61772227287292480469,
            1.07288980484008789063,
            -0.71489137411117553711,
            0.69862216711044311523,
            0.61632442474365234375,
            0.69953352212905883789,
            -0.67720448970794677734,
            1.06527149677276611328,
            0.61837971210479736328,
            1.06933319568634033203,
            -0.70855975151062011719,
            0.69915312528610229492,
            0.61039209365844726563,
            0.71250063180923461914,
            -0.67583668231964111328,
            1.07276058197021484375,
            0.61470043659210205078,
            1.08268237113952636719,
            -0.73556524515151977539,
            0.67959791421890258789,
            0.60992139577865600586,
            0.69448816776275634766,
            -0.67458009719848632813,
            1.06472098827362060547,
            0.62332808971405029297,
            1.05825197696685791016
          ],
          "timeTags": [
            34.59830000065267086029,
            126.56469999998807907104,
            218.72839999943971633911,
            308.56959999911487102509,
            400.78949999995529651642,
            495.92400000058114528656,
            586.56070000119507312775,
            676.59890000149607658386,
            766.36070000007748603821,
            859.67510000243782997131,
            952.30960000306367874146,
            1048.27170000225305557251,
            1146.66220000013709068298,
            1246.12210000120103359222,
            1347.77440000139176845551,
            1447.35540000163018703461,
            1539.02280000224709510803,
            1635.97300000116229057312,
            1730.47300000116229057312,
            1824.01349999941885471344,
            1919.67970000021159648895
          ],
          "info": [
            "FileName",
            "2020-06-30_15-13-39_8376d3d0-bad3-11ea-9f5b-8df294b31e94.mubu",
            "gui",
            "autobounds minmax, shape envelopebpf, interface multibpf, opacity 1, colormode rainbow, hidenotforemost 1"
          ]
        }
      ]
    }
  ]
}