{
  "format": "mubujson1",
  "numBuffers": 1,
  "numTracks": 1,
  "bufferNames": [
    "neutral:neutral 4"
  ],
  "bufferInfos": [
    [
      "label",
      "neutral:neutral"
    ]
  ],
  "tracks": [
    {
      "name": "posenet_normalized_selection",
      "mxCols": 8,
      "mxRows": 1,
      "hasVarRows": false,
      "hasTimeTags": true,
      "nonNumType": "none",
      "maxSize": 5000,
      "buffers": [
        {
          "maxSize": 5000,
          "size": 23,
          "sampleRate": 1000.0,
          "sampleOffset": 1937.52309999987483024597,
          "mxRows": 1,
          "mxCols": 8,
          "mxData": [
            -0.83488309383392333984,
            0.61929023265838623047,
            0.54605430364608764648,
            0.6655686497688293457,
            -0.7954413294792175293,
            0.99506396055221557617,
            0.55655324459075927734,
            1.01490604877471923828,
            -0.8360010981559753418,
            0.61827635765075683594,
            0.53069210052490234375,
            0.66385519504547119141,
            -0.78835541009902954102,
            0.98790538311004638672,
            0.54407572746276855469,
            1.00657904148101806641,
            -0.84121519327163696289,
            0.61190634965896606445,
            0.53694528341293334961,
            0.65619844198226928711,
            -0.7949981689453125,
            0.97897332906723022461,
            0.55977141857147216797,
            0.99737870693206787109,
            -0.82066762447357177734,
            0.61478579044342041016,
            0.54853010177612304688,
            0.65518623590469360352,
            -0.78826260566711425781,
            0.98201215267181396484,
            0.5732428431510925293,
            0.99130278825759887695,
            -0.81587266921997070313,
            0.60904943943023681641,
            0.57046371698379516602,
            0.64445376396179199219,
            -0.78828352689743041992,
            0.97280895709991455078,
            0.63265913724899291992,
            0.9791361689567565918,
            -0.80607420206069946289,
            0.61265867948532104492,
            0.59261238574981689453,
            0.64851874113082885742,
            -0.78507953882217407227,
            0.98085111379623413086,
            0.65390944480895996094,
            0.98472297191619873047,
            -0.78656011819839477539,
            0.61272549629211425781,
            0.6140848994255065918,
            0.64499253034591674805,
            -0.80336904525756835938,
            0.98673641681671142578,
            0.69255846738815307617,
            0.98661553859710693359,
            -0.79208278656005859375,
            0.61735117435455322266,
            0.62103050947189331055,
            0.64599913358688354492,
            -0.82471936941146850586,
            0.98690831661224365234,
            0.72130846977233886719,
            0.98331028223037719727,
            -0.79395520687103271484,
            0.61610376834869384766,
            0.63562595844268798828,
            0.65410071611404418945,
            -0.82231092453002929688,
            0.97756761312484741211,
            0.74815934896469116211,
            0.98077130317687988281,
            -0.81508958339691162109,
            0.60420781373977661133,
            0.64952254295349121094,
            0.65135222673416137695,
            -0.86431670188903808594,
            0.93927693367004394531,
            0.7552738189697265625,
            0.98253208398818969727,
            -0.82301247119903564453,
            0.61147218942642211914,
            0.65288001298904418945,
            0.65815460681915283203,
            -0.83973979949951171875,
            0.97369837760925292969,
            0.74647051095962524414,
            0.99720054864883422852,
            -0.78421354293823242188,
            0.60921710729598999023,
            0.66628444194793701172,
            0.65799874067306518555,
            -0.81648808717727661133,
            0.97141778469085693359,
            0.75304079055786132813,
            0.99338036775588989258,
            -0.75756722688674926758,
            0.61930197477340698242,
            0.66441857814788818359,
            0.65237379074096679688,
            -0.7965221405029296875,
            0.98459947109222412109,
            0.73831653594970703125,
            0.99080479145050048828,
            -0.74209922552108764648,
            0.62450969219207763672,
            0.63436204195022583008,
            0.65390753746032714844,
            -0.75385630130767822266,
            0.98265540599822998047,
            0.6650587916374206543,
            1.00057673454284667969,
            -0.71706819534301757813,
            0.63888651132583618164,
            0.64926922321319580078,
            0.65945792198181152344,
            -0.69796037673950195313,
            0.99499154090881347656,
            0.66885787248611450195,
            1.00114119052886962891,
            -0.70680892467498779297,
            0.65634244680404663086,
            0.64465916156768798828,
            0.65696340799331665039,
            -0.66173434257507324219,
            1.00218749046325683594,
            0.65158855915069580078,
            0.9949614405632019043,
            -0.70255106687545776367,
            0.66058462858200073242,
            0.63878273963928222656,
            0.66966050863265991211,
            -0.66476106643676757813,
            1.0102691650390625,
            0.67401081323623657227,
            1.01258587837219238281,
            -0.69582295417785644531,
            0.6553046107292175293,
            0.65097451210021972656,
            0.67252618074417114258,
            -0.68814492225646972656,
            1.00360190868377685547,
            0.70834535360336303711,
            1.01425254344940185547,
            -0.70208096504211425781,
            0.64571851491928100586,
            0.65332329273223876953,
            0.66960299015045166016,
            -0.70077294111251831055,
            1.00247395038604736328,
            0.73224502801895141602,
            1.01010906696319580078,
            -0.6885846257209777832,
            0.6396796107292175293,
            0.6700312495231628418,
            0.66615843772888183594,
            -0.68684077262878417969,
            0.99247837066650390625,
            0.74875581264495849609,
            1.01071047782897949219,
            -0.67596024274826049805,
            0.64177262783050537109,
            0.67125761508941650391,
            0.66027468442916870117,
            -0.67444330453872680664,
            0.98925030231475830078,
            0.76394945383071899414,
            0.9965025782585144043,
            -0.68036812543869018555,
            0.64321804046630859375,
            0.66995316743850708008,
            0.6678034663200378418,
            -0.67209583520889282227,
            0.99113088846206665039,
            0.74183565378189086914,
            1.00850069522857666016,
            -0.68213617801666259766,
            0.64642518758773803711,
            0.66499251127243041992,
            0.66389000415802001953,
            -0.66692376136779785156,
            0.99173271656036376953,
            0.72808873653411865234,
            1.00401663780212402344
          ],