{
  "format": "mubujson1",
  "numBuffers": 1,
  "numTracks": 1,
  "bufferNames": [
    "neutral:neutral 2"
  ],
  "bufferInfos": [
    [
      "label",
      "neutral:neutral"
    ]
  ],
  "tracks": [
    {
      "name": "posenet_normalized_selection",
      "mxCols": 8,
      "mxRows": 1,
      "hasVarRows": false,
      "hasTimeTags": true,
      "nonNumType": "none",
      "maxSize": 5000,
      "buffers": [
        {
          "maxSize": 5000,
          "size": 22,
          "sampleRate": 1000.0,
          "sampleOffset": 1937.52309999987483024597,
          "mxRows": 1,
          "mxCols": 8,
          "mxData": [
            -0.79802030324935913086,
            0.63813316822052001953,
            0.53622072935104370117,
            0.66592347621917724609,
            -0.74471640586853027344,
            0.99979615211486816406,
            0.54973322153091430664,
            0.99212551116943359375,
            -0.79996013641357421875,
            0.64332294464111328125,
            0.52820289134979248047,
            0.67093825340270996094,
            -0.74690002202987670898,
            1.00532746315002441406,
            0.54509907960891723633,
            1.00222444534301757813,
            -0.79345440864562988281,
            0.64797514677047729492,
            0.57012134790420532227,
            0.67376303672790527344,
            -0.7348270416259765625,
            1.01235377788543701172,
            0.58006066083908081055,
            1.00347399711608886719,
            -0.770709991455078125,
            0.65480315685272216797,
            0.59195649623870849609,
            0.67488336563110351563,
            -0.7176958918571472168,
            1.00906741619110107422,
            0.59657526016235351563,
            0.99371057748794555664,
            -0.76901602745056152344,
            0.65567284822463989258,
            0.6104018092155456543,
            0.65519225597381591797,
            -0.72026830911636352539,
            1.00886058807373046875,
            0.59498542547225952148,
            0.96306836605072021484,
            -0.76802957057952880859,
            0.6631819605827331543,
            0.61945700645446777344,
            0.65125167369842529297,
            -0.73184162378311157227,
            1.01445043087005615234,
            0.59532922506332397461,
            0.94466030597686767578,
            -0.76236397027969360352,
            0.66965395212173461914,
            0.63520264625549316406,
            0.63620561361312866211,
            -0.73187422752380371094,
            1.01275873184204101563,
            0.61445504426956176758,
            0.92137706279754638672,
            -0.76542693376541137695,
            0.67112487554550170898,
            0.64595204591751098633,
            0.64822012186050415039,
            -0.72807753086090087891,
            1.01272332668304443359,
            0.65588134527206420898,
            0.96711117029190063477,
            -0.78138291835784912109,
            0.65414023399353027344,
            0.62047481536865234375,
            0.66878300905227661133,
            -0.73239564895629882813,
            0.97193390130996704102,
            0.59534788131713867188,
            0.98736107349395751953,
            -0.79162824153900146484,
            0.64225852489471435547,
            0.57815778255462646484,
            0.65715837478637695313,
            -0.74675202369689941406,
            0.95363461971282958984,
            0.55614590644836425781,
            0.9827734827995300293,
            -0.78979170322418212891,
            0.64208835363388061523,
            0.57182836532592773438,
            0.65987378358840942383,
            -0.75237244367599487305,
            0.95443081855773925781,
            0.54331254959106445313,
            0.99070268869400024414,
            -0.7984320521354675293,
            0.63460993766784667969,
            0.57205742597579956055,
            0.66119164228439331055,
            -0.75852954387664794922,
            0.95228862762451171875,
            0.54255908727645874023,
            0.9912388920783996582,
            -0.78946554660797119141,
            0.63206422328948974609,
            0.57177329063415527344,
            0.65578687191009521484,
            -0.74195879697799682617,
            0.95238476991653442383,
            0.53795403242111206055,
            0.99068111181259155273,
            -0.78756088018417358398,
            0.62965101003646850586,
            0.56035155057907104492,
            0.66027969121932983398,
            -0.7443911433219909668,
            0.95077306032180786133,
            0.53111571073532104492,
            0.99401444196701049805,
            -0.76316106319427490234,
            0.63178467750549316406,
            0.55838340520858764648,
            0.6607316136360168457,
            -0.72238916158676147461,
            0.94965219497680664063,
            0.52353447675704956055,
            0.99601942300796508789,
            -0.7597529292106628418,
            0.63586980104446411133,
            0.56731700897216796875,
            0.65416610240936279297,
            -0.72588121891021728516,
            0.95008927583694458008,
            0.54580527544021606445,
            0.98266810178756713867,
            -0.77086913585662841797,
            0.63990020751953125,
            0.56397008895874023438,
            0.65522760152816772461,
            -0.73769199848175048828,
            0.94921284914016723633,
            0.5380045771598815918,
            0.98477923870086669922,
            -0.7645657658576965332,
            0.64177930355072021484,
            0.57570862770080566406,
            0.65209442377090454102,
            -0.73479449748992919922,
            0.95267075300216674805,
            0.54780143499374389648,
            0.97863698005676269531,
            -0.7183144688606262207,
            0.64269489049911499023,
            0.61173772811889648438,
            0.66397231817245483398,
            -0.68162107467651367188,
            0.96170866489410400391,
            0.5945956110954284668,
            0.9881877899169921875,
            -0.73539948463439941406,
            0.63908660411834716797,
            0.60432642698287963867,
            0.66196733713150024414,
            -0.71721851825714111328,
            0.96871155500411987305,
            0.5990626215934753418,
            0.99329894781112670898,
            -0.75423014163970947266,
            0.64090436697006225586,
            0.63319730758666992188,
            0.66194337606430053711,
            -0.73534983396530151367,
            0.97439664602279663086,
            0.62549728155136108398,
            1.00628018379211425781,
            -0.74937188625335693359,
            0.6379947662353515625,
            0.64427888393402099609,
            0.65634012222290039063,
            -0.74182552099227905273,
            0.97953271865844726563,
            0.65159749984741210938,
            0.99840265512466430664
          ],
          "timeTags": [
            79.16970000043511390686,
            168.23509999923408031464,
            258.93859999813139438629,
            346.12170000001788139343,
            434.05250000022351741791,
            521.97639999911189079285,
            607.92019999958574771881,
            693.15699999965727329254,
            779.12360000051558017731,
            861.16149999946355819702,
            951.54220000095665454865,
            1042.28289999812841415405,
            1129.30990000069141387939,
            1215.03689999878406524658,
            1301.58540000021457672119,
            1392.21730000153183937073,
            1479.59049999900162220001,
            1568.01989999972283840179,
            1655.5508999992161989212,
            1743.05289999954402446747,
            1834.19119999930262565613,
            1925.56210000067949295044
          ],