{
  "format": "mubujson1",
  "numBuffers": 1,
  "numTracks": 1,
  "bufferNames": [
    "off:off 5"
  ],
  "bufferInfos": [
    [
      "label",
      "off:off"
    ]
  ],
  "tracks": [
    {
      "name": "posenet_normalized_selection",
      "mxCols": 8,
      "mxRows": 1,
      "hasVarRows": false,
      "hasTimeTags": true,
      "nonNumType": "none",
      "maxSize": 5000,
      "buffers": [
        {
          "maxSize": 5000,
          "size": 32,
          "sampleRate": 1000.0,
          "sampleOffset": 1974.22730000130832195282,
          "mxRows": 1,
          "mxCols": 8,
          "mxData": [
            -0.82150101661682128906,
            0.72792768478393554688,
            0.52871567010879516602,
            0.66508513689041137695,
            -0.65775638818740844727,
            1.06605184078216552734,
            0.54936200380325317383,
            1.0323123931884765625,
            -0.80215758085250854492,
            0.72398704290390014648,
            0.52206641435623168945,
            0.66472274065017700195,
            -0.63732701539993286133,
            1.06240570545196533203,
            0.5414549708366394043,
            1.03146517276763916016,
            -0.79659402370452880859,
            0.73438912630081176758,
            0.53149050474166870117,
            0.6663494110107421875,
            -0.63511890172958374023,
            1.06618797779083251953,
            0.55897295475006103516,
            1.03336012363433837891,
            -0.78461182117462158203,
            0.72845411300659179688,
            0.54334819316864013672,
            0.67003029584884643555,
            -0.62418276071548461914,
            1.06153023242950439453,
            0.6028041839599609375,
            1.03831660747528076172,
            -0.75367552042007446289,
            0.71253401041030883789,
            0.5791155695915222168,
            0.66183811426162719727,
            -0.59159266948699951172,
            1.05694210529327392578,
            0.65688210725784301758,
            1.04468035697937011719,
            -0.75627529621124267578,
            0.68199551105499267578,
            0.70444583892822265625,
            0.62830841541290283203,
            -0.57828199863433837891,
            1.04757153987884521484,
            0.84674650430679321289,
            0.99790298938751220703,
            -0.81039589643478393555,
            0.65471810102462768555,
            0.78680717945098876953,
            0.64309954643249511719,
            -0.66192060708999633789,
            1.02727472782135009766,
            0.95287954807281494141,
            1.02047216892242431641,
            -0.83831906318664550781,
            0.63183134794235229492,
            0.78537541627883911133,
            0.62816578149795532227,
            -0.90154850482940673828,
            0.95856887102127075195,
            0.90187257528305053711,
            0.97518801689147949219,
            -0.73175328969955444336,
            0.58510404825210571289,
            0.74383723735809326172,
            0.5309200286865234375,
            -1.03221881389617919922,
            0.79294192790985107422,
            0.69320112466812133789,
            0.79559189081192016602,
            -0.71934878826141357422,
            0.59875416755676269531,
            0.49747672677040100098,
            0.41794386506080627441,
            -1.32579529285430908203,
            0.70537358522415161133,
            0.03513808920979499817,
            0.53773319721221923828,
            -0.83199006319046020508,
            0.62913936376571655273,
            0.33833268284797668457,
            0.36123129725456237793,
            -1.54348075389862060547,
            0.66619318723678588867,
            -0.45298948884010314941,
            0.3833020329475402832,
            -0.67981058359146118164,
            0.67758411169052124023,
            -0.14544300734996795654,
            0.17361731827259063721,
            -1.43402123451232910156,
            0.53160607814788818359,
            -0.93615114688873291016,
            0.10984923690557479858,
            -0.71431189775466918945,
            0.71189427375793457031,
            -0.07814975082874298096,
            0.15709204971790313721,
            -1.60380685329437255859,
            0.54303038120269775391,
            -1.54057049751281738281,
            0.11763013899326324463,
            -0.58825308084487915039,
            0.73520940542221069336,
            -0.28965744376182556152,
            0.17446084320545196533,
            -1.5225467681884765625,
            0.57978188991546630859,
            -1.48702538013458251953,
            0.12018278241157531738,
            -0.54959005117416381836,
            0.82116925716400146484,
            -0.23746676743030548096,
            0.1786320805549621582,
            -1.43160283565521240234,
            0.70333832502365112305,
            -1.32684946060180664063,
            0.15881133079528808594,
            -0.53244483470916748047,
            0.82994812726974487305,
            0.26778614521026611328,
            0.16768728196620941162,
            -1.45037782192230224609,
            0.70627570152282714844,
            -0.99319112300872802734,
            0.1820071786642074585,
            -0.3958117067813873291,
            0.84526991844177246094,
            0.22595204412937164307,
            0.14587722718715667725,
            -1.22112727165222167969,
            0.71016728878021240234,
            -0.8128287196159362793,
            0.20355588197708129883,
            -0.01825326308608055115,
            0.80593049526214599609,
            0.87331789731979370117,
            0.18619425594806671143,
            -0.57285124063491821289,
            0.59463506937026977539,
            -0.20918047428131103516,
            0.0864890366792678833,
            -0.2126553654670715332,
            0.66108202934265136719,
            0.8457133173942565918,
            0.13663457334041595459,
            -0.04485895484685897827,
            0.5350005030632019043,
            0.13248217105865478516,
            0.0451315268874168396,
            0.41547977924346923828,
            0.71502411365509033203,
            1.27067077159881591797,
            0.17763666808605194092,
            1.54254782199859619141,
            0.64035910367965698242,
            1.33427786827087402344,
            0.08350804448127746582,
            1.59538936614990234375,
            0.58823436498641967773,
            2.7558727264404296875,
            0.18256337940692901611,
            4.5898609161376953125,
            0.59027266502380371094,
            4.83415126800537109375,
            0.11134982854127883911,
            1.15120899677276611328,
            0.47236880660057067871,
            1.78146183490753173828,
            0.19500839710235595703,
            2.96780347824096679688,
            0.54088914394378662109,
            3.25424075126647949219,
            0.13022042810916900635,
            0.89426636695861816406,
            0.46705234050750732422,
            1.28432857990264892578,
            0.21322764456272125244,
            2.85697913169860839844,
            0.52772867679595947266,
            2.60366177558898925781,
            0.31369596719741821289,
            1.39492964744567871094,
            0.45583429932594299316,
            1.92752993106842041016,
            0.2054595649242401123,
            4.6530628204345703125,
            0.5203081965446472168,
            4.12108182907104492188,
            0.32130956649780273438,
            1.95175576210021972656,
            0.46538591384887695313,
            1.78778874874114990234,
            0.27969101071357727051,
            6.87175416946411132813,
            0.54689866304397583008,
            5.3339252471923828125,
            0.31723350286483764648,
            4.56028842926025390625,
            0.46329608559608459473,
            3.69928598403930664063,
            0.26503959298133850098,
