{
  "format": "mubujson1",
  "numBuffers": 1,
  "numTracks": 1,
  "bufferNames": [
    "off:off 7"
  ],
  "bufferInfos": [
    [
      "label",
      "off:off"
    ]
  ],
  "tracks": [
    {
      "name": "posenet_normalized_selection",
      "mxCols": 8,
      "mxRows": 1,
      "hasVarRows": false,
      "hasTimeTags": true,
      "nonNumType": "none",
      "maxSize": 5000,
      "buffers": [
        {
          "maxSize": 5000,
          "size": 32,
          "sampleRate": 1000.0,
          "sampleOffset": 1974.22730000130832195282,
          "mxRows": 1,
          "mxCols": 8,
          "mxData": [
            -0.79183590412139892578,
            0.7164859771728515625,
            0.55839061737060546875,
            0.70750862360000610352,
            -0.76893079280853271484,
            1.09065830707550048828,
            0.55070722103118896484,
            1.07474207878112792969,
            -0.80310028791427612305,
            0.71909254789352416992,
            0.56466203927993774414,
            0.70736604928970336914,
            -0.76919293403625488281,
            1.10605216026306152344,
            0.56723362207412719727,
            1.09072804450988769531,
            -0.77553272247314453125,
            0.7411683201789855957,
            0.546764373779296875,
            0.72466200590133666992,
            -0.76742219924926757813,
            1.11106371879577636719,
            0.5469443202018737793,
            1.09791874885559082031,
            -0.80385494232177734375,
            0.72705692052841186523,
            0.57791507244110107422,
            0.72626256942749023438,
            -0.75089079141616821289,
            1.11714947223663330078,
            0.57276141643524169922,
            1.10102820396423339844,
            -0.74868386983871459961,
            0.7457981109619140625,
            0.58180642127990722656,
            0.73272269964218139648,
            -0.65788477659225463867,
            1.12443482875823974609,
            0.56309610605239868164,
            1.10397553443908691406,
            -0.76441490650177001953,
            0.73091781139373779297,
            0.60438573360443115234,
            0.72820740938186645508,
            -0.64630138874053955078,
            1.119586944580078125,
            0.59253519773483276367,
            1.10286998748779296875,
            -0.79611319303512573242,
            0.73074495792388916016,
            0.5971024632453918457,
            0.71037691831588745117,
            -0.67097139358520507813,
            1.12121951580047607422,
            0.59704864025115966797,
            1.09162938594818115234,
            -0.77582335472106933594,
            0.73702377080917358398,
            0.60034966468811035156,
            0.728973388671875,
            -0.64719879627227783203,
            1.125072479248046875,
            0.58743673563003540039,
            1.10641467571258544922,
            -0.69823724031448364258,
            0.75723445415496826172,
            0.62524890899658203125,
            0.72207111120223999023,
            -0.60101866722106933594,
            1.13030338287353515625,
            0.6113789677619934082,
            1.09806346893310546875,
            -0.73555016517639160156,
            0.72354799509048461914,
            0.65082192420959472656,
            0.69942438602447509766,
            -0.56815427541732788086,
            1.10514998435974121094,
            0.65785938501358032227,
            1.06950080394744873047,
            -0.77872759103775024414,
            0.68758547306060791016,
            0.69783788919448852539,
            0.70245373249053955078,
            -0.55359226465225219727,
            1.1083316802978515625,
            0.70877563953399658203,
            1.06008040904998779297,
            -0.76287752389907836914,
            0.68070054054260253906,
            0.75279480218887329102,
            0.6610024571418762207,
            -0.62439996004104614258,
            0.99717980623245239258,
            0.76598972082138061523,
            0.99672818183898925781,
            -0.53472387790679931641,
            0.61666435003280639648,
            0.63342577219009399414,
            0.49979960918426513672,
            -0.77711981534957885742,
            0.80606311559677124023,
            0.42432075738906860352,
            0.7999235987663269043,
            -0.71761941909790039063,
            0.62698882818222045898,
            0.66321849822998046875,
            0.45021820068359375,
            -1.13953876495361328125,
            0.7731736302375793457,
            0.26157116889953613281,
            0.694339752197265625,
            -0.59214538335800170898,
            0.70268255472183227539,
            -0.16139367222785949707,
            0.30282491445541381836,
            -1.30541789531707763672,
            0.69576841592788696289,
            -1.21935129165649414063,
            0.43690118193626403809,
            -0.49943950772285461426,
            0.75201624631881713867,
            -0.25225615501403808594,
            0.12264207005500793457,
            -1.64127588272094726563,
            0.57674288749694824219,
            -1.59716343879699707031,
            0.21483433246612548828,
            -0.31427788734436035156,
            0.7967650294303894043,
            -0.18122732639312744141,
            0.14408056437969207764,
            -1.36053180694580078125,
            0.64001625776290893555,
            -1.74074447154998779297,
            0.12228620797395706177,
            -0.24500817060470581055,
            0.79823660850524902344,
            -0.06900930404663085938,
            0.12095218151807785034,
            -1.20462822914123535156,
            0.64053899049758911133,
            -1.52250206470489501953,
            0.11199674755334854126,
            -0.3421458899974822998,
            0.83134150505065917969,
            0.08284462988376617432,
            0.1782108694314956665,
            -1.4273548126220703125,
            0.70478141307830810547,
            -1.14652299880981445313,
            0.12614965438842773438,
            -0.35636183619499206543,
            0.84557002782821655273,
            0.46045675873756408691,
            0.16362082958221435547,
            -1.40479385852813720703,
            0.72484296560287475586,
            -0.88999789953231811523,
            0.15898990631103515625,
            -0.13780152797698974609,
            0.84102702140808105469,
            0.68722683191299438477,
            0.1557550281286239624,
            -0.91262960433959960938,
            0.70965760946273803711,
            -0.74717104434967041016,
            0.19181425869464874268,
            -0.03758213669061660767,
            0.77564352750778198242,
            0.72522294521331787109,
            0.1414355933666229248,
            -0.36557635664939880371,
            0.63417828083038330078,
            -0.51874482631683349609,
            0.2048352360725402832,
            -0.11676580458879470825,
            0.73737066984176635742,
            0.87433671951293945313,
            0.1628290712833404541,
            -0.0400284305214881897,
            0.58982110023498535156,
            0.24180103838443756104,
            0.0592555999755859375,
            1.05806791782379150391,
            0.6473751068115234375,
            1.8707714080810546875,
            0.1508448868989944458,
            3.07459855079650878906,
            0.63754343986511230469,
            3.29661417007446289063,
            0.10811904072761535645,
            0.78973448276519775391,
            0.55038541555404663086,
            1.50567018985748291016,
            0.17231614887714385986,
            2.67373538017272949219,
            0.5965010523796081543,
            2.84230113029479980469,
            0.11687936633825302124,
            1.10187065601348876953,
            0.48198577761650085449,
            1.38305699825286865234,
            0.20372307300567626953,
