{
  "format": "mubujson1",
  "numBuffers": 1,
  "numTracks": 1,
  "bufferNames": [
    "off:off 4"
  ],
  "bufferInfos": [
    [
      "label",
      "off:off"
    ]
  ],
  "tracks": [
    {
      "name": "posenet_normalized_selection",
      "mxCols": 8,
      "mxRows": 1,
      "hasVarRows": false,
      "hasTimeTags": true,
      "nonNumType": "none",
      "maxSize": 5000,
      "buffers": [
        {
          "maxSize": 5000,
          "size": 21,
          "sampleRate": 1000.0,
          "sampleOffset": 1927.14730000123381614685,
          "mxRows": 1,
          "mxCols": 8,
          "mxData": [
            -0.82567083835601806641,
            0.726207733154296875,
            0.50896716117858886719,
            0.70931124687194824219,
            -0.71850615739822387695,
            1.111278533935546875,
            0.50617021322250366211,
            1.04944896697998046875,
            -0.81657987833023071289,
            0.71328711509704589844,
            0.49389570951461791992,
            0.69985496997833251953,
            -0.70814627408981323242,
            1.09893906116485595703,
            0.51191043853759765625,
            1.03600382804870605469,
            -0.7968361973762512207,
            0.71250629425048828125,
            0.52967602014541625977,
            0.68810355663299560547,
            -0.63448661565780639648,
            1.08853757381439208984,
            0.55911797285079956055,
            1.02590465545654296875,
            -0.80797904729843139648,
            0.69240224361419677734,
            0.59346532821655273438,
            0.66169977188110351563,
            -0.54144549369812011719,
            1.06988286972045898438,
            0.6472327113151550293,
            1.01013505458831787109,
            -0.78817951679229736328,
            0.67526102066040039063,
            0.71267241239547729492,
            0.65507918596267700195,
            -0.4579931795597076416,
            0.98327279090881347656,
            0.82142496109008789063,
            0.97230070829391479492,
            -0.76891195774078369141,
            0.67582464218139648438,
            0.6946423649787902832,
            0.58851772546768188477,
            -0.45965948700904846191,
            0.93558639287948608398,
            0.77448767423629760742,
            0.92429888248443603516,
            -0.65336692333221435547,
            0.57724153995513916016,
            0.53866422176361083984,
            0.40707042813301086426,
            -0.85200423002243041992,
            0.73364800214767456055,
            0.23515491187572479248,
            0.61526113748550415039,
            -0.83630293607711791992,
            0.64881533384323120117,
            0.29254356026649475098,
            0.37014222145080566406,
            -1.39981102943420410156,
            0.64691239595413208008,
            -0.55402165651321411133,
            0.40185755491256713867,
            -0.72242379188537597656,
            0.65493792295455932617,
            -0.37878701090812683105,
            0.19128541648387908936,
            -1.52480816841125488281,
            0.44095197319984436035,
            -1.45690596103668212891,
            0.08917661011219024658,
            -0.91026270389556884766,
            0.67532938718795776367,
            -0.55559843778610229492,
            0.19410911202430725098,
            -1.75249207019805908203,
            0.44328895211219787598,
            -1.70005035400390625,
            0.05747736990451812744,
            -0.83384239673614501953,
            0.70182883739471435547,
            -0.42529717087745666504,
            0.1844644397497177124,
            -1.44960880279541015625,
            0.50340884923934936523,
            -1.37489473819732666016,
            0.06398631632328033447,
            -0.82508873939514160156,
            0.73448348045349121094,
            -0.19695043563842773438,
            0.19192722439765930176,
            -1.63911592960357666016,
            0.55515229701995849609,
            -1.32937848567962646484,
            0.10072931647300720215,
            -0.60917395353317260742,
            0.79992282390594482422,
            -0.00878917798399925232,
            0.16118614375591278076,
            -1.76331830024719238281,
            0.64011538028717041016,
            -1.07199835777282714844,
            0.1303656846284866333,
            -0.36558252573013305664,
            0.79253548383712768555,
            0.38299167156219482422,
            0.1268088221549987793,
            -1.12520098686218261719,
            0.67665201425552368164,
            -0.6863314509391784668,
            0.10880771279335021973,
            -0.06988163292407989502,
            0.66078352928161621094,
            0.84103894233703613281,
            0.19303052127361297607,
            0.33815997838973999023,
            0.60059273242950439453,
            0.38985911011695861816,
            0.03813604637980461121,
            0.90498620271682739258,
            0.62268388271331787109,
            1.18451762199401855469,
            0.14412730932235717773,
            2.50177764892578125,
            0.51802366971969604492,
            2.26654911041259765625,
            0.00333493971265852451,
            1.56509387493133544922,
            0.42740720510482788086,
            1.68345248699188232422,
            0.15384909510612487793,
            3.51290774345397949219,
            0.47014319896697998047,
            3.53246092796325683594,
            0.0723163411021232605,
            1.59443295001983642578,
            0.39638295769691467285,
            0.78850519657135009766,
            0.13951872289180755615,
            3.4467945098876953125,
            0.42320787906646728516,
            3.10445523262023925781,
            0.09933835268020629883,
            4.36678218841552734375,
            0.43562483787536621094,
            -1.97731721401214599609,
            0.20059163868427276611,
            7.8972930908203125,
            0.37701147794723510742,
            4.23145389556884765625,
            0.32523548603057861328,
            1.04021215438842773438,
            0.44706571102142333984,
            0.11832391470670700073,
            0.39163544774055480957,
            1.96012175083160400391,
            0.38916769623756408691,
            0.74074727296829223633,
            0.35380548238754272461,
            0.82168078422546386719,
            0.45370081067085266113,
            0.13275173306465148926,
            0.358798980712890625,
            1.50864768028259277344,
            0.41858562827110290527,
            0.52679020166397094727,
            0.33486375212669372559
          ],
          "timeTags": [
            66.75180000066757202148,
            160.64429999887943267822,
            260.14110000059008598328,
            351.39209999889135360718,
            449.70449999719858169556,
            550.49019999988377094269,
            643.97319999895989894867,
            739.39059999771416187286,
            832.77659999765455722809,
            930.60499999858438968658,
            1033.21540000103414058685,
            1123.82789999991655349731,
            1215.96959999948740005493,
            1313.90799999982118606567,
            1407.68569999746978282928,
            1507.25279999896883964539,
            1600.96390000171959400177,
            1693.55219999887049198151,
            1792.22580000013113021851,
            1885.14149999804794788361,
            1975.74330000020563602448
          ],
          "info": [
            "FileName",
            "2020-06-30_15-13-39_8376d3d0-bad3-11ea-9f5b-8df294b31e94.mubu",
            "gui",
            "autobounds minmax, shape envelopebpf, interface multibpf, opacity 1, colormode rainbow, hidenotforemost 1"
          ]
        }
      ]
    }
  ]
}