{
  "format": "mubujson1",
  "numBuffers": 1,
  "numTracks": 1,
  "bufferNames": [
    "off:off 1"
  ],
  "bufferInfos": [
    [
      "label",
      "off:off"
    ]
  ],
  "tracks": [
    {
      "name": "posenet_normalized_selection",
      "mxCols": 8,
      "mxRows": 1,
      "hasVarRows": false,
      "hasTimeTags": true,
      "nonNumType": "none",
      "maxSize": 5000,
      "buffers": [
        {
          "maxSize": 5000,
          "size": 20,
          "sampleRate": 1000.0,
          "sampleOffset": 0.0,
          "mxRows": 1,
          "mxCols": 8,
          "mxData": [
            -0.70123523473739624023,
            0.68985712528228759766,
            0.65381300449371337891,
            0.71053087711334228516,
            -0.63581764698028564453,
            1.06243205070495605469,
            0.59954911470413208008,
            1.04823434352874755859,
            -0.70757704973220825195,
            0.67599725723266601563,
            0.64567315578460693359,
            0.69635152816772460938,
            -0.63604724407196044922,
            1.04818201065063476563,
            0.62868249416351318359,
            1.03079175949096679688,
            -0.72096329927444458008,
            0.67161554098129272461,
            0.65273016691207885742,
            0.69114327430725097656,
            -0.64091861248016357422,
            1.04119908809661865234,
            0.64311784505844116211,
            1.02373921871185302734,
            -0.69798421859741210938,
            0.68178576231002807617,
            0.6959807276725769043,
            0.70217734575271606445,
            -0.59987354278564453125,
            1.05163848400115966797,
            0.71684807538986206055,
            1.04277646541595458984,
            -0.70526254177093505859,
            0.65543282032012939453,
            0.75092530250549316406,
            0.68514353036880493164,
            -0.59403252601623535156,
            1.01679217815399169922,
            0.74247777462005615234,
            1.04230010509490966797,
            -0.69190031290054321289,
            0.59107297658920288086,
            0.6928851008415222168,
            0.6242847442626953125,
            -0.83543479442596435547,
            0.91997075080871582031,
            0.59561109542846679688,
            0.9460544586181640625,
            -0.73472416400909423828,
            0.58503282070159912109,
            0.58118844032287597656,
            0.61971229314804077148,
            -1.04803526401519775391,
            0.86716282367706298828,
            0.19666309654712677002,
            0.86522287130355834961,
            -0.60550355911254882813,
            0.6023273468017578125,
            0.23203290998935699463,
            0.45276796817779541016,
            -1.45899605751037597656,
            0.78290247917175292969,
            -0.66613394021987915039,
            0.63428151607513427734,
            -0.86711227893829345703,
            0.64326512813568115234,
            0.10093836486339569092,
            0.19725701212882995605,
            -1.63939988613128662109,
            0.5595963597297668457,
            -1.31397557258605957031,
            0.22381128370761871338,
            -0.83842313289642333984,
            0.65189194679260253906,
            -0.27651008963584899902,
            0.161373138427734375,
            -1.94074606895446777344,
            0.5191707611083984375,
            -1.67354714870452880859,
            0.10648860782384872437,
            -0.77821505069732666016,
            0.64887797832489013672,
            -0.19324880838394165039,
            0.1216206476092338562,
            -1.61894059181213378906,
            0.49812456965446472168,
            -1.33589708805084228516,
            0.06969906389713287354,
            -0.75556999444961547852,
            0.69181358814239501953,
            0.13256442546844482422,
            0.14586775004863739014,
            -1.15352690219879150391,
            0.55247896909713745117,
            -0.60906803607940673828,
            0.07771328091621398926,
            -0.57514286041259765625,
            0.72516775131225585938,
            0.23291446268558502197,
            0.14091846346855163574,
            -1.17337322235107421875,
            0.56862694025039672852,
            -0.50898212194442749023,
            0.0915718376636505127,
            -0.42011860013008117676,
            0.78712892532348632813,
            0.63137823343276977539,
            0.20097175240516662598,
            -1.35668504238128662109,
            0.605060577392578125,
            0.02472679689526557922,
            0.05629681795835494995,
            -0.31838521361351013184,
            0.67704474925994873047,
            1.20302534103393554688,
            0.05371998250484466553,
            -0.61298418045043945313,
            0.62956815958023071289,
            0.20198972523212432861,
            -0.03571026399731636047,
            0.33861690759658813477,
            0.67224991321563720703,
            1.24131417274475097656,
            0.29324451088905334473,
            1.79859578609466552734,
            0.58660501241683959961,
            1.72107911109924316406,
            0.07717885822057723999,
            0.7424945831298828125,
            0.50870859622955322266,
            1.77585923671722412109,
            0.13357102870941162109,
            2.95884418487548828125,
            0.52557545900344848633,
            3.32460451126098632813,
            0.02451656199991703033,
            0.87920755147933959961,
            0.45963001251220703125,
            1.76478159427642822266,
            0.19953848421573638916,
            3.83981084823608398438,
            0.44379910826683044434,
            3.58615207672119140625,
            0.12448735535144805908,
            0.62895476818084716797,
            0.47635751962661743164,
            1.41225218772888183594,
            0.28757914900779724121,
            2.92681407928466796875,
            0.44005313515663146973,
            2.97367978096008300781,
            0.2703602910041809082,
            1.02283179759979248047,
            0.48195984959602355957,
            1.54171156883239746094,
            0.24886266887187957764,
            3.10494971275329589844,
            0.48725059628486633301,
            3.05109953880310058594,
            0.28850972652435302734
          ],
          "timeTags": [
            70.03550000488758087158,
            162.76170000433921813965,
            261.96640000492334365845,
            360.8729000091552734375,
            464.77420000359416007996,
            558.49110000580549240112,
            658.86200000345706939697,
            757.03310000523924827576,
            850.5879000052809715271,
            938.45920000597834587097,
            1043.26150000467896461487,
            1142.03670000284910202026,
            1240.2397000044584274292,
            1341.99150000512599945068,
            1438.89960000291466712952,
            1537.12070000544190406799,
            1635.82850000262260437012,
            1731.47940000146627426147,
            1821.06880000606179237366,
            1918.73090000450611114502
          ],
          "info": [
            "FileName",
            "2020-06-30_15-13-39_8376d3d0-bad3-11ea-9f5b-8df294b31e94.mubu",
            "gui",
            "autobounds minmax, shape envelopebpf, interface multibpf, opacity 1, colormode rainbow, hidenotforemost 1"
          ]
        }
      ]
    }
  ]
}