{
  "format": "mubujson1",
  "numBuffers": 1,
  "numTracks": 1,
  "bufferNames": [
    "off:off 6"
  ],
  "bufferInfos": [
    [
      "label",
      "off:off"
    ]
  ],
  "tracks": [
    {
      "name": "posenet_normalized_selection",
      "mxCols": 8,
      "mxRows": 1,
      "hasVarRows": false,
      "hasTimeTags": true,
      "nonNumType": "none",
      "maxSize": 5000,
      "buffers": [
        {
          "maxSize": 5000,
          "size": 22,
          "sampleRate": 1000.0,
          "sampleOffset": 0.0,
          "mxRows": 1,
          "mxCols": 8,
          "mxData": [
            -0.66234385967254638672,
            0.72616720199584960938,
            0.72877967357635498047,
            0.70334440469741821289,
            -0.61273783445358276367,
            1.10925936698913574219,
            0.74003267288208007813,
            1.05782520771026611328,
            -0.66820901632308959961,
            0.72589278221130371094,
            0.73687821626663208008,
            0.70107895135879516602,
            -0.62290728092193603516,
            1.10664010047912597656,
            0.72859483957290649414,
            1.05124223232269287109,
            -0.69178992509841918945,
            0.69769662618637084961,
            0.73373836278915405273,
            0.68978154659271240234,
            -0.60966634750366210938,
            1.08259785175323486328,
            0.70489585399627685547,
            1.03353238105773925781,
            -0.73521524667739868164,
            0.67151713371276855469,
            0.66609090566635131836,
            0.68269747495651245117,
            -0.61512166261672973633,
            1.03956639766693115234,
            0.50702482461929321289,
            1.02091372013092041016,
            -0.71214479207992553711,
            0.59623891115188598633,
            0.67744696140289306641,
            0.6097927093505859375,
            -0.81552749872207641602,
            0.91776615381240844727,
            0.34848752617835998535,
            0.87750589847564697266,
            -0.74061834812164306641,
            0.60580772161483764648,
            0.4293746650218963623,
            0.56322693824768066406,
            -1.13331687450408935547,
            0.80483168363571166992,
            -0.14926058053970336914,
            0.73638224601745605469,
            -0.55852335691452026367,
            0.62492334842681884766,
            0.28794217109680175781,
            0.4485085904598236084,
            -1.21490705013275146484,
            0.70508569478988647461,
            -0.57469207048416137695,
            0.55935090780258178711,
            -0.67518544197082519531,
            0.63992512226104736328,
            0.0365939699113368988,
            0.22776743769645690918,
            -1.53574824333190917969,
            0.47636038064956665039,
            -1.42302489280700683594,
            0.24126587808132171631,
            -0.62490886449813842773,
            0.66863548755645751953,
            0.06167495995759963989,
            0.22185793519020080566,
            -1.77767658233642578125,
            0.50019872188568115234,
            -1.73561918735504150391,
            0.19814603030681610107,
            -0.73463195562362670898,
            0.70767080783843994141,
            -0.19991979002952575684,
            0.15017716586589813232,
            -1.58606374263763427734,
            0.56403529644012451172,
            -1.18085169792175292969,
            0.14791153371334075928,
            -0.65867340564727783203,
            0.71346199512481689453,
            -0.09806849062442779541,
            0.14099840819835662842,
            -1.40696179866790771484,
            0.58062964677810668945,
            -0.97255712747573852539,
            0.11484357714653015137,
            -0.80919277667999267578,
            0.69267278909683227539,
            0.03905035555362701416,
            0.11853314191102981567,
            -1.47396254539489746094,
            0.58167290687561035156,
            -0.91184276342391967773,
            0.05802287906408309937,
            -0.58732646703720092773,
            0.70836651325225830078,
            0.10731998831033706665,
            0.12379292398691177368,
            -1.53907811641693115234,
            0.63181972503662109375,
            -0.79429596662521362305,
            0.06885978579521179199,
            -0.57137513160705566406,
            0.73225992918014526367,
            0.21913105249404907227,
            0.12295743823051452637,
            -1.70330154895782470703,
            0.69709372520446777344,
            -0.62574648857116699219,
            0.06141551956534385681,
            -0.3795325160026550293,
            0.74364590644836425781,
            0.3602441251277923584,
            0.13488432765007019043,
            -1.35041570663452148438,
            0.71686625480651855469,
            -0.44856876134872436523,
            0.10740689188241958618,
            -0.05062496662139892578,
            0.6328633427619934082,
            1.15431940555572509766,
            0.12550184130668640137,
            0.32498595118522644043,
            0.63412034511566162109,
            0.64477980136871337891,
            0.03588140010833740234,
            0.57270908355712890625,
            0.65749943256378173828,
            1.56135690212249755859,
            0.15791846811771392822,
            2.272418975830078125,
            0.63421082496643066406,
            2.27544736862182617188,
            0.07603432238101959229,
            1.14663755893707275391,
            0.5472119450569152832,
            2.32959032058715820313,
            0.16996201872825622559,
            3.14477014541625976563,
            0.583484649658203125,
            3.64094090461730957031,
            0.11446131765842437744,
            1.05676555633544921875,
            0.57646691799163818359,
            2.01646924018859863281,
            0.21787981688976287842,
            3.05870461463928222656,
            0.55632013082504272461,
            3.34786200523376464844,
            0.16058860719203948975,
            1.01403343677520751953,
            0.58638411760330200195,
            1.66039800643920898438,
            0.22150775790214538574,
            2.84241962432861328125,
            0.54895573854446411133,
            2.98142075538635253906,
            0.16533985733985900879,
            0.9689356684684753418,
            0.55678522586822509766,
            1.86790859699249267578,
            0.20926518738269805908,
            2.96987318992614746094,
            0.53746438026428222656,
            3.088970184326171875,
            0.16640348732471466064,
            0.87977099418640136719,
            0.54997515678405761719,
            1.69314336776733398438,
            0.24677743017673492432,
            2.56990742683410644531,
            0.54385673999786376953,
            2.82797932624816894531,
            0.18044637143611907959
          ],
          "timeTags": [
            32.71009999886155128479,
            130.1504999995231628418,
            228.8038999997079372406,
            329.2146000005304813385,
            429.44580000266432762146,
            517.54880000278353691101,
            616.73710000142455101013,
            709.47169999778270721436,
            799.37840000167489051819,
            894.52439999952912330627,
            986.90599999949336051941,
            1078.20670000091195106506,
            1176.06589999794960021973,
            1265.49409999698400497437,
            1357.17279999703168869019,
            1451.46799999848008155823,
            1539.23159999772906303406,
            1635.51830000057816505432,
            1729.27419999986886978149,
            1823.41720000281929969788,
            1922.77810000255703926086,
            2017.54139999672770500183
          ],