{
  "format": "mubujson1",
  "numBuffers": 1,
  "numTracks": 1,
  "bufferNames": [
    "off:off 4"
  ],
  "bufferInfos": [
    [
      "label",
      "off:off"
    ]
  ],
  "tracks": [
    {
      "name": "posenet_normalized_selection",
      "mxCols": 8,
      "mxRows": 1,
      "hasVarRows": false,
      "hasTimeTags": true,
      "nonNumType": "none",
      "maxSize": 5000,
      "buffers": [
        {
          "maxSize": 5000,
          "size": 31,
          "sampleRate": 1000.0,
          "sampleOffset": 1974.22730000130832195282,
          "mxRows": 1,
          "mxCols": 8,
          "mxData": [
            -0.76572883129119873047,
            0.73779535293579101563,
            0.57294517755508422852,
            0.68134337663650512695,
            -0.64299130439758300781,
            1.07866585254669189453,
            0.57173353433609008789,
            1.03957486152648925781,
            -0.75136965513229370117,
            0.73965090513229370117,
            0.58966875076293945313,
            0.6804714202880859375,
            -0.6225407719612121582,
            1.09063291549682617188,
            0.60213172435760498047,
            1.05298221111297607422,
            -0.7335847020149230957,
            0.73987060785293579102,
            0.60185784101486206055,
            0.67205345630645751953,
            -0.57050859928131103516,
            1.08169472217559814453,
            0.64607441425323486328,
            1.04816746711730957031,
            -0.64844810962677001953,
            0.72742247581481933594,
            0.7161083221435546875,
            0.6584866642951965332,
            -0.46394449472427368164,
            1.06202256679534912109,
            0.78615844249725341797,
            1.05517899990081787109,
            -0.62220734357833862305,
            0.698307037353515625,
            0.81219172477722167969,
            0.63822335004806518555,
            -0.42787852883338928223,
            1.02454888820648193359,
            0.96009218692779541016,
            1.00838422775268554688,
            -0.70862346887588500977,
            0.65522968769073486328,
            0.77425563335418701172,
            0.5678164362907409668,
            -0.41492831707000732422,
            0.95658349990844726563,
            0.83775001764297485352,
            0.89873200654983520508,
            -0.71297603845596313477,
            0.63494819402694702148,
            0.69094640016555786133,
            0.502899169921875,
            -0.62508696317672729492,
            0.86537474393844604492,
            0.67497432231903076172,
            0.76813483238220214844,
            -0.51050126552581787109,
            0.61440384387969970703,
            0.15454398095607757568,
            0.35456264019012451172,
            -1.02637445926666259766,
            0.71729570627212524414,
            -0.34438550472259521484,
            0.43551307916641235352,
            -0.63661539554595947266,
            0.66619485616683959961,
            -0.12131895124912261963,
            0.24020425975322723389,
            -1.38910377025604248047,
            0.78923171758651733398,
            -1.27081930637359619141,
            0.26343947649002075195,
            -0.56206560134887695313,
            0.72524315118789672852,
            -0.58875507116317749023,
            0.15522785484790802002,
            -1.60509562492370605469,
            0.6394850611686706543,
            -1.86467409133911132813,
            0.14975729584693908691,
            -0.38161706924438476563,
            0.77215790748596191406,
            -0.36714357137680053711,
            0.13067141175270080566,
            -1.48561918735504150391,
            0.6329930424690246582,
            -1.86020958423614501953,
            0.08203149586915969849,
            -0.46416670083999633789,
            0.82158833742141723633,
            0.00327357952482998371,
            0.13452857732772827148,
            -1.52170765399932861328,
            0.65690845251083374023,
            -1.30437159538269042969,
            0.06210586056113243103,
            -0.49131423234939575195,
            0.83834743499755859375,
            0.00804216880351305008,
            0.14669659733772277832,
            -1.54986965656280517578,
            0.66721224784851074219,
            -1.29271531105041503906,
            0.12109317630529403687,
            -0.74322640895843505859,
            0.80512660741806030273,
            -0.25950098037719726563,
            0.17185394465923309326,
            -2.02112746238708496094,
            0.69195246696472167969,
            -1.31316399574279785156,
            0.15798451006412506104,
            -0.47305190563201904297,
            0.78994488716125488281,
            0.22421237826347351074,
            0.15201668441295623779,
            -1.46138775348663330078,
            0.69377487897872924805,
            -1.08317637443542480469,
            0.13843564689159393311,
            0.39498594403266906738,
            0.71562230587005615234,
            1.46870851516723632813,
            0.01835139468312263489,
            0.79123198986053466797,
            0.61632621288299560547,
            0.85006564855575561523,
            -0.08313036710023880005,
            0.39957565069198608398,
            0.61659950017929077148,
            1.27787482738494873047,
            0.02455312758684158325,
            1.14606642723083496094,
            0.61268562078475952148,
            0.79141259193420410156,
            0.03008223511278629303,
            1.26241707801818847656,
            0.58221715688705444336,
            2.46237850189208984375,
            0.10860192030668258667,
            3.26200723648071289063,
            0.58878666162490844727,
            3.55205845832824707031,
            0.03628094121813774109,
            1.10736703872680664063,
            0.5311419367790222168,
            1.99315202236175537109,
            0.1742023080587387085,
            2.81767535209655761719,
            0.56252902746200561523,
            3.339611053466796875,
            0.12566669285297393799,
            0.74811500310897827148,
            0.46820276975631713867,
            1.473293304443359375,
            0.18903172016143798828,
            2.26501488685607910156,
            0.51246279478073120117,
            2.26119303703308105469,
            0.31669539213180541992,
            0.83920001983642578125,
            0.4697234034538269043,
            1.56843304634094238281,
            0.20345726609230041504,
            2.58460259437561035156,
            0.52675729990005493164,
            2.5138912200927734375,
            0.30919951200485229492,
            0.87376081943511962891,
            0.45790952444076538086,
            1.44451045989990234375,
            0.22213371098041534424,
            2.94541215896606445313,
            0.52851206064224243164,
            2.52731585502624511719,
            0.33416807651519775391,
            0.97508585453033447266,
            0.45558193325996398926,
            1.55042421817779541016,
            0.2570559382438659668,
            3.6859226226806640625,
            0.53527498245239257813,
            2.98511552810668945313,
            0.36901247501373291016,
            1.35687327384948730469,
            0.4552860558032989502,
            2.03305912017822265625,
            0.31066375970840454102,
            4.88198137283325195313,
            0.5290362238883972168,
            4.12202930450439453125,
            0.41349825263023376465,
            1.40304267406463623047,
            0.44799625873565673828,
            2.3080654144287109375,
            0.24364429712295532227,
            5.26671123504638671875,
            0.51379400491714477539,
            4.46568632125854492188,
            0.35550934076309204102,
            1.21160352230072021484,
            0.4510574042797088623,
            2.00792384147644042969,
            0.26291421055793762207,
