{
  "format": "mubujson1",
  "numBuffers": 1,
  "numTracks": 1,
  "bufferNames": [
    "off:off 3"
  ],
  "bufferInfos": [
    [
      "label",
      "off:off"
    ]
  ],
  "tracks": [
    {
      "name": "posenet_normalized_selection",
      "mxCols": 8,
      "mxRows": 1,
      "hasVarRows": false,
      "hasTimeTags": true,
      "nonNumType": "none",
      "maxSize": 5000,
      "buffers": [
        {
          "maxSize": 5000,
          "size": 22,
          "sampleRate": 1000.0,
          "sampleOffset": 1974.22730000130832195282,
          "mxRows": 1,
          "mxCols": 8,
          "mxData": [
            -0.76303505897521972656,
            0.72579503059387207031,
            0.56308698654174804688,
            0.66751337051391601563,
            -0.7273514866828918457,
            1.09758710861206054688,
            0.56061446666717529297,
            1.02875745296478271484,
            -0.74347203969955444336,
            0.73078554868698120117,
            0.5610491633415222168,
            0.67037683725357055664,
            -0.63801622390747070313,
            1.08840966224670410156,
            0.56900298595428466797,
            1.02466690540313720703,
            -0.7423699498176574707,
            0.72213590145111083984,
            0.60315489768981933594,
            0.67293941974639892578,
            -0.62931710481643676758,
            1.08907854557037353516,
            0.61339491605758666992,
            1.04637432098388671875,
            -0.76379483938217163086,
            0.68187481164932250977,
            0.67800742387771606445,
            0.64818131923675537109,
            -0.63099426031112670898,
            1.03725957870483398438,
            0.68319296836853027344,
            1.02443587779998779297,
            -0.80662685632705688477,
            0.63812237977981567383,
            0.66434580087661743164,
            0.61948245763778686523,
            -0.78329056501388549805,
            0.95149195194244384766,
            0.60802215337753295898,
            0.97823220491409301758,
            -0.7086588740348815918,
            0.60461449623107910156,
            0.64883011579513549805,
            0.57728081941604614258,
            -0.87471121549606323242,
            0.8520177006721496582,
            0.39515456557273864746,
            0.89122253656387329102,
            -0.68271392583847045898,
            0.63029742240905761719,
            0.27354475855827331543,
            0.40350311994552612305,
            -1.19655537605285644531,
            0.72898656129837036133,
            -0.36013546586036682129,
            0.57444226741790771484,
            -0.83914792537689208984,
            0.70503532886505126953,
            -0.26661893725395202637,
            0.25030657649040222168,
            -1.55253398418426513672,
            0.66556495428085327148,
            -1.24122142791748046875,
            0.30702877044677734375,
            -0.68713164329528808594,
            0.68272346258163452148,
            -0.47124770283699035645,
            0.18792711198329925537,
            -1.60179245471954345703,
            0.53151780366897583008,
            -1.61994528770446777344,
            0.11492339521646499634,
            -0.78967624902725219727,
            0.7267246246337890625,
            -0.51224029064178466797,
            0.21188592910766601563,
            -1.62864553928375244141,
            0.53736579418182373047,
            -1.63596284389495849609,
            0.04645665362477302551,
            -0.74308484792709350586,
            0.73791813850402832031,
            -0.34288445115089416504,
            0.19790251553058624268,
            -1.64261913299560546875,
            0.58272784948348999023,
            -1.53993022441864013672,
            0.07062458992004394531,
            -0.93622511625289916992,
            0.79136073589324951172,
            -0.15119567513465881348,
            0.15416775643825531006,
            -1.98668038845062255859,
            0.66766071319580078125,
            -1.57235395908355712891,
            0.13095510005950927734,
            -0.61166632175445556641,
            0.82217007875442504883,
            0.23565669357776641846,
            0.18464724719524383545,
            -1.55200147628784179688,
            0.63932728767395019531,
            -1.18992364406585693359,
            0.23438432812690734863,
            -0.34246560931205749512,
            0.74079942703247070313,
            0.48135495185852050781,
            0.18577679991722106934,
            -0.98650658130645751953,
            0.62652200460433959961,
            -0.02095676958560943604,
            0.08307991921901702881,
            0.07366048544645309448,
            0.68698632717132568359,
            1.23036313056945800781,
            0.12405353784561157227,
            0.87957054376602172852,
            0.6668300628662109375,
            0.60144191980361938477,
            0.13274355232715606689,
            0.86996865272521972656,
            0.67455983161926269531,
            1.97936546802520751953,
            0.18990927934646606445,
            3.16273570060729980469,
            0.58070713281631469727,
            3.29100584983825683594,
            0.09726982563734054565,
            1.33473062515258789063,
            0.52397274971008300781,
            1.58467531204223632813,
            0.21948097646236419678,
            3.38438510894775390625,
            0.48939985036849975586,
            2.88906383514404296875,
            0.16496825218200683594,
            1.48361873626708984375,
            0.44970056414604187012,
            1.60849821567535400391,
            0.24890054762363433838,
            3.69168543815612792969,
            0.4283885657787322998,
            2.87496161460876464844,
            0.27309760451316833496,
            2.01911711692810058594,
            0.44566446542739868164,
            1.62129139900207519531,
            0.47702863812446594238,
            4.91152334213256835938,
            0.47666764259338378906,
            3.39931893348693847656,
            0.37786185741424560547,
            1.90647566318511962891,
            0.46355223655700683594,
            1.31301295757293701172,
            0.45265048742294311523,
            4.9219799041748046875,
            0.49817287921905517578,
            3.01296758651733398438,
            0.37926322221755981445,
            16.5975704193115234375,
            0.51519757509231567383,
            8.8776874542236328125,
            0.45878189802169799805,
            38.291839599609375,
            0.51770257949829101563,
            21.0743656158447265625,
            0.40432327985763549805,
            4.38848972320556640625,
            0.51597571372985839844,
            1.78574371337890625,
            0.43609631061553955078,
            9.72788524627685546875,
            0.51237666606903076172,
            5.271198272705078125,
            0.37415161728858947754
          ],
          "timeTags": [
            0.0,
            100.69209999777376651764,
            190.55639999918639659882,
            286.77999999932944774628,
            389.79889999702572822571,
            481.51209999993443489075,
            582.73980000056326389313,
            675.20219999924302101135,
            767.41579999960958957672,
            861.37309999763965606689,
            959.2751999981701374054,
            1058.55669999867677688599,
            1148.02730000019073486328,
            1244.76670000143349170685,
            1336.54480000026524066925,
            1428.23429999873042106628,
            1516.03579999879002571106,
            1602.46459999866783618927,
            1693.4189999997615814209,
            1790.94150000065565109253,
            1882.74280000105500221252,
            1979.68380000069737434387
          ],