{
  "format": "mubujson1",
  "numBuffers": 1,
  "numTracks": 1,
  "bufferNames": [
    "off:off 3"
  ],
  "bufferInfos": [
    [
      "label",
      "off:off"
    ]
  ],
  "tracks": [
    {
      "name": "posenet_normalized_selection",
      "mxCols": 8,
      "mxRows": 1,
      "hasVarRows": false,
      "hasTimeTags": true,
      "nonNumType": "none",
      "maxSize": 5000,
      "buffers": [
        {
          "maxSize": 5000,
          "size": 22,
          "sampleRate": 1000.0,
          "sampleOffset": 0.0,
          "mxRows": 1,
          "mxCols": 8,
          "mxData": [
            -0.81986612081527709961,
            0.70909869670867919922,
            0.51629602909088134766,
            0.68130612373352050781,
            -0.70894283056259155273,
            1.0823116302490234375,
            0.5542780756950378418,
            1.02652573585510253906,
            -0.83822405338287353516,
            0.69415271282196044922,
            0.51731216907501220703,
            0.67161977291107177734,
            -0.70162016153335571289,
            1.06795561313629150391,
            0.55872756242752075195,
            1.01680445671081542969,
            -0.86497861146926879883,
            0.68541181087493896484,
            0.58550775051116943359,
            0.66941505670547485352,
            -0.69145250320434570313,
            1.06174218654632568359,
            0.65997254848480224609,
            1.00823199748992919922,
            -0.87697941064834594727,
            0.67609411478042602539,
            0.64253735542297363281,
            0.6547718048095703125,
            -0.64867871999740600586,
            1.04487049579620361328,
            0.79229116439819335938,
            1.00042986869812011719,
            -0.96385031938552856445,
            0.67240035533905029297,
            0.81223982572555541992,
            0.62342512607574462891,
            -0.70937997102737426758,
            1.01496982574462890625,
            1.06404948234558105469,
            0.97287213802337646484,
            -0.86967819929122924805,
            0.62547862529754638672,
            0.86805009841918945313,
            0.56535989046096801758,
            -0.7535533905029296875,
            0.93138754367828369141,
            1.10547387599945068359,
            0.90002262592315673828,
            -0.74618554115295410156,
            0.56221777200698852539,
            0.81394344568252563477,
            0.44075673818588256836,
            -0.9720261693000793457,
            0.71770870685577392578,
            0.9305565953254699707,
            0.67981642484664916992,
            -0.74132132530212402344,
            0.59790122509002685547,
            0.79213428497314453125,
            0.37504410743713378906,
            -1.17153894901275634766,
            0.70233327150344848633,
            0.70542627573013305664,
            0.49306201934814453125,
            -0.6686159968376159668,
            0.61757439374923706055,
            0.33451798558235168457,
            0.1963297724723815918,
            -1.23174226284027099609,
            0.56701070070266723633,
            -0.58665204048156738281,
            0.12773948907852172852,
            -0.88497346639633178711,
            0.65217041969299316406,
            0.01024511270225048065,
            0.14004431664943695068,
            -1.56647622585296630859,
            0.48513057827949523926,
            -1.20523536205291748047,
            -0.01216213591396808624,
            -0.72533434629440307617,
            0.68235582113265991211,
            -0.55968052148818969727,
            0.13302312791347503662,
            -1.60701429843902587891,
            0.45609191060066223145,
            -1.91500794887542724609,
            0.03647854551672935486,
            -0.71185117959976196289,
            0.70994782447814941406,
            -0.50366646051406860352,
            0.13503411412239074707,
            -1.50039577484130859375,
            0.47766473889350891113,
            -1.81923615932464599609,
            0.03680185228586196899,
            -0.24059922993183135986,
            0.7768452763557434082,
            -0.13840310275554656982,
            0.16408747434616088867,
            -1.26296103000640869141,
            0.52507859468460083008,
            -1.27639889717102050781,
            0.09767958521842956543,
            -0.35240256786346435547,
            0.78715240955352783203,
            -0.3011601567268371582,
            0.17443670332431793213,
            -1.4085407257080078125,
            0.57433247566223144531,
            -1.35197293758392333984,
            0.12870033085346221924,
            -0.40442919731140136719,
            0.80382448434829711914,
            -0.14077429473400115967,
            0.18408147990703582764,
            -1.44083738327026367188,
            0.65615403652191162109,
            -1.07432246208190917969,
            0.13416180014610290527,
            -0.43333721160888671875,
            0.81664437055587768555,
            0.13076935708522796631,
            0.10673631727695465088,
            -1.47599816322326660156,
            0.71560686826705932617,
            -1.15282225608825683594,
            0.14115056395530700684,
            -0.35515677928924560547,
            0.78670126199722290039,
            0.45090365409851074219,
            0.1164564862847328186,
            -1.26839971542358398438,
            0.7034676671028137207,
            -0.77224445343017578125,
            0.09151889383792877197,
            -0.14409658312797546387,
            0.6995951533317565918,
            0.64922434091567993164,
            0.08788180351257324219,
            -0.52942621707916259766,
            0.63577198982238769531,
            -0.17473928630352020264,
            -0.0127666303887963295,
            0.888111114501953125,
            0.61465704441070556641,
            1.19917047023773193359,
            0.16303271055221557617,
            2.31687569618225097656,
            0.50796198844909667969,
            1.86629855632781982422,
            -0.01244357042014598846,
            1.20365369319915771484,
            0.52866691350936889648,
            1.46914494037628173828,
            0.16973090171813964844,
            2.88959336280822753906,
            0.45534795522689819336,
            2.81903696060180664063,
            0.0719632953405380249,
            1.85359561443328857422,
            0.40820705890655517578,
            0.64369481801986694336,
            0.15005734562873840332,
            3.7068500518798828125,
            0.43983909487724304199,
            2.844573974609375,
            0.09086517989635467529,
            1.81597268581390380859,
            0.43406814336776733398,
            -0.29929301142692565918,
            0.16690681874752044678,
            3.0391407012939453125,
            0.44819214940071105957,
            1.69103634357452392578,
            0.15239676833152770996
          ],
          "timeTags": [
            24.46049999818205833435,
            119.86559999920427799225,
            213.95579999871551990509,
            309.0353999994695186615,
            400.51119999773800373077,
            492.4384999983012676239,
            586.41569999977946281433,
            680.51159999892115592957,
            771.15319999866187572479,
            866.39899999834597110748,
            962.11659999936819076538,
            1054.21359999850392341614,
            1146.40529999881982803345,
            1234.21339999884366989136,
            1325.24729999899864196777,
            1419.57519999891519546509,
            1514.05739999935030937195,
            1607.46849999949336051941,
            1699.42420000024139881134,
            1791.05179999768733978271,
            1885.33479999937117099762,
            1983.37009999901056289673
          ],