{
  "format": "mubujson1",
  "numBuffers": 1,
  "numTracks": 1,
  "bufferNames": [
    "off:off 2"
  ],
  "bufferInfos": [
    [
      "label",
      "off:off"
    ]
  ],
  "tracks": [
    {
      "name": "posenet_normalized_selection",
      "mxCols": 8,
      "mxRows": 1,
      "hasVarRows": false,
      "hasTimeTags": true,
      "nonNumType": "none",
      "maxSize": 5000,
      "buffers": [
        {
          "maxSize": 5000,
          "size": 21,
          "sampleRate": 1000.0,
          "sampleOffset": 1927.14730000123381614685,
          "mxRows": 1,
          "mxCols": 8,
          "mxData": [
            -0.7715924382209777832,
            0.71925973892211914063,
            0.54052484035491943359,
            0.68978977203369140625,
            -0.7235895991325378418,
            1.07129073143005371094,
            0.52225744724273681641,
            1.04827594757080078125,
            -0.77466297149658203125,
            0.71078526973724365234,
            0.537372589111328125,
            0.69081616401672363281,
            -0.67749840021133422852,
            1.07278132438659667969,
            0.55271267890930175781,
            1.04536008834838867188,
            -0.82907289266586303711,
            0.67031246423721313477,
            0.60344254970550537109,
            0.68314534425735473633,
            -0.67498064041137695313,
            1.05339348316192626953,
            0.67980962991714477539,
            1.05118596553802490234,
            -0.84098261594772338867,
            0.6368923187255859375,
            0.68274271488189697266,
            0.65520799160003662109,
            -0.66426587104797363281,
            0.98955386877059936523,
            0.75055718421936035156,
            1.02954089641571044922,
            -0.83445072174072265625,
            0.63265150785446166992,
            0.74652969837188720703,
            0.61808216571807861328,
            -0.74732422828674316406,
            0.94319635629653930664,
            0.82041078805923461914,
            0.96754950284957885742,
            -0.8580462336540222168,
            0.59420090913772583008,
            0.7394046783447265625,
            0.51614415645599365234,
            -0.92492222785949707031,
            0.83709365129470825195,
            0.74157232046127319336,
            0.81873160600662231445,
            -0.72256791591644287109,
            0.55491155385971069336,
            0.5040079951286315918,
            0.3899193108081817627,
            -1.28486967086791992188,
            0.64668679237365722656,
            0.02550065703690052032,
            0.53251844644546508789,
            -0.84764093160629272461,
            0.59331852197647094727,
            0.16131056845188140869,
            0.3143202662467956543,
            -1.39366936683654785156,
            0.57489109039306640625,
            -0.69840574264526367188,
            0.37618911266326904297,
            -0.81663781404495239258,
            0.64639830589294433594,
            -0.44100782275199890137,
            0.15092745423316955566,
            -1.55125141143798828125,
            0.42019441723823547363,
            -1.50582945346832275391,
            0.09725193679332733154,
            -0.9504858851432800293,
            0.67610770463943481445,
            -0.44761526584625244141,
            0.16270911693572998047,
            -1.55829131603240966797,
            0.47825425863265991211,
            -1.65556108951568603516,
            0.08149919658899307251,
            -0.64549249410629272461,
            0.74703800678253173828,
            -0.21634373068809509277,
            0.18768955767154693604,
            -1.35429823398590087891,
            0.57514846324920654297,
            -1.24365580081939697266,
            0.10475391894578933716,
            -0.64250898361206054688,
            0.74603009223937988281,
            -0.022669229656457901,
            0.19816549122333526611,
            -1.42686426639556884766,
            0.58468073606491088867,
            -1.21020019054412841797,
            0.17145386338233947754,
            -0.62192672491073608398,
            0.78076225519180297852,
            0.0820083916187286377,
            0.16704325377941131592,
            -1.58499848842620849609,
            0.6995143890380859375,
            -0.9999993443489074707,
            0.19915249943733215332,
            -0.47818389534950256348,
            0.75480580329895019531,
            0.28618079423904418945,
            0.11658778786659240723,
            -1.40336954593658447266,
            0.65415203571319580078,
            -0.86732459068298339844,
            0.1876932680606842041,
            -0.07911752164363861084,
            0.80332785844802856445,
            0.68179607391357421875,
            0.20870317518711090088,
            -0.67360723018646240234,
            0.62788766622543334961,
            0.0946776270866394043,
            0.0541834607720375061,
            -0.36862072348594665527,
            0.57128298282623291016,
            1.42533540725708007813,
            0.07751557976007461548,
            0.27156108617782592773,
            0.56194412708282470703,
            1.15962839126586914063,
            0.0707469061017036438,
            0.96490454673767089844,
            0.6015250086784362793,
            1.52853858470916748047,
            0.16259522736072540283,
            2.93216776847839355469,
            0.51865255832672119141,
            2.75108051300048828125,
            0.087900504469871521,
            1.52267587184906005859,
            0.4375800788402557373,
            1.46663987636566162109,
            0.12106011062860488892,
            3.58393549919128417969,
            0.47250002622604370117,
            3.00303697586059570313,
            0.06431877613067626953,
            4.59067773818969726563,
            0.44103649258613586426,
            1.73384523391723632813,
            0.14327345788478851318,
            10.3199138641357421875,
            0.46283775568008422852,
            6.90676069259643554688,
            0.08133467286825180054,
            1.19780278205871582031,
            0.46646264195442199707,
            0.21816961467266082764,
            0.18133273720741271973,
            2.70570135116577148438,
            0.48766317963600158691,
            1.54937565326690673828,
            0.16093672811985015869,
            0.94297158718109130859,
            0.4643631279468536377,
            0.05625576525926589966,
            0.20011319220066070557,
            1.70632886886596679688,
            0.48902624845504760742,
            0.95760846138000488281,
            0.16328166425228118896
          ],
          "timeTags": [
            89.68900000117719173431,
            183.309800000861287117,
            273.8128000013530254364,
            368.60240000113844871521,
            460.21070000156760215759,
            550.28750000149011611938,
            646.355500001460313797,
            745.14660000242292881012,
            849.45380000211298465729,
            947.26940000057220458984,
            1033.30829999968409538269,
            1131.92870000191032886505,
            1220.51670000143349170685,
            1316.81230000033974647522,
            1407.30270000360906124115,
            1500.02630000188946723938,
            1591.8088000025600194931,
            1683.38610000349581241608,
            1781.98080000095069408417,
            1871.3300000019371509552,
            1966.15430000238120555878
          ],
          "info": [
            "FileName",
            "2020-06-30_15-13-39_8376d3d0-bad3-11ea-9f5b-8df294b31e94.mubu",
            "gui",
            "autobounds minmax, shape envelopebpf, interface multibpf, opacity 1, colormode rainbow, hidenotforemost 1"
          ]
        }
      ]
    }
  ]
}