{
  "format": "mubujson1",
  "numBuffers": 1,
  "numTracks": 1,
  "bufferNames": [
    "off:off 1"
  ],
  "bufferInfos": [
    [
      "label",
      "off:off"
    ]
  ],
  "tracks": [
    {
      "name": "posenet_normalized_selection",
      "mxCols": 8,
      "mxRows": 1,
      "hasVarRows": false,
      "hasTimeTags": true,
      "nonNumType": "none",
      "maxSize": 5000,
      "buffers": [
        {
          "maxSize": 5000,
          "size": 21,
          "sampleRate": 1000.0,
          "sampleOffset": 0.0,
          "mxRows": 1,
          "mxCols": 8,
          "mxData": [
            -0.81375163793563842773,
            0.65594214200973510742,
            0.5690180659294128418,
            0.6901963353157043457,
            -0.78787773847579956055,
            0.99768185615539550781,
            0.48607230186462402344,
            1.0169830322265625,
            -0.81537020206451416016,
            0.65396791696548461914,
            0.57287883758544921875,
            0.68901240825653076172,
            -0.78882652521133422852,
            0.99706268310546875,
            0.50267362594604492188,
            1.01511323451995849609,
            -0.81235772371292114258,
            0.65841615200042724609,
            0.570568084716796875,
            0.68995636701583862305,
            -0.77877837419509887695,
            1.00495815277099609375,
            0.49510285258293151855,
            1.01992166042327880859,
            -0.81852692365646362305,
            0.65724903345108032227,
            0.5723578333854675293,
            0.68403953313827514648,
            -0.77501475811004638672,
            0.99825167655944824219,
            0.50660878419876098633,
            1.00707423686981201172,
            -0.82134681940078735352,
            0.6562373042106628418,
            0.58881080150604248047,
            0.66848641633987426758,
            -0.76930665969848632813,
            1.00541889667510986328,
            0.53334158658981323242,
            0.99836188554763793945,
            -0.83400052785873413086,
            0.63353645801544189453,
            0.62704163789749145508,
            0.65499931573867797852,
            -0.76908546686172485352,
            0.96588051319122314453,
            0.61244493722915649414,
            0.99049347639083862305,
            -0.77846950292587280273,
            0.58209580183029174805,
            0.59999543428421020508,
            0.59343701601028442383,
            -0.8594099879264831543,
            0.86627608537673950195,
            0.50619500875473022461,
            0.92891424894332885742,
            -0.56065773963928222656,
            0.65481370687484741211,
            0.28466343879699707031,
            0.41436308622360229492,
            -1.05927956104278564453,
            0.66464573144912719727,
            -0.50993818044662475586,
            0.62484014034271240234,
            -0.82441467046737670898,
            0.6153519749641418457,
            -0.17247800529003143311,
            0.38989031314849853516,
            -1.72570514678955078125,
            0.57162654399871826172,
            -0.97073155641555786133,
            0.41190585494041442871,
            -0.81812536716461181641,
            0.63652110099792480469,
            -0.16830314695835113525,
            0.27415961027145385742,
            -1.59704303741455078125,
            0.41400650143623352051,
            -1.33598113059997558594,
            0.17906820774078369141,
            -0.79468297958374023438,
            0.69463104009628295898,
            -0.02806178480386734009,
            0.20194832980632781982,
            -1.48602771759033203125,
            0.52022182941436767578,
            -1.16145825386047363281,
            0.14423716068267822266,
            -0.6602325439453125,
            0.69740122556686401367,
            0.06754589825868606567,
            0.12348610907793045044,
            -1.30046570301055908203,
            0.52728432416915893555,
            -0.91884118318557739258,
            0.12131033837795257568,
            -0.77683359384536743164,
            0.71779245138168334961,
            0.24203328788280487061,
            0.15291562676429748535,
            -1.71305131912231445313,
            0.56245529651641845703,
            -0.94023054838180541992,
            0.1485745161771774292,
            -1.05634593963623046875,
            0.74659979343414306641,
            0.35701566934585571289,
            0.18247690796852111816,
            -2.22351765632629394531,
            0.55482089519500732422,
            -1.51106560230255126953,
            0.1862188875675201416,
            -1.04744124412536621094,
            0.69774031639099121094,
            -0.16574622690677642822,
            0.13030652701854705811,
            -2.02736425399780273438,
            0.60114169120788574219,
            -1.68360042572021484375,
            0.17291958630084991455,
            -0.80008959770202636719,
            0.72759681940078735352,
            0.26042625308036804199,
            0.14770808815956115723,
            -1.69465768337249755859,
            0.62039983272552490234,
            -1.29970121383666992188,
            0.18155415356159210205,
            0.43950730562210083008,
            0.66540300846099853516,
            1.24314546585083007813,
            0.1205678209662437439,
            1.23076593875885009766,
            0.5712121129035949707,
            1.03336608409881591797,
            0.26410675048828125,
            1.20474731922149658203,
            0.54252278804779052734,
            1.43736600875854492188,
            0.1541481316089630127,
            2.53134846687316894531,
            0.41499975323677062988,
            2.16536855697631835938,
            0.05202832818031311035,
            1.34006917476654052734,
            0.45315831899642944336,
            1.63937032222747802734,
            0.23709011077880859375,
            3.38115644454956054688,
            0.44382426142692565918,
            3.04281973838806152344,
            0.18065869808197021484,
            1.50642716884613037109,
            0.49262580275535583496,
            1.38278174400329589844,
            0.21576102077960968018,
            3.74667429924011230469,
            0.4726530909538269043,
            3.13721013069152832031,
            0.16682183742523193359,
            2.95304822921752929688,
            0.52227026224136352539,
            2.82180547714233398438,
            0.21169863641262054443,
            7.103984832763671875,
            0.50760865211486816406,
            5.46651363372802734375,
            0.20476324856281280518
          ],
          "timeTags": [
            57.03559999912977218628,
            158.19299999997019767761,
            258.09630000218749046326,
            360.49399999901652336121,
            468.15560000017285346985,
            573.32759999856352806091,
            673.88920000195503234863,
            773.29109999909996986389,
            865.79699999839067459106,
            960.18109999969601631165,
            1055.69319999590516090393,
            1150.77980000153183937073,
            1246.14330000057816505432,
            1341.15540000051259994507,
            1436.40860000252723693848,
            1531.28839999809861183167,
            1629.03640000149607658386,
            1723.21179999783635139465,
            1820.94249999895691871643,
            1915.54170000180602073669,
            2008.9451000019907951355
          ],
          "info": [
            "FileName",
            "2020-06-30_15-13-39_8376d3d0-bad3-11ea-9f5b-8df294b31e94.mubu",
            "gui",
            "autobounds minmax, shape envelopebpf, interface multibpf, opacity 1, colormode rainbow, hidenotforemost 1"
          ]
        }
      ]
    }
  ]
}