{
  "format": "mubujson1",
  "numBuffers": 1,
  "numTracks": 1,
  "bufferNames": [
    "off:off 2"
  ],
  "bufferInfos": [
    [
      "label",
      "off:off"
    ]
  ],
  "tracks": [
    {
      "name": "posenet_normalized_selection",
      "mxCols": 8,
      "mxRows": 1,
      "hasVarRows": false,
      "hasTimeTags": true,
      "nonNumType": "none",
      "maxSize": 5000,
      "buffers": [
        {
          "maxSize": 5000,
          "size": 21,
          "sampleRate": 1000.0,
          "sampleOffset": 0.0,
          "mxRows": 1,
          "mxCols": 8,
          "mxData": [
            -0.75059026479721069336,
            0.72598779201507568359,
            0.59225195646286010742,
            0.6680329442024230957,
            -0.73317098617553710938,
            1.09450459480285644531,
            0.56773853302001953125,
            1.03043282032012939453,
            -0.75748223066329956055,
            0.73242956399917602539,
            0.5724003911018371582,
            0.67431122064590454102,
            -0.6524359583854675293,
            1.07871484756469726563,
            0.54675793647766113281,
            1.03780734539031982422,
            -0.72276705503463745117,
            0.72688603401184082031,
            0.59262448549270629883,
            0.66086095571517944336,
            -0.63949352502822875977,
            1.07350242137908935547,
            0.57058489322662353516,
            1.0261058807373046875,
            -0.74948656558990478516,
            0.72068166732788085938,
            0.64256054162979125977,
            0.65761935710906982422,
            -0.64286369085311889648,
            1.07980060577392578125,
            0.6327762603759765625,
            1.02821433544158935547,
            -0.79892700910568237305,
            0.66654860973358154297,
            0.72593611478805541992,
            0.66152882575988769531,
            -0.75519913434982299805,
            1.05762493610382080078,
            0.73818302154541015625,
            1.03473591804504394531,
            -0.81902742385864257813,
            0.6409085392951965332,
            0.78147602081298828125,
            0.62085974216461181641,
            -0.86661136150360107422,
            0.98260980844497680664,
            0.79612815380096435547,
            0.99061948060989379883,
            -0.72877287864685058594,
            0.61863172054290771484,
            0.69245636463165283203,
            0.51608228683471679688,
            -1.031162261962890625,
            0.82746511697769165039,
            0.53930658102035522461,
            0.77990561723709106445,
            -0.70528739690780639648,
            0.63380509614944458008,
            0.66144156455993652344,
            0.39212492108345031738,
            -1.22888100147247314453,
            0.78411120176315307617,
            0.17015923559665679932,
            0.53226763010025024414,
            -0.77249765396118164063,
            0.6980444788932800293,
            -0.02935173921287059784,
            0.27035659551620483398,
            -1.54520416259765625,
            0.67834657430648803711,
            -0.67631369829177856445,
            0.25288987159729003906,
            -0.8930714726448059082,
            0.67665177583694458008,
            -0.19339688122272491455,
            0.18147961795330047607,
            -1.64102685451507568359,
            0.59554636478424072266,
            -0.94188195466995239258,
            0.07923329621553421021,
            -0.59555125236511230469,
            0.71687161922454833984,
            -0.51057255268096923828,
            0.14351852238178253174,
            -1.39738404750823974609,
            0.61497640609741210938,
            -1.76672542095184326172,
            0.11171849817037582397,
            -0.46483170986175537109,
            0.7425639033317565918,
            -0.35712173581123352051,
            0.15765312314033508301,
            -1.50182795524597167969,
            0.63113266229629516602,
            -1.7563762664794921875,
            0.1160764545202255249,
            -0.46978718042373657227,
            0.79620361328125,
            -0.21181859076023101807,
            0.16614907979965209961,
            -1.36893427371978759766,
            0.6539211273193359375,
            -1.51650190353393554688,
            0.1270869821310043335,
            -0.5134150385856628418,
            0.81640529632568359375,
            0.05382994189858436584,
            0.20664973556995391846,
            -1.59878242015838623047,
            0.66896837949752807617,
            -1.41849315166473388672,
            0.20904327929019927979,
            -0.78285384178161621094,
            0.82421851158142089844,
            0.16011580824851989746,
            0.14071004092693328857,
            -1.91816449165344238281,
            0.6947320103645324707,
            -1.11137998104095458984,
            0.16075977683067321777,
            -0.56718039512634277344,
            0.77736449241638183594,
            0.2104123532772064209,
            0.11607237905263900757,
            -1.44731235504150390625,
            0.62266552448272705078,
            -1.03110253810882568359,
            0.09864508360624313354,
            -0.19066688418388366699,
            0.79016977548599243164,
            0.4803682863712310791,
            0.15132069587707519531,
            -0.77308690547943115234,
            0.57253223657608032227,
            -0.25574532151222229004,
            0.0573827698826789856,
            0.82954007387161254883,
            0.63761961460113525391,
            0.96610981225967407227,
            0.15452148020267486572,
            2.51113414764404296875,
            0.47105157375335693359,
            1.64105761051177978516,
            0.01685396023094654083,
            2.52741909027099609375,
            0.46689909696578979492,
            2.29006791114807128906,
            0.07215785980224609375,
            5.61418962478637695313,
            0.37840479612350463867,
            4.73240423202514648438,
            0.00261020241305232048,
            2.77169156074523925781,
            0.40941089391708374023,
            2.27105593681335449219,
            0.14852313697338104248,
            5.78283834457397460938,
            0.40392568707466125488,
            5.35403108596801757813,
            0.09253741800785064697,
            4.6886539459228515625,
            0.42093312740325927734,
            3.98708510398864746094,
            0.20583333075046539307,
            10.63568019866943359375,
            0.40993973612785339355,
            10.3525562286376953125,
            0.1484788060188293457
          ],
          "timeTags": [
            51.68619999848306179047,
            143.99840000085532665253,
            236.23290000110864639282,
            337.60840000025928020477,
            431.56730000115931034088,
            525.43980000168085098267,
            615.56570000015199184418,
            708.1404999997466802597,
            804.09810000099241733551,
            892.86099999956786632538,
            985.19649999961256980896,
            1079.33299999870359897614,
            1175.61189999990165233612,
            1274.10569999925792217255,
            1367.60179999843239784241,
            1465.22890000045299530029,
            1555.28619999997317790985,
            1648.05570000037550926208,
            1743.71629999950528144836,
            1831.66449999995529651642,
            1919.89230000041425228119
          ],
          "info": [
            "FileName",
            "2020-06-30_15-13-39_8376d3d0-bad3-11ea-9f5b-8df294b31e94.mubu",
            "gui",
            "autobounds minmax, shape envelopebpf, interface multibpf, opacity 1, colormode rainbow, hidenotforemost 1"
          ]
        }
      ]
    }
  ]
}