{
  "format": "mubujson1",
  "numBuffers": 1,
  "numTracks": 1,
  "bufferNames": [
    "off:off 4"
  ],
  "bufferInfos": [
    [
      "label",
      "off:off"
    ]
  ],
  "tracks": [
    {
      "name": "posenet_normalized_selection",
      "mxCols": 8,
      "mxRows": 1,
      "hasVarRows": false,
      "hasTimeTags": true,
      "nonNumType": "none",
      "maxSize": 5000,
      "buffers": [
        {
          "maxSize": 5000,
          "size": 21,
          "sampleRate": 1000.0,
          "sampleOffset": 1983.37009999901056289673,
          "mxRows": 1,
          "mxCols": 8,
          "mxData": [
            -0.74103128910064697266,
            0.77021735906600952148,
            0.58341747522354125977,
            0.7024211883544921875,
            -0.66102045774459838867,
            1.11228322982788085938,
            0.57744175195693969727,
            1.07665741443634033203,
            -0.73163205385208129883,
            0.75624513626098632813,
            0.59026181697845458984,
            0.69181710481643676758,
            -0.65356165170669555664,
            1.09883522987365722656,
            0.60187494754791259766,
            1.06756675243377685547,
            -0.7551276087760925293,
            0.73581451177597045898,
            0.58172589540481567383,
            0.69275081157684326172,
            -0.64335334300994873047,
            1.09327733516693115234,
            0.56795698404312133789,
            1.05842840671539306641,
            -0.74641728401184082031,
            0.72522467374801635742,
            0.65780711174011230469,
            0.6898924708366394043,
            -0.60278242826461791992,
            1.09441280364990234375,
            0.66172087192535400391,
            1.04722321033477783203,
            -0.86506253480911254883,
            0.67775785923004150391,
            0.72779417037963867188,
            0.68967789411544799805,
            -0.64660805463790893555,
            1.02181673049926757813,
            0.78461050987243652344,
            1.06672751903533935547,
            -0.85308480262756347656,
            0.63923949003219604492,
            0.69656336307525634766,
            0.63200217485427856445,
            -0.73535573482513427734,
            0.94554364681243896484,
            0.72610503435134887695,
            0.97356384992599487305,
            -0.72888278961181640625,
            0.55980736017227172852,
            0.48608991503715515137,
            0.51436883211135864258,
            -1.05096125602722167969,
            0.70727288722991943359,
            0.22892892360687255859,
            0.76748365163803100586,
            -0.85183644294738769531,
            0.65815299749374389648,
            0.00675530824810266495,
            0.31416979432106018066,
            -1.414546966552734375,
            0.54971462488174438477,
            -1.32415425777435302734,
            0.47451150417327880859,
            -0.85244071483612060547,
            0.66787058115005493164,
            -0.37702098488807678223,
            0.19414430856704711914,
            -1.54201328754425048828,
            0.43559506535530090332,
            -1.49089837074279785156,
            0.05268118530511856079,
            -1.06628513336181640625,
            0.69873511791229248047,
            -0.4432118535041809082,
            0.18172635138034820557,
            -1.79647076129913330078,
            0.44896793365478515625,
            -1.63534915447235107422,
            0.0065707862377166748,
            -0.66910213232040405273,
            0.74771630764007568359,
            0.30227011442184448242,
            0.16281358897686004639,
            -1.45290613174438476563,
            0.53527474403381347656,
            -0.71165519952774047852,
            0.094290904700756073,
            -0.25412490963935852051,
            0.79083925485610961914,
            0.64444130659103393555,
            0.14541409909725189209,
            -0.7806695103645324707,
            0.53170275688171386719,
            -0.16491432487964630127,
            0.08457553386688232422,
            0.43979427218437194824,
            0.64456164836883544922,
            1.57907640933990478516,
            0.07475620508193969727,
            0.98557078838348388672,
            0.52232778072357177734,
            0.97894251346588134766,
            0.06038649752736091614,
            0.79647457599639892578,
            0.62620598077774047852,
            1.20266091823577880859,
            0.1382217705249786377,
            2.11808133125305175781,
            0.52076876163482666016,
            1.94234132766723632813,
            -0.01204525120556354523,
            0.93347936868667602539,
            0.44869476556777954102,
            1.79007160663604736328,
            0.16865707933902740479,
            2.60533499717712402344,
            0.47143468260765075684,
            3.10432267189025878906,
            0.09399157017469406128,
            0.89094424247741699219,
            0.43138787150382995605,
            1.662960052490234375,
            0.1665732264518737793,
            2.45292568206787109375,
            0.46276301145553588867,
            2.86833095550537109375,
            0.08516824245452880859,
            0.8999049067497253418,
            0.4357884526252746582,
            1.56050944328308105469,
            0.19156432151794433594,
            2.49424123764038085938,
            0.44957262277603149414,
            2.77717685699462890625,
            0.07533178478479385376,
            0.90941357612609863281,
            0.43268921971321105957,
            1.54894280433654785156,
            0.19630827009677886963,
            2.60301446914672851563,
            0.441318511962890625,
            2.83771467208862304688,
            0.07779590785503387451,
            1.02404773235321044922,
            0.4361114501953125,
            1.65018820762634277344,
            0.19475616514682769775,
            2.77664422988891601563,
            0.4603570401668548584,
            3.02716398239135742188,
            0.07289454340934753418,
            0.92498910427093505859,
            0.44241401553153991699,
            1.49251031875610351563,
            0.23232552409172058105,
            2.60824537277221679688,
            0.45614331960678100586,
            2.83777070045471191406,
            0.08468061685562133789,
            0.91719573736190795898,
            0.43655318021774291992,
            1.42565023899078369141,
            0.21703360974788665771,
            2.56211376190185546875,
            0.45867621898651123047,
            2.77288603782653808594,
            0.0844469219446182251
          ],
          "timeTags": [
            26.12890000082552433014,
            123.11630000174045562744,
            223.91400000080466270447,
            317.49220000021159648895,
            420.93140000104904174805,
            521.48660000227391719818,
            624.03480000048875808716,
            722.07480000145733356476,
            815.44380000047385692596,
            912.2999000009149312973,
            1007.65500000119209289551,
            1113.49469999969005584717,
            1216.3198000006377696991,
            1307.38500000163912773132,
            1398.4461000002920627594,
            1489.16550000011920928955,
            1600.21430000104010105133,
            1700.27639999985694885254,
            1789.36620000004768371582,
            1882.12849999964237213135,
            1978.41840000078082084656
          ],
          "info": [
            "FileName",
            "2020-06-30_15-13-39_8376d3d0-bad3-11ea-9f5b-8df294b31e94.mubu",
            "gui",
            "autobounds minmax, shape envelopebpf, interface multibpf, opacity 1, colormode rainbow, hidenotforemost 1"
          ]
        }
      ]
    }
  ]
}