{
  "format": "mubujson1",
  "numBuffers": 1,
  "numTracks": 1,
  "bufferNames": [
    "off:off 1"
  ],
  "bufferInfos": [
    [
      "label",
      "off:off"
    ]
  ],
  "tracks": [
    {
      "name": "posenet_normalized_selection",
      "mxCols": 8,
      "mxRows": 1,
      "hasVarRows": false,
      "hasTimeTags": true,
      "nonNumType": "none",
      "maxSize": 5000,
      "buffers": [
        {
          "maxSize": 5000,
          "size": 21,
          "sampleRate": 1000.0,
          "sampleOffset": 0.0,
          "mxRows": 1,
          "mxCols": 8,
          "mxData": [
            -0.77334100008010864258,
            0.67896926403045654297,
            0.58766686916351318359,
            0.70590263605117797852,
            -0.71359860897064208984,
            1.07664167881011962891,
            0.58517676591873168945,
            1.08794271945953369141,
            -0.77007424831390380859,
            0.68625980615615844727,
            0.59233874082565307617,
            0.71470963954925537109,
            -0.71872699260711669922,
            1.08913564682006835938,
            0.59737694263458251953,
            1.08842885494232177734,
            -0.78427451848983764648,
            0.68574863672256469727,
            0.58884215354919433594,
            0.70732885599136352539,
            -0.72569394111633300781,
            1.08144974708557128906,
            0.58877938985824584961,
            1.08158433437347412109,
            -0.78489160537719726563,
            0.68523985147476196289,
            0.59348952770233154297,
            0.68277591466903686523,
            -0.71120125055313110352,
            1.07904028892517089844,
            0.58966493606567382813,
            1.07101869583129882813,
            -0.79483634233474731445,
            0.67353951930999755859,
            0.60324972867965698242,
            0.67227709293365478516,
            -0.69071841239929199219,
            1.06303620338439941406,
            0.64922535419464111328,
            1.04856157302856445313,
            -0.77227747440338134766,
            0.6711966395378112793,
            0.78125238418579101563,
            0.64800411462783813477,
            -0.57328915596008300781,
            0.96773278713226318359,
            0.96750235557556152344,
            0.97012531757354736328,
            -0.81732130050659179688,
            0.64577764272689819336,
            0.824947357177734375,
            0.5890324711799621582,
            -0.61718326807022094727,
            0.91146349906921386719,
            1.03145730495452880859,
            0.92736166715621948242,
            -0.73355710506439208984,
            0.58233809471130371094,
            0.83310800790786743164,
            0.48399299383163452148,
            -0.68847984075546264648,
            0.7737324833869934082,
            1.01152765750885009766,
            0.78333550691604614258,
            -0.73212349414825439453,
            0.60554414987564086914,
            0.30131432414054870605,
            0.17638473212718963623,
            -1.2601985931396484375,
            0.50551140308380126953,
            -0.06665107607841491699,
            0.13687238097190856934,
            -1.00434088706970214844,
            0.65339374542236328125,
            -0.01347708236426115036,
            0.14580535888671875,
            -1.60445058345794677734,
            0.46307614445686340332,
            -1.036121368408203125,
            0.02406403794884681702,
            -0.8072509765625,
            0.65867578983306884766,
            -0.39125829935073852539,
            0.07859152555465698242,
            -1.69264268875122070313,
            0.43761554360389709473,
            -1.76333475112915039063,
            0.02095513232052326202,
            -0.46414697170257568359,
            0.7317402958869934082,
            -0.0518871694803237915,
            0.12443758547306060791,
            -1.22628641128540039063,
            0.49457684159278869629,
            -1.13636028766632080078,
            0.06253366917371749878,
            -0.5343888401985168457,
            0.80323874950408935547,
            -0.46191039681434631348,
            0.12035997956991195679,
            -1.29506182670593261719,
            0.57885909080505371094,
            -1.12339580059051513672,
            0.11409449577331542969,
            -0.50621867179870605469,
            0.83824872970581054688,
            -0.03624043986201286316,
            0.12246877700090408325,
            -1.46861314773559570313,
            0.61563706398010253906,
            -1.35167229175567626953,
            0.15560445189476013184,
            -0.33094644546508789063,
            0.7991206049919128418,
            0.11057230830192565918,
            0.12131906300783157349,
            -1.45620369911193847656,
            0.63044387102127075195,
            -0.80120182037353515625,
            0.15084536373615264893,
            -0.02440867014229297638,
            0.72082602977752685547,
            0.90762156248092651367,
            0.01996988058090209961,
            0.20033921301364898682,
            0.67665696144104003906,
            -0.36987736821174621582,
            0.01681544259190559387,
            0.87407314777374267578,
            0.53792667388916015625,
            1.0717754364013671875,
            0.00465211644768714905,
            2.14019298553466796875,
            0.35687375068664550781,
            1.35139620304107666016,
            0.0470568537712097168,
            1.47930359840393066406,
            0.40080353617668151855,
            1.33658266067504882813,
            0.1129256710410118103,
            3.12619948387145996094,
            0.37566986680030822754,
            2.68093991279602050781,
            -0.05559212341904640198,
            1.85437071323394775391,
            0.35253345966339111328,
            1.98567652702331542969,
            0.12098869681358337402,
            4.35200166702270507813,
            0.15745632350444793701,
            4.30931806564331054688,
            0.02428090013563632965,
            2.15917801856994628906,
            0.39330282807350158691,
            2.46017050743103027344,
            0.09614708274602890015,
            5.02448987960815429688,
            0.38725587725639343262,
            4.65026187896728515625,
            -0.00145616999361664057,
            2.36655354499816894531,
            0.39792454242706298828,
            2.92489218711853027344,
            0.06861836463212966919,
            5.4879608154296875,
            0.40183365345001220703,
            4.8684291839599609375,
            -0.02482009120285511017
          ],
          "timeTags": [
            58.76899999938905239105,
            162.25500000081956386566,
            248.94079999811947345734,
            348.77360000088810920715,
            445.18730000033974647522,
            533.94689999893307685852,
            628.41789999976754188538,
            725.45559999905526638031,
            818.11039999872446060181,
            912.92439999990165233612,
            1008.26390000060200691223,
            1108.82880000025033950806,
            1192.43240000121295452118,
            1279.48340000025928020477,
            1375.72709999978542327881,
            1469.76769999973475933075,
            1563.190199999138712883,
            1655.49210000038146972656,
            1752.36180000007152557373,
            1848.60850000008940696716,
            1946.26909999921917915344
          ],
          "info": [
            "FileName",
            "2020-06-30_15-13-39_8376d3d0-bad3-11ea-9f5b-8df294b31e94.mubu",
            "gui",
            "autobounds minmax, shape envelopebpf, interface multibpf, opacity 1, colormode rainbow, hidenotforemost 1"
          ]
        }
      ]
    }
  ]
}