{
  "format": "mubujson1",
  "numBuffers": 1,
  "numTracks": 1,
  "bufferNames": [
    "off:off 5"
  ],
  "bufferInfos": [
    [
      "label",
      "off:off"
    ]
  ],
  "tracks": [
    {
      "name": "posenet_normalized_selection",
      "mxCols": 8,
      "mxRows": 1,
      "hasVarRows": false,
      "hasTimeTags": true,
      "nonNumType": "none",
      "maxSize": 5000,
      "buffers": [
        {
          "maxSize": 5000,
          "size": 22,
          "sampleRate": 1000.0,
          "sampleOffset": 1983.37009999901056289673,
          "mxRows": 1,
          "mxCols": 8,
          "mxData": [
            -0.77539622783660888672,
            0.72191929817199707031,
            0.52480477094650268555,
            0.70626074075698852539,
            -0.68445217609405517578,
            1.09141826629638671875,
            0.59271067380905151367,
            1.06585466861724853516,
            -0.78355127573013305664,
            0.72183883190155029297,
            0.52388209104537963867,
            0.70865094661712646484,
            -0.68812888860702514648,
            1.09412789344787597656,
            0.59168541431427001953,
            1.06411826610565185547,
            -0.79144895076751708984,
            0.73551428318023681641,
            0.51492077112197875977,
            0.70618677139282226563,
            -0.67589682340621948242,
            1.10080289840698242188,
            0.58462297916412353516,
            1.05967199802398681641,
            -0.790546417236328125,
            0.73699468374252319336,
            0.50714361667633056641,
            0.70224285125732421875,
            -0.67612868547439575195,
            1.09890151023864746094,
            0.58322870731353759766,
            1.05169963836669921875,
            -0.76677799224853515625,
            0.71938842535018920898,
            0.56822705268859863281,
            0.6996123194694519043,
            -0.61267900466918945313,
            1.08039736747741699219,
            0.62712347507476806641,
            1.02952480316162109375,
            -0.83092939853668212891,
            0.68888139724731445313,
            0.68803036212921142578,
            0.69835376739501953125,
            -0.61585652828216552734,
            1.041107177734375,
            0.71831411123275756836,
            1.02912271022796630859,
            -0.8522961735725402832,
            0.65608173608779907227,
            0.67908561229705810547,
            0.6350460052490234375,
            -0.65248274803161621094,
            0.94919633865356445313,
            0.75978398323059082031,
            0.99267143011093139648,
            -0.89106535911560058594,
            0.60309582948684692383,
            0.73346656560897827148,
            0.61118745803833007813,
            -0.83716619014739990234,
            0.86114007234573364258,
            0.68342351913452148438,
            0.95475590229034423828,
            -0.8195819854736328125,
            0.58455377817153930664,
            0.43247631192207336426,
            0.44318869709968566895,
            -1.27451443672180175781,
            0.68784618377685546875,
            -0.17504698038101196289,
            0.6913483738899230957,
            -0.73514324426651000977,
            0.67692774534225463867,
            -0.2167549431324005127,
            0.32504186034202575684,
            -1.43255019187927246094,
            0.52555263042449951172,
            -1.36698555946350097656,
            0.35006374120712280273,
            -0.82447403669357299805,
            0.64316022396087646484,
            -0.71750289201736450195,
            0.13233080506324768066,
            -1.83213269710540771484,
            0.40088155865669250488,
            -1.99972140789031982422,
            0.03390326723456382751,
            -0.88712251186370849609,
            0.65203875303268432617,
            -0.72356742620468139648,
            0.14422491192817687988,
            -1.75606143474578857422,
            0.42412221431732177734,
            -1.93428027629852294922,
            0.00888306461274623871,
            -0.8853022456169128418,
            0.65597301721572875977,
            -0.43002417683601379395,
            0.15837562084197998047,
            -1.50184750556945800781,
            0.42541420459747314453,
            -1.41628754138946533203,
            0.03820596262812614441,
            -0.90678846836090087891,
            0.74196153879165649414,
            0.06086576730012893677,
            0.15541590750217437744,
            -1.53116178512573242188,
            0.53572744131088256836,
            -1.19835150241851806641,
            0.17678894102573394775,
            -0.45834371447563171387,
            0.79091995954513549805,
            0.41218751668930053711,
            0.14126259088516235352,
            -1.50980210304260253906,
            0.58146673440933227539,
            -0.43994200229644775391,
            0.14578740298748016357,
            0.06519203633069992065,
            0.76046848297119140625,
            0.75660794973373413086,
            0.1053225100040435791,
            -0.73963427543640136719,
            0.44667443633079528809,
            -0.25395280122756958008,
            0.1219085007905960083,
            -0.49944210052490234375,
            0.38618490099906921387,
            0.72451156377792358398,
            0.10677136480808258057,
            -0.70765006542205810547,
            0.2427762448787689209,
            -0.53520405292510986328,
            0.27492463588714599609,
            1.83126521110534667969,
            0.48383912444114685059,
            1.47347605228424072266,
            0.17018261551856994629,
            3.5256137847900390625,
            0.35030955076217651367,
            2.98854994773864746094,
            0.04278916493058204651,
            1.50194025039672851563,
            0.30937156081199645996,
            1.92401003837585449219,
            0.15196536481380462646,
            3.53569388389587402344,
            0.08539383113384246826,
            3.67628788948059082031,
            0.1517216414213180542,
            1.96260952949523925781,
            0.3334662020206451416,
            2.13372159004211425781,
            0.18825964629650115967,
            4.40750169754028320313,
            0.19403187930583953857,
            4.09197378158569335938,
            0.11006350815296173096,
            2.17208957672119140625,
            0.35060542821884155273,
            2.0384521484375,
            0.1620629727840423584,
            4.47776365280151367188,
            0.32092833518981933594,
            4.64386415481567382813,
            0.09117414802312850952,
            6.11288738250732421875,
            0.33137467503547668457,
            4.64061021804809570313,
            0.24292154610157012939,
            10.56174373626708984375,
            0.28498801589012145996,
            8.78510189056396484375,
            0.29458898305892944336
          ],
          "timeTags": [
            16.38079999946057796478,
            106.82479999959468841553,
            201.14890000037848949432,
            293.77869999781250953674,
            392.53259999863803386688,
            484.87299999967217445374,
            574.2797999996691942215,
            671.29909999854862689972,
            760.36659999936819076538,
            853.89870000071823596954,
            944.22440000064671039581,
            1039.40930000133812427521,
            1129.52470000088214874268,
            1222.74209999851882457733,
            1311.21659999899566173553,
            1401.81279999949038028717,
            1491.87880000099539756775,
            1579.97430000081658363342,
            1674.71880000084638595581,
            1765.88099999912083148956,
            1860.79530000127851963043,
            1950.17189999856054782867
          ],