{
  "format": "mubujson1",
  "numBuffers": 1,
  "numTracks": 1,
  "bufferNames": [
    "off:off 2"
  ],
  "bufferInfos": [
    [
      "label",
      "off:off"
    ]
  ],
  "tracks": [
    {
      "name": "posenet_normalized_selection",
      "mxCols": 8,
      "mxRows": 1,
      "hasVarRows": false,
      "hasTimeTags": true,
      "nonNumType": "none",
      "maxSize": 5000,
      "buffers": [
        {
          "maxSize": 5000,
          "size": 22,
          "sampleRate": 1000.0,
          "sampleOffset": 1983.37009999901056289673,
          "mxRows": 1,
          "mxCols": 8,
          "mxData": [
            -0.77021569013595581055,
            0.72645014524459838867,
            0.60714298486709594727,
            0.69221854209899902344,
            -0.68415313959121704102,
            1.1133270263671875,
            0.62173724174499511719,
            1.05790936946868896484,
            -0.76327049732208251953,
            0.72452884912490844727,
            0.59791922569274902344,
            0.69289666414260864258,
            -0.67649388313293457031,
            1.10358977317810058594,
            0.59627497196197509766,
            1.05755281448364257813,
            -0.76936614513397216797,
            0.7143223881721496582,
            0.59819054603576660156,
            0.69455832242965698242,
            -0.69455474615097045898,
            1.0914058685302734375,
            0.60061728954315185547,
            1.05327856540679931641,
            -0.77813476324081420898,
            0.71239715814590454102,
            0.60547977685928344727,
            0.69791162014007568359,
            -0.683582305908203125,
            1.09322559833526611328,
            0.60461658239364624023,
            1.05234313011169433594,
            -0.76595002412796020508,
            0.69346582889556884766,
            0.66249161958694458008,
            0.69561105966567993164,
            -0.60187101364135742188,
            1.08668422698974609375,
            0.69160616397857666016,
            1.05169975757598876953,
            -0.76303386688232421875,
            0.67054319381713867188,
            0.74811983108520507813,
            0.6791254878044128418,
            -0.5778147578239440918,
            1.01378178596496582031,
            0.78956502676010131836,
            1.00705242156982421875,
            -0.78105825185775756836,
            0.65989667177200317383,
            0.77948099374771118164,
            0.65005701780319213867,
            -0.64589893817901611328,
            0.95367848873138427734,
            0.83025753498077392578,
            0.97545713186264038086,
            -0.64596420526504516602,
            0.61861824989318847656,
            0.34809267520904541016,
            0.39964687824249267578,
            -1.05675852298736572266,
            0.68822753429412841797,
            0.12727467715740203857,
            0.59361779689788818359,
            -0.76676297187805175781,
            0.68465960025787353516,
            0.21756957471370697021,
            0.31699886918067932129,
            -1.59106624126434326172,
            0.61804884672164916992,
            -1.21294653415679931641,
            0.59681969881057739258,
            -0.97780060768127441406,
            0.63669717311859130859,
            -0.2856324613094329834,
            0.18618798255920410156,
            -1.81916034221649169922,
            0.46994200348854064941,
            -1.51559567451477050781,
            0.17656630277633666992,
            -0.8334013819694519043,
            0.68259245157241821289,
            -0.5210094451904296875,
            0.13629239797592163086,
            -1.58324801921844482422,
            0.46337097883224487305,
            -1.78116202354431152344,
            0.03595173358917236328,
            -0.85841703414916992188,
            0.72678154706954956055,
            -0.32517796754837036133,
            0.1655346304178237915,
            -1.46522343158721923828,
            0.48107025027275085449,
            -1.36712503433227539063,
            0.06727603822946548462,
            -0.93451011180877685547,
            0.72256642580032348633,
            0.02670685760676860809,
            0.18145127594470977783,
            -1.73714673519134521484,
            0.52316784858703613281,
            -1.14022338390350341797,
            0.14513543248176574707,
            -0.76627910137176513672,
            0.74296164512634277344,
            -0.10621707141399383545,
            0.17150731384754180908,
            -1.88487398624420166016,
            0.56788432598114013672,
            -1.29157149791717529297,
            0.17835862934589385986,
            0.01485349703580141068,
            0.79381972551345825195,
            0.73768073320388793945,
            0.09963601827621459961,
            -1.35828447341918945313,
            0.52414762973785400391,
            -0.94149541854858398438,
            0.19829539954662322998,
            0.08977562189102172852,
            0.65282487869262695313,
            0.81404125690460205078,
            0.11712566763162612915,
            0.03008852154016494751,
            0.48238348960876464844,
            -0.16185422241687774658,
            0.03702631592750549316,
            1.17864191532135009766,
            0.60258448123931884766,
            1.21920514106750488281,
            0.12620407342910766602,
            2.72119164466857910156,
            0.43880945444107055664,
            2.04150652885437011719,
            0.01802525855600833893,
            1.03055155277252197266,
            0.45156064629554748535,
            1.90225994586944580078,
            0.10892195999622344971,
            2.53127074241638183594,
            0.43693619966506958008,
            3.70790934562683105469,
            0.01720893010497093201,
            0.22969281673431396484,
            0.49668982625007629395,
            1.60066819190979003906,
            0.15347839891910552979,
            1.811916351318359375,
            0.43704974651336669922,
            3.12987041473388671875,
            0.11647879332304000854,
            29.367214202880859375,
            0.43804663419723510742,
            21.1743259429931640625,
            0.21345099806785583496,
            56.177730560302734375,
            0.36149111390113830566,
            40.0423583984375,
            0.33404320478439331055,
            1.08242404460906982422,
            0.41847661137580871582,
            0.68678653240203857422,
            0.33245933055877685547,
            1.91363048553466796875,
            0.33487337827682495117,
            1.80335903167724609375,
            0.29934719204902648926,
            1.65732645988464355469,
            0.41482454538345336914,
            0.53941750526428222656,
            0.25969997048377990723,
            2.57437229156494140625,
            0.32935112714767456055,
            2.50385975837707519531,
            0.26493981480598449707
          ],
          "timeTags": [
            14.28150000050663948059,
            111.33760000020265579224,
            205.82350000180304050446,
            296.5909000001847743988,
            388.85999999940395355225,
            482.40870000049471855164,
            576.60480000078678131104,
            673.89570000022649765015,
            769.52800000086426734924,
            861.99150000140070915222,
            957.89059999957680702209,
            1045.16300000064074993134,
            1134.75640000030398368835,
            1229.7857000008225440979,
            1319.61519999988377094269,
            1415.65300000086426734924,
            1514.66779999993741512299,
            1606.56440000049769878387,
            1696.04380000010132789612,
            1791.84370000101625919342,
            1882.79960000142455101013,
            1976.29670000076293945313
          ],