{
  "format": "mubujson1",
  "numBuffers": 1,
  "numTracks": 1,
  "bufferNames": [
    "off:off 3"
  ],
  "bufferInfos": [
    [
      "label",
      "off:off"
    ]
  ],
  "tracks": [
    {
      "name": "posenet_normalized_selection",
      "mxCols": 8,
      "mxRows": 1,
      "hasVarRows": false,
      "hasTimeTags": true,
      "nonNumType": "none",
      "maxSize": 5000,
      "buffers": [
        {
          "maxSize": 5000,
          "size": 23,
          "sampleRate": 1000.0,
          "sampleOffset": 1937.52309999987483024597,
          "mxRows": 1,
          "mxCols": 8,
          "mxData": [
            -0.76352381706237792969,
            0.67471539974212646484,
            0.57509756088256835938,
            0.67946046590805053711,
            -0.72126340866088867188,
            1.02899932861328125,
            0.56769800186157226563,
            1.00192058086395263672,
            -0.74673992395401000977,
            0.67121362686157226563,
            0.56728219985961914063,
            0.67268866300582885742,
            -0.70191526412963867188,
            1.02153182029724121094,
            0.5532786250114440918,
            0.98899155855178833008,
            -0.71893638372421264648,
            0.66406410932540893555,
            0.61930745840072631836,
            0.66690731048583984375,
            -0.66297930479049682617,
            1.01607775688171386719,
            0.59047842025756835938,
            0.98294824361801147461,
            -0.72601830959320068359,
            0.65716087818145751953,
            0.67522454261779785156,
            0.65507948398590087891,
            -0.66167747974395751953,
            1.00505542755126953125,
            0.67631632089614868164,
            0.99490660429000854492,
            -0.69928056001663208008,
            0.65845036506652832031,
            0.77248251438140869141,
            0.64666885137557983398,
            -0.61208170652389526367,
            0.99428713321685791016,
            0.74627488851547241211,
            1.00664150714874267578,
            -0.65555161237716674805,
            0.67103761434555053711,
            0.90441668033599853516,
            0.60124325752258300781,
            -0.53448843955993652344,
            0.98461383581161499023,
            0.95438081026077270508,
            0.93443673849105834961,
            -0.60537678003311157227,
            0.61467611789703369141,
            0.95902311801910400391,
            0.46852633357048034668,
            -0.70718389749526977539,
            0.82143241167068481445,
            0.85551303625106811523,
            0.74537336826324462891,
            -0.60027790069580078125,
            0.67025351524353027344,
            0.8462778925895690918,
            0.34546297788619995117,
            -0.95600652694702148438,
            0.73433685302734375,
            0.5518162846565246582,
            0.52336037158966064453,
            -0.6613267064094543457,
            0.73919028043746948242,
            0.68507927656173706055,
            0.27247652411460876465,
            -1.26220202445983886719,
            0.6119505763053894043,
            -0.04484254494309425354,
            0.29202643036842346191,
            -0.4991639256477355957,
            0.67953836917877197266,
            0.53728479146957397461,
            0.13400411605834960938,
            -1.16794884204864501953,
            0.51544374227523803711,
            -0.75041055679321289063,
            0.03554172441363334656,
            -0.53896421194076538086,
            0.71658927202224731445,
            0.24168471992015838623,
            0.16270835697650909424,
            -1.17513430118560791016,
            0.50878429412841796875,
            -0.66196966171264648438,
            -0.01201821956783533096,
            -0.70665705204010009766,
            0.6969153285026550293,
            0.12962853908538818359,
            0.15839438140392303467,
            -1.19580233097076416016,
            0.48577159643173217773,
            -0.532688140869140625,
            0.03069954365491867065,
            -0.61630517244338989258,
            0.69040304422378540039,
            0.25330385565757751465,
            0.11589886993169784546,
            -0.99718457460403442383,
            0.46166056394577026367,
            -0.28997159004211425781,
            -0.00614036014303565025,
            -0.18232654035091400146,
            0.74423730373382568359,
            0.46035876870155334473,
            0.12805183231830596924,
            -0.64861202239990234375,
            0.43889063596725463867,
            -0.1220111846923828125,
            -0.00019449101819191128,
            0.20542299747467041016,
            0.74114584922790527344,
            0.65290218591690063477,
            0.08084209263324737549,
            -0.66947549581527709961,
            0.3361797332763671875,
            -0.25456964969635009766,
            -0.07126872986555099487,
            0.76483249664306640625,
            0.60493195056915283203,
            1.44258189201354980469,
            0.02673585154116153717,
            0.54815477132797241211,
            0.23914892971515655518,
            0.65111619234085083008,
            -0.00656668748706579208,
            0.74389451742172241211,
            0.50065016746520996094,
            1.80995762348175048828,
            0.13935193419456481934,
            2.07348871231079101563,
            0.42263817787170410156,
            2.29912090301513671875,
            0.02921990491449832916,
            0.87895345687866210938,
            0.46404996514320373535,
            1.93963038921356201172,
            0.1565558314323425293,
            2.45341420173645019531,
            0.44015061855316162109,
            3.02736306190490722656,
            0.09115610271692276001,
            1.05211579799652099609,
            0.52968871593475341797,
            2.29196786880493164063,
            0.16165949404239654541,
            2.66185784339904785156,
            0.50892347097396850586,
            3.48115134239196777344,
            0.13497430086135864258,
            0.97418081760406494141,
            0.53998178243637084961,
            2.17680478096008300781,
            0.17432315647602081299,
            2.688648223876953125,
            0.52966231107711791992,
            3.37653684616088867188,
            0.15615537762641906738,
            0.7490889430046081543,
            0.53816437721252441406,
            2.09430432319641113281,
            0.19863714277744293213,
            2.5256500244140625,
            0.55080485343933105469,
            3.32494282722473144531,
            0.15866672992706298828,
            0.54453837871551513672,
            0.50714069604873657227,
            1.57356035709381103516,
            0.23554080724716186523,
            1.84280920028686523438,
            0.57490962743759155273,
            2.52781128883361816406,
            0.12899139523506164551,
            0.50853598117828369141,
            0.522121429443359375,
            1.50521957874298095703,
            0.24871504306793212891,
            1.65301978588104248047,
            0.56665986776351928711,
            2.59573507308959960938,
            0.15817955136299133301
          ],