{
  "format": "mubujson1",
  "numBuffers": 1,
  "numTracks": 1,
  "bufferNames": [
    "off:off 3"
  ],
  "bufferInfos": [
    [
      "label",
      "off:off"
    ]
  ],
  "tracks": [
    {
      "name": "posenet_normalized_selection",
      "mxCols": 8,
      "mxRows": 1,
      "hasVarRows": false,
      "hasTimeTags": true,
      "nonNumType": "none",
      "maxSize": 5000,
      "buffers": [
        {
          "maxSize": 5000,
          "size": 21,
          "sampleRate": 1000.0,
          "sampleOffset": 0.0,
          "mxRows": 1,
          "mxCols": 8,
          "mxData": [
            -0.72324156761169433594,
            0.72823554277420043945,
            0.63082551956176757813,
            0.69229972362518310547,
            -0.64725422859191894531,
            1.09505832195281982422,
            0.58846181631088256836,
            1.09342980384826660156,
            -0.7155984044075012207,
            0.72330766916275024414,
            0.63369756937026977539,
            0.68234002590179443359,
            -0.61259806156158447266,
            1.08204746246337890625,
            0.59294456243515014648,
            1.07356512546539306641,
            -0.70268523693084716797,
            0.71369963884353637695,
            0.65277296304702758789,
            0.68006265163421630859,
            -0.580493927001953125,
            1.08027422428131103516,
            0.637195587158203125,
            1.06382608413696289063,
            -0.78115785121917724609,
            0.68289589881896972656,
            0.71489614248275756836,
            0.66004890203475952148,
            -0.60581034421920776367,
            1.06231033802032470703,
            0.73622524738311767578,
            1.04579842090606689453,
            -0.84410238265991210938,
            0.67115223407745361328,
            0.7730090022087097168,
            0.64194118976593017578,
            -0.62096667289733886719,
            1.03488802909851074219,
            0.79255390167236328125,
            1.00932753086090087891,
            -0.77877306938171386719,
            0.61998426914215087891,
            0.76722490787506103516,
            0.61389839649200439453,
            -0.94216823577880859375,
            0.85340726375579833984,
            0.56202226877212524414,
            0.90454244613647460938,
            -0.71138781309127807617,
            0.57399165630340576172,
            0.6770432591438293457,
            0.52087008953094482422,
            -1.08559942245483398438,
            0.73322510719299316406,
            0.2197691798210144043,
            0.79217183589935302734,
            -0.77047556638717651367,
            0.60592877864837646484,
            0.29610449075698852539,
            0.38729551434516906738,
            -1.46080803871154785156,
            0.63904047012329101563,
            -0.6285718083381652832,
            0.50259584188461303711,
            -0.7080707550048828125,
            0.68629223108291625977,
            -0.31542119383811950684,
            0.27129092812538146973,
            -1.60209035873413085938,
            0.57203978300094604492,
            -1.21745431423187255859,
            0.28411069512367248535,
            -0.93232494592666625977,
            0.72235965728759765625,
            -0.27609524130821228027,
            0.12772250175476074219,
            -1.91638517379760742188,
            0.41077259182929992676,
            -1.86917698383331298828,
            0.11154183000326156616,
            -0.96850997209548950195,
            0.66418421268463134766,
            -0.42106062173843383789,
            0.10128918290138244629,
            -1.84289753437042236328,
            0.49976721405982971191,
            -1.98692905902862548828,
            0.08049658685922622681,
            -0.78832417726516723633,
            0.72894179821014404297,
            -0.34737402200698852539,
            0.0739372745156288147,
            -1.55292880535125732422,
            0.60769617557525634766,
            -1.48790538311004638672,
            0.09061439335346221924,
            -0.85691404342651367188,
            0.77468603849411010742,
            -0.41898450255393981934,
            0.10711790621280670166,
            -1.74845898151397705078,
            0.64769732952117919922,
            -1.60229444503784179688,
            0.11651804298162460327,
            -0.47668829560279846191,
            0.78828299045562744141,
            -0.01947253011167049408,
            0.08588988333940505981,
            -1.82308614253997802734,
            0.68069416284561157227,
            -1.54247760772705078125,
            0.1597833484411239624,
            -0.15036313235759735107,
            0.84234249591827392578,
            0.29309809207916259766,
            0.11286087334156036377,
            -1.26108455657958984375,
            0.71168130636215209961,
            -1.06380045413970947266,
            0.14527793228626251221,
            0.60099798440933227539,
            0.86660432815551757813,
            1.17293214797973632813,
            0.09969890862703323364,
            0.04986721277236938477,
            0.51598328351974487305,
            0.28647017478942871094,
            0.02645494043827056885,
            0.86222046613693237305,
            0.70555317401885986328,
            1.71275937557220458984,
            0.10439071804285049438,
            1.52572762966156005859,
            0.55551451444625854492,
            1.24424159526824951172,
            0.1553020477294921875,
            1.94195771217346191406,
            0.59319698810577392578,
            1.92706513404846191406,
            0.17009869217872619629,
            4.02776861190795898438,
            0.47870576381683349609,
            3.82021331787109375,
            0.07233963161706924438,
            1.63870632648468017578,
            0.45126876235008239746,
            2.01372027397155761719,
            0.13984733819961547852,
            3.79427218437194824219,
            0.47426199913024902344,
            3.86694240570068359375,
            0.08791664987802505493,
            1.71007466316223144531,
            0.45270949602127075195,
            1.84110927581787109375,
            0.14157491922378540039,
            4.06476593017578125,
            0.48620629310607910156,
            4.00622606277465820313,
            0.07198899239301681519,
            2.33406352996826171875,
            0.45998382568359375,
            1.76800405979156494141,
            0.18865811824798583984,
            5.66399431228637695313,
            0.49245089292526245117,
            4.95980405807495117188,
            0.08652742207050323486
          ],
          "timeTags": [
            27.0443000011146068573,
            121.56439999863505363464,
            215.39079999923706054688,
            307.17730000056326389313,
            410.14260000176727771759,
            500.81970000080764293671,
            598.89269999973475933075,
            692.37680000066757202148,
            788.40990000218152999878,
            881.84879999980330467224,
            976.37940000183880329132,
            1072.07579999975860118866,
            1163.3465999998152256012,
            1262.31040000170469284058,
            1356.91190000064671039581,
            1454.16030000150203704834,
            1550.67389999888837337494,
            1641.92680000141263008118,
            1736.79020000062882900238,
            1831.46510000154376029968,
            1924.32400000095367431641
          ],
          "info": [
            "FileName",
            "2020-06-30_15-13-39_8376d3d0-bad3-11ea-9f5b-8df294b31e94.mubu",
            "gui",
            "autobounds minmax, shape envelopebpf, interface multibpf, opacity 1, colormode rainbow, hidenotforemost 1"
          ]
        }
      ]
    }
  ]
}