{
  "format": "mubujson1",
  "numBuffers": 1,
  "numTracks": 1,
  "bufferNames": [
    "off:off 9"
  ],
  "bufferInfos": [
    [
      "label",
      "off:off"
    ]
  ],
  "tracks": [
    {
      "name": "posenet_normalized_selection",
      "mxCols": 8,
      "mxRows": 1,
      "hasVarRows": false,
      "hasTimeTags": true,
      "nonNumType": "none",
      "maxSize": 5000,
      "buffers": [
        {
          "maxSize": 5000,
          "size": 21,
          "sampleRate": 1000.0,
          "sampleOffset": 1974.22730000130832195282,
          "mxRows": 1,
          "mxCols": 8,
          "mxData": [
            -0.71950858831405639648,
            0.7609653472900390625,
            0.60197216272354125977,
            0.6751372218132019043,
            -0.68054753541946411133,
            1.11823976039886474609,
            0.57895517349243164063,
            1.06237661838531494141,
            -0.70203566551208496094,
            0.74198138713836669922,
            0.60952079296112060547,
            0.67891407012939453125,
            -0.58361095190048217773,
            1.11073899269104003906,
            0.61610233783721923828,
            1.05975198745727539063,
            -0.72056853771209716797,
            0.71912413835525512695,
            0.65289258956909179688,
            0.68408203125,
            -0.60003018379211425781,
            1.09154355525970458984,
            0.69118142127990722656,
            1.07501852512359619141,
            -0.79083180427551269531,
            0.65315085649490356445,
            0.69084388017654418945,
            0.68475300073623657227,
            -0.68678605556488037109,
            1.01006841659545898438,
            0.75588703155517578125,
            1.04053390026092529297,
            -0.84674638509750366211,
            0.6403052210807800293,
            0.66096293926239013672,
            0.65162140130996704102,
            -0.85598313808441162109,
            0.95780533552169799805,
            0.72590970993041992188,
            0.99581009149551391602,
            -0.76793080568313598633,
            0.61574769020080566406,
            0.60574489831924438477,
            0.61281043291091918945,
            -0.9340674281120300293,
            0.87288814783096313477,
            0.47969937324523925781,
            0.92702424526214599609,
            -0.78957396745681762695,
            0.62948548793792724609,
            0.34234336018562316895,
            0.54697775840759277344,
            -1.17714250087738037109,
            0.82175779342651367188,
            0.07622496038675308228,
            0.7776616215705871582,
            -0.81625390052795410156,
            0.68238800764083862305,
            -0.52416098117828369141,
            0.23006191849708557129,
            -1.56277668476104736328,
            0.64438664913177490234,
            -1.43316757678985595703,
            0.32613557577133178711,
            -0.69596695899963378906,
            0.69491726160049438477,
            -0.65771663188934326172,
            0.19388994574546813965,
            -1.80241405963897705078,
            0.54466784000396728516,
            -1.78459727764129638672,
            0.22992372512817382813,
            -0.77050834894180297852,
            0.72029119729995727539,
            -0.82793366909027099609,
            0.20373709499835968018,
            -1.91701912879943847656,
            0.56129479408264160156,
            -1.99489176273345947266,
            0.18777775764465332031,
            -0.85436022281646728516,
            0.75254541635513305664,
            -0.72597837448120117188,
            0.19844818115234375,
            -1.88807153701782226563,
            0.65569317340850830078,
            -1.82865011692047119141,
            0.15613953769207000732,
            -0.83757138252258300781,
            0.75027513504028320313,
            -0.17767125368118286133,
            0.16442522406578063965,
            -1.78868782520294189453,
            0.64597779512405395508,
            -1.28145956993103027344,
            0.18138612806797027588,
            -0.71817678213119506836,
            0.81360536813735961914,
            -0.06710970401763916016,
            0.18743756413459777832,
            -1.63786327838897705078,
            0.64679121971130371094,
            -1.20626842975616455078,
            0.23918212950229644775,
            -0.5179030299186706543,
            0.79485392570495605469,
            0.0379236266016960144,
            0.20183651149272918701,
            -1.38791000843048095703,
            0.66686296463012695313,
            -1.13425052165985107422,
            0.24768884479999542236,
            -0.22390791773796081543,
            0.66058760881423950195,
            1.03701496124267578125,
            0.15800532698631286621,
            0.38792398571968078613,
            0.7113577723503112793,
            0.52291369438171386719,
            0.14148022234439849854,
            0.19479571282863616943,
            0.67561697959899902344,
            1.02965557575225830078,
            0.17417374253273010254,
            1.64768421649932861328,
            0.6784045100212097168,
            1.42754280567169189453,
            0.13390691578388214111,
            0.6293125152587890625,
            0.60027813911437988281,
            1.84657168388366699219,
            0.16598115861415863037,
            2.48623776435852050781,
            0.59858864545822143555,
            2.95906901359558105469,
            0.11566044390201568604,
            0.63542670011520385742,
            0.57881689071655273438,
            1.55922222137451171875,
            0.17918935418128967285,
            2.0204410552978515625,
            0.57781952619552612305,
            2.59339261054992675781,
            0.09986203908920288086,
            0.61086982488632202148,
            0.52502214908599853516,
            1.20205819606781005859,
            0.20930820703506469727,
            1.94310939311981201172,
            0.53927761316299438477,
            2.48532128334045410156,
            0.1346925199031829834,
            0.80763250589370727539,
            0.51523530483245849609,
            1.48944556713104248047,
            0.21423666179180145264,
            2.47951960563659667969,
            0.54117381572723388672,
            3.16052150726318359375,
            0.1463728100061416626,
            0.85178941488265991211,
            0.50985914468765258789,
            1.62895417213439941406,
            0.23081666231155395508,
            2.75421762466430664063,
            0.55131667852401733398,
            3.44454550743103027344,
            0.1760806739330291748
          ],
          "timeTags": [
            70.91959999874234199524,
            168.13129999861121177673,
            267.77309999987483024597,
            351.96789999864995479584,
            443.8078999985009431839,
            538.65829999931156635284,
            629.47659999877214431763,
            719.32949999906122684479,
            810.67139999754726886749,
            903.79549999907612800598,
            997.65969999693334102631,
            1093.26709999889135360718,
            1185.37959999777376651764,
            1278.74789999797940254211,
            1371.14489999786019325256,
            1457.5406999979168176651,
            1561.25149999745190143585,
            1653.09559999778866767883,
            1749.89519999921321868896,
            1847.34769999980926513672,
            1949.16759999841451644897
          ],
          "info": [
            "FileName",
            "2020-06-30_15-13-39_8376d3d0-bad3-11ea-9f5b-8df294b31e94.mubu",
            "gui",
            "autobounds minmax, shape envelopebpf, interface multibpf, opacity 1, colormode rainbow, hidenotforemost 1"
          ]
        }
      ]
    }
  ]
}