{
  "format": "mubujson1",
  "numBuffers": 1,
  "numTracks": 1,
  "bufferNames": [
    "off:off 12"
  ],
  "bufferInfos": [
    [
      "label",
      "off:off"
    ]
  ],
  "tracks": [
    {
      "name": "posenet_normalized_selection",
      "mxCols": 8,
      "mxRows": 1,
      "hasVarRows": false,
      "hasTimeTags": true,
      "nonNumType": "none",
      "maxSize": 5000,
      "buffers": [
        {
          "maxSize": 5000,
          "size": 21,
          "sampleRate": 1000.0,
          "sampleOffset": 0.0,
          "mxRows": 1,
          "mxCols": 8,
          "mxData": [
            -0.77379894256591796875,
            0.70938867330551147461,
            0.55698263645172119141,
            0.67165648937225341797,
            -0.6828556060791015625,
            1.05692720413208007813,
            0.55676007270812988281,
            1.02616798877716064453,
            -0.77732688188552856445,
            0.72947025299072265625,
            0.56267607212066650391,
            0.69046419858932495117,
            -0.68496030569076538086,
            1.07381939888000488281,
            0.55727267265319824219,
            1.06321084499359130859,
            -0.75212854146957397461,
            0.7272853851318359375,
            0.59191048145294189453,
            0.67811852693557739258,
            -0.63044667243957519531,
            1.07091212272644042969,
            0.61565059423446655273,
            1.0577144622802734375,
            -0.70539844036102294922,
            0.69555962085723876953,
            0.74971365928649902344,
            0.65446835756301879883,
            -0.50360167026519775391,
            1.01976668834686279297,
            0.85702264308929443359,
            1.02227568626403808594,
            -0.73874425888061523438,
            0.6663144230842590332,
            0.76581043004989624023,
            0.62816482782363891602,
            -0.49269148707389831543,
            0.98108935356140136719,
            0.89690738916397094727,
            0.97009325027465820313,
            -0.74591273069381713867,
            0.62400144338607788086,
            0.73754280805587768555,
            0.53008300065994262695,
            -0.68212348222732543945,
            0.9202658534049987793,
            0.81791889667510986328,
            0.83967250585556030273,
            -0.71236974000930786133,
            0.61313766241073608398,
            0.60241413116455078125,
            0.49760150909423828125,
            -0.94980216026306152344,
            0.84065467119216918945,
            0.53008008003234863281,
            0.73710989952087402344,
            -0.68097722530364990234,
            0.67882096767425537109,
            -0.08955597132444381714,
            0.23824496567249298096,
            -1.35365569591522216797,
            0.71439588069915771484,
            -0.81311261653900146484,
            0.2710444331169128418,
            -0.70131975412368774414,
            0.68562668561935424805,
            -0.62760514020919799805,
            0.15183089673519134521,
            -1.90235543251037597656,
            0.60805404186248779297,
            -2.06792664527893066406,
            0.15202455222606658936,
            -0.45774930715560913086,
            0.74132877588272094727,
            -0.49242860078811645508,
            0.1331068873405456543,
            -1.54519379138946533203,
            0.60626471042633056641,
            -2.27954053878784179688,
            0.0760046839714050293,
            -0.25684556365013122559,
            0.78948837518692016602,
            -0.19889405369758605957,
            0.14856535196304321289,
            -1.50312185287475585938,
            0.60260617733001708984,
            -1.65005195140838623047,
            0.03255354240536689758,
            -0.31631225347518920898,
            0.81040334701538085938,
            -0.30679568648338317871,
            0.14149807393550872803,
            -1.42376554012298583984,
            0.67644834518432617188,
            -1.14594447612762451172,
            0.06057815253734588623,
            -0.23299005627632141113,
            0.83539021015167236328,
            0.53377693891525268555,
            0.16115270555019378662,
            -1.17069351673126220703,
            0.69062715768814086914,
            -0.80682796239852905273,
            0.13191469013690948486,
            0.14424121379852294922,
            0.84504830837249755859,
            1.17650198936462402344,
            0.11602160334587097168,
            -1.24265372753143310547,
            0.57538372278213500977,
            -0.9597046971321105957,
            0.16898125410079956055,
            0.54297208786010742188,
            0.6023547053337097168,
            1.25702428817749023438,
            0.04286761581897735596,
            1.16510188579559326172,
            0.4954122006893157959,
            0.57351392507553100586,
            0.00375938136130571365,
            1.45541799068450927734,
            0.50517922639846801758,
            1.79202306270599365234,
            0.143819466233253479,
            3.30903768539428710938,
            0.42233258485794067383,
            3.17959928512573242188,
            0.00126594642642885447,
            1.70254433155059814453,
            0.40047529339790344238,
            2.299015045166015625,
            0.17807190120220184326,
            3.94439172744750976563,
            0.17718549072742462158,
            4.19940519332885742188,
            0.08893504738807678223,
            1.72744715213775634766,
            0.37552735209465026855,
            2.04288482666015625,
            0.35896351933479309082,
            3.42141866683959960938,
            0.32211846113204956055,
            3.22971367835998535156,
            0.21555697917938232422,
            1.53653633594512939453,
            0.44229051470756530762,
            1.05444276332855224609,
            0.3801091611385345459,
            2.71336698532104492188,
            0.40666341781616210938,
            1.99727952480316162109,
            0.3077227473258972168,
            2.416896820068359375,
            0.47177389264106750488,
            1.01476764678955078125,
            0.24280939996242523193,
            4.2690601348876953125,
            0.44781565666198730469,
            2.92405462265014648438,
            0.34678184986114501953,
            6.34554815292358398438,
            0.48305919766426086426,
            1.66991376876831054688,
            0.17943517863750457764,
            12.12377071380615234375,
            0.46748408675193786621,
            8.20561885833740234375,
            0.34232887625694274902
          ],
          "timeTags": [
            41.49060000106692314148,
            137.41600000113248825073,
            235.40200000070035457611,
            332.26029999926686286926,
            427.01839999854564666748,
            521.24940000101923942566,
            619.14369999989867210388,
            716.88130000047385692596,
            810.77029999904334545135,
            897.26920000091195106506,
            994.42940000072121620178,
            1089.0039999987930059433,
            1190.0439999997615814209,
            1283.69319999963045120239,
            1371.64639999903738498688,
            1465.88169999979436397552,
            1559.95880000106990337372,
            1654.90469999983906745911,
            1745.82960000075399875641,
            1840.0754000004380941391,
            1926.28810000047087669373
          ],
          "info": [
            "FileName",
            "2020-06-30_15-13-39_8376d3d0-bad3-11ea-9f5b-8df294b31e94.mubu",
            "gui",
            "autobounds minmax, shape envelopebpf, interface multibpf, opacity 1, colormode rainbow, hidenotforemost 1"
          ]
        }
      ]
    }
  ]
}