{
  "format": "mubujson1",
  "numBuffers": 1,
  "numTracks": 1,
  "bufferNames": [
    "off:off 1"
  ],
  "bufferInfos": [
    [
      "label",
      "off:off"
    ]
  ],
  "tracks": [
    {
      "name": "posenet_normalized_selection",
      "mxCols": 8,
      "mxRows": 1,
      "hasVarRows": false,
      "hasTimeTags": true,
      "nonNumType": "none",
      "maxSize": 5000,
      "buffers": [
        {
          "maxSize": 5000,
          "size": 22,
          "sampleRate": 1000.0,
          "sampleOffset": 0.0,
          "mxRows": 1,
          "mxCols": 8,
          "mxData": [
            -0.71492767333984375,
            0.71788138151168823242,
            0.5792681574821472168,
            0.70499473810195922852,
            -0.6435133814811706543,
            1.07300901412963867188,
            0.59687221050262451172,
            1.07338917255401611328,
            -0.72181671857833862305,
            0.71108949184417724609,
            0.57719552516937255859,
            0.69986230134963989258,
            -0.65594238042831420898,
            1.07285845279693603516,
            0.59643352031707763672,
            1.06666624546051025391,
            -0.71559441089630126953,
            0.71072041988372802734,
            0.56813371181488037109,
            0.69600480794906616211,
            -0.65505677461624145508,
            1.06665730476379394531,
            0.59253913164138793945,
            1.06442654132843017578,
            -0.72458237409591674805,
            0.70614373683929443359,
            0.61293494701385498047,
            0.68666535615921020508,
            -0.65108919143676757813,
            1.06442964076995849609,
            0.59881299734115600586,
            1.05839169025421142578,
            -0.80674850940704345703,
            0.64940023422241210938,
            0.6542899012565612793,
            0.66318434476852416992,
            -0.6806227564811706543,
            1.04743289947509765625,
            0.70107972621917724609,
            1.0266323089599609375,
            -0.82317847013473510742,
            0.65062886476516723633,
            0.71638339757919311523,
            0.66129291057586669922,
            -0.76024949550628662109,
            0.98608106374740600586,
            0.70938962697982788086,
            1.01725661754608154297,
            -0.85090124607086181641,
            0.59994500875473022461,
            0.70753812789916992188,
            0.55226552486419677734,
            -0.88406354188919067383,
            0.88881510496139526367,
            0.63275295495986938477,
            0.89872443675994873047,
            -0.80888414382934570313,
            0.59716600179672241211,
            0.42044794559478759766,
            0.41397950053215026855,
            -1.39421427249908447266,
            0.694896697998046875,
            -0.01437735185027122498,
            0.57216966152191162109,
            -0.8193537592887878418,
            0.66429632902145385742,
            0.20651258528232574463,
            0.27856773138046264648,
            -1.52044701576232910156,
            0.61016821861267089844,
            -0.69582563638687133789,
            0.32503306865692138672,
            -0.86565446853637695313,
            0.67897856235504150391,
            -0.43313276767730712891,
            0.15627370774745941162,
            -1.66028463840484619141,
            0.4730224609375,
            -1.60874140262603759766,
            0.10221017152070999146,
            -0.77545964717864990234,
            0.70315712690353393555,
            -0.33447238802909851074,
            0.16016177833080291748,
            -1.52562046051025390625,
            0.49383744597434997559,
            -1.42717742919921875,
            0.07220344990491867065,
            -0.74446958303451538086,
            0.7250620722770690918,
            -0.31386673450469970703,
            0.17748190462589263916,
            -1.32599210739135742188,
            0.5799738764762878418,
            -1.25347590446472167969,
            0.11072350293397903442,
            -0.68313878774642944336,
            0.75795507431030273438,
            0.18399696052074432373,
            0.15489394962787628174,
            -1.6522884368896484375,
            0.59641939401626586914,
            -0.89567953348159790039,
            0.17265237867832183838,
            -0.64708703756332397461,
            0.77866148948669433594,
            0.21295417845249176025,
            0.13375404477119445801,
            -1.73792016506195068359,
            0.60606658458709716797,
            -1.10990142822265625,
            0.22725541889667510986,
            -0.36399567127227783203,
            0.7889181971549987793,
            0.30507737398147583008,
            0.14319838583469390869,
            -1.05087435245513916016,
            0.51663607358932495117,
            -0.72170716524124145508,
            0.21331687271595001221,
            0.60338509082794189453,
            0.63674747943878173828,
            0.86807036399841308594,
            0.12591126561164855957,
            1.68166744709014892578,
            0.55216079950332641602,
            1.21930110454559326172,
            0.08887157589197158813,
            1.25165200233459472656,
            0.54469329118728637695,
            1.37022697925567626953,
            0.12074980884790420532,
            3.51346325874328613281,
            0.45253291726112365723,
            2.90524935722351074219,
            0.02656168676912784576,
            1.75272595882415771484,
            0.39853721857070922852,
            1.70936167240142822266,
            0.10818126797676086426,
            3.84253430366516113281,
            0.4478079676628112793,
            3.71322727203369140625,
            0.04685648530721664429,
            2.39825439453125,
            0.37040928006172180176,
            2.20475029945373535156,
            0.07653237134218215942,
            5.10897159576416015625,
            0.40634846687316894531,
            4.89328622817993164063,
            0.02657398022711277008,
            3.85068464279174804688,
            0.38614729046821594238,
            2.45300555229187011719,
            0.12375187128782272339,
            8.08358097076416015625,
            0.4149526059627532959,
            6.50936126708984375,
            0.05670821666717529297,
            1.54199004173278808594,
            0.39129376411437988281,
            0.63394522666931152344,
            0.18337169289588928223,
            2.99947214126586914063,
            0.42103481292724609375,
            2.35405683517456054688,
            0.05535078421235084534,
            1.92337083816528320313,
            0.40490904450416564941,
            0.55677026510238647461,
            0.24903163313865661621,
            3.37808489799499511719,
            0.41743496060371398926,
            2.55048489570617675781,
            0.09610045701265335083
          ],
          "timeTags": [
            36.17359999939799308777,
            133.68530000001192092896,
            235.53480000235140323639,
            333.15690000168979167938,
            423.58810000121593475342,
            518.02210000157356262207,
            613.59200000204145908356,
            701.55230000056326389313,
            796.04100000113248825073,
            891.07520000077784061432,
            987.20069999992847442627,
            1084.44060000218451023102,
            1178.0185000002384185791,
            1269.05250000022351741791,
            1361.58490000106394290924,
            1451.17750000022351741791,
            1542.24380000121891498566,
            1633.94290000200271606445,
            1727.3836000002920627594,
            1818.54640000127255916595,
            1904.87870000116527080536,
            2001.16710000112652778625
          ],