{
  "format": "mubujson1",
  "numBuffers": 1,
  "numTracks": 1,
  "bufferNames": [
    "timing:play 4"
  ],
  "bufferInfos": [
    [
      "label",
      "timing:play"
    ]
  ],
  "tracks": [
    {
      "name": "posenet_normalized_selection",
      "mxCols": 8,
      "mxRows": 1,
      "hasVarRows": false,
      "hasTimeTags": true,
      "nonNumType": "none",
      "maxSize": 5000,
      "buffers": [
        {
          "maxSize": 5000,
          "size": 22,
          "sampleRate": 1000.0,
          "sampleOffset": 0.0,
          "mxRows": 1,
          "mxCols": 8,
          "mxData": [
            -0.79355859756469726563,
            0.63764452934265136719,
            0.51483976840972900391,
            0.67831069231033325195,
            -0.71231114864349365234,
            1.005397796630859375,
            0.45817428827285766602,
            1.00698935985565185547,
            -0.79878228902816772461,
            0.64028269052505493164,
            0.51394087076187133789,
            0.67958927154541015625,
            -0.71977770328521728516,
            1.00177490711212158203,
            0.45925879478454589844,
            0.99926644563674926758,
            -0.77668583393096923828,
            0.64607954025268554688,
            0.5299561619758605957,
            0.67779505252838134766,
            -0.69108605384826660156,
            1.00806164741516113281,
            0.46013429760932922363,
            1.00130522251129150391,
            -0.78448396921157836914,
            0.64248943328857421875,
            0.53866165876388549805,
            0.68248325586318969727,
            -0.68574619293212890625,
            1.00756907463073730469,
            0.46208006143569946289,
            1.00256192684173583984,
            -0.76769560575485229492,
            0.64767307043075561523,
            0.56290072202682495117,
            0.67936629056930541992,
            -0.65029633045196533203,
            1.01619589328765869141,
            0.50585991144180297852,
            1.00611817836761474609,
            -0.76179724931716918945,
            0.6455733180046081543,
            0.54974740743637084961,
            0.68102145195007324219,
            -0.65817290544509887695,
            1.00946795940399169922,
            0.46869608759880065918,
            1.0057621002197265625,
            -0.77823668718338012695,
            0.63865929841995239258,
            0.54499870538711547852,
            0.62119311094284057617,
            -0.71854788064956665039,
            0.99773520231246948242,
            0.5590922236442565918,
            0.93819826841354370117,
            -0.82154047489166259766,
            0.64073216915130615234,
            0.57411420345306396484,
            0.62841314077377319336,
            -0.74267065525054931641,
            1.00213325023651123047,
            0.61838608980178833008,
            0.94023108482360839844,
            -0.85171276330947875977,
            0.66548734903335571289,
            0.64775127172470092773,
            0.6383984684944152832,
            -0.77216947078704833984,
            1.01615583896636962891,
            0.66577494144439697266,
            0.97004663944244384766,
            -0.87241095304489135742,
            0.6502017974853515625,
            0.6319840550422668457,
            0.62742990255355834961,
            -0.84156548976898193359,
            0.96391719579696655273,
            0.69442701339721679688,
            0.97304958105087280273,
            -0.86393117904663085938,
            0.62960213422775268555,
            0.67022043466567993164,
            0.59484410285949707031,
            -0.84581869840621948242,
            0.94931262731552124023,
            0.80194234848022460938,
            0.93038499355316162109,
            -0.78976613283157348633,
            0.55869555473327636719,
            0.59276920557022094727,
            0.5083439946174621582,
            -0.80327653884887695313,
            0.8111369013786315918,
            0.72473049163818359375,
            0.79381763935089111328,
            -0.76185584068298339844,
            0.57932251691818237305,
            0.58333033323287963867,
            0.47337818145751953125,
            -0.68459463119506835938,
            0.74287736415863037109,
            0.63542395830154418945,
            0.6751053929328918457,
            -0.66983300447463989258,
            0.56610143184661865234,
            0.51704782247543334961,
            0.5656045079231262207,
            -0.51822412014007568359,
            0.66937345266342163086,
            0.53973180055618286133,
            0.58674967288970947266,
            -0.7017841339111328125,
            0.54112637042999267578,
            0.47952362895011901855,
            0.59418535232543945313,
            -0.56606918573379516602,
            0.64225023984909057617,
            0.48406255245208740234,
            0.58434426784515380859,
            -0.81475085020065307617,
            0.65208852291107177734,
            0.60003042221069335938,
            0.58089745044708251953,
            -0.82502090930938720703,
            0.95929318666458129883,
            0.71346402168273925781,
            0.82537055015563964844,
            -0.836742401123046875,
            0.7340488433837890625,
            0.66620039939880371094,
            0.71788883209228515625,
            -0.90398132801055908203,
            1.12504827976226806641,
            0.82501840591430664063,
            1.05071604251861572266,
            -0.91715300083160400391,
            0.67793393135070800781,
            0.66636067628860473633,
            0.72067284584045410156,
            -1.02349925041198730469,
            1.10314202308654785156,
            0.87820047140121459961,
            1.06448411941528320313,
            -0.97088402509689331055,
            0.49441581964492797852,
            0.70217549800872802734,
            0.5237274169921875,
            -1.22279918193817138672,
            0.67826479673385620117,
            0.85681486129760742188,
            0.686702728271484375,
            -0.88263326883316040039,
            0.44002303481101989746,
            0.73378258943557739258,
            0.55219054222106933594,
            -1.04085636138916015625,
            0.54724407196044921875,
            0.73943853378295898438,
            0.66176259517669677734,
            -0.89320939779281616211,
            0.49191594123840332031,
            0.69613385200500488281,
            0.50100374221801757813,
            -1.00756895542144775391,
            0.50710052251815795898,
            0.62124514579772949219,
            0.56266713142395019531,
            -0.84155571460723876953,
            0.51905274391174316406,
            0.63322854042053222656,
            0.50583863258361816406,
            -0.92903554439544677734,
            0.52590209245681762695,
            0.58916777372360229492,
            0.56625950336456298828
          ],
          "timeTags": [
            40.13389999978244304657,
            131.7896999996155500412,
            219.39029999822378158569,
            309.66369999945163726807,
            400.9529999997466802597,
            489.55119999870657920837,
            577.23619999922811985016,
            666.72039999999105930328,
            756.37419999949634075165,
            847.25859999842941761017,
            936.78379999846220016479,
            1035.70289999991655349731,
            1125.30929999798536300659,
            1213.44129999913275241852,
            1302.87999999895691871643,
            1392.32160000130534172058,
            1483.26369999907910823822,
            1566.68809999898076057434,
            1654.72869999893009662628,
            1744.02749999985098838806,
            1831.3836000002920627594,
            1918.53079999983310699463
          ],