{
  "format": "mubujson1",
  "numBuffers": 1,
  "numTracks": 1,
  "bufferNames": [
    "timing:play 2"
  ],
  "bufferInfos": [
    [
      "label",
      "timing:play"
    ]
  ],
  "tracks": [
    {
      "name": "posenet_normalized_selection",
      "mxCols": 8,
      "mxRows": 1,
      "hasVarRows": false,
      "hasTimeTags": true,
      "nonNumType": "none",
      "maxSize": 5000,
      "buffers": [
        {
          "maxSize": 5000,
          "size": 23,
          "sampleRate": 1000.0,
          "sampleOffset": 1974.22730000130832195282,
          "mxRows": 1,
          "mxCols": 8,
          "mxData": [
            -0.77576833963394165039,
            0.64744621515274047852,
            0.52873003482818603516,
            0.66937345266342163086,
            -0.729831695556640625,
            1.03118944168090820313,
            0.51853853464126586914,
            0.99955761432647705078,
            -0.78172802925109863281,
            0.64331328868865966797,
            0.52927070856094360352,
            0.66325837373733520508,
            -0.72423350811004638672,
            1.02103507518768310547,
            0.50700449943542480469,
            0.99417543411254882813,
            -0.76767140626907348633,
            0.64902299642562866211,
            0.53030061721801757813,
            0.66845011711120605469,
            -0.71507602930068969727,
            1.03051900863647460938,
            0.51600855588912963867,
            0.99826717376708984375,
            -0.77683120965957641602,
            0.65072715282440185547,
            0.53862869739532470703,
            0.66957592964172363281,
            -0.72594058513641357422,
            1.03567516803741455078,
            0.51768577098846435547,
            1.00550031661987304688,
            -0.76494365930557250977,
            0.6493899226188659668,
            0.53884518146514892578,
            0.67436164617538452148,
            -0.7191893458366394043,
            1.03226947784423828125,
            0.50904715061187744141,
            1.00610339641571044922,
            -0.79334759712219238281,
            0.64035832881927490234,
            0.53259354829788208008,
            0.66387605667114257813,
            -0.73493629693984985352,
            1.02383828163146972656,
            0.49463996291160583496,
            0.99699729681015014648,
            -0.83555674552917480469,
            0.66976618766784667969,
            0.56212186813354492188,
            0.62920033931732177734,
            -0.76837772130966186523,
            1.01555764675140380859,
            0.5871804356575012207,
            0.96086287498474121094,
            -0.88216823339462280273,
            0.6731573939323425293,
            0.59385836124420166016,
            0.64287602901458740234,
            -0.84445470571517944336,
            0.97994434833526611328,
            0.67033201456069946289,
            0.98511540889739990234,
            -0.85595548152923583984,
            0.64337176084518432617,
            0.63635134696960449219,
            0.59017282724380493164,
            -0.82390516996383666992,
            0.94257301092147827148,
            0.80442750453948974609,
            0.89099425077438354492,
            -0.83678668737411499023,
            0.61604326963424682617,
            0.68314319849014282227,
            0.56035137176513671875,
            -0.80962890386581420898,
            0.90471553802490234375,
            0.8252658843994140625,
            0.83742070198059082031,
            -0.80554974079132080078,
            0.57294553518295288086,
            0.56668883562088012695,
            0.51589971780776977539,
            -0.82369828224182128906,
            0.82660478353500366211,
            0.67741847038269042969,
            0.77097785472869873047,
            -0.76021111011505126953,
            0.55156880617141723633,
            0.59032410383224487305,
            0.4585901796817779541,
            -0.73247247934341430664,
            0.77036756277084350586,
            0.60582154989242553711,
            0.64231073856353759766,
            -0.77163356542587280273,
            0.55780661106109619141,
            0.54828280210494995117,
            0.4879608154296875,
            -0.75090771913528442383,
            0.78186947107315063477,
            0.5539271235466003418,
            0.64471036195755004883,
            -0.84358572959899902344,
            0.6243457794189453125,
            0.61263489723205566406,
            0.57632392644882202148,
            -0.86440879106521606445,
            0.92672055959701538086,
            0.70285016298294067383,
            0.77461129426956176758,
            -0.83730989694595336914,
            0.68705421686172485352,
            0.56551402807235717773,
            0.68314492702484130859,
            -0.95295757055282592773,
            1.05670034885406494141,
            0.70249551534652709961,
            1.00044846534729003906,
            -0.94167667627334594727,
            0.66397941112518310547,
            0.65210372209548950195,
            0.71967893838882446289,
            -1.14462733268737792969,
            1.07670736312866210938,
            0.82863414287567138672,
            1.077899932861328125,
            -0.9523652195930480957,
            0.55465972423553466797,
            0.60331606864929199219,
            0.57582128047943115234,
            -1.19516348838806152344,
            0.81641495227813720703,
            0.85927397012710571289,
            0.81368678808212280273,
            -0.96609389781951904297,
            0.5386225581169128418,
            0.67396509647369384766,
            0.57861888408660888672,
            -1.08594191074371337891,
            0.56390666961669921875,
            0.66461867094039916992,
            0.54805266857147216797,
            -0.8967469334602355957,
            0.49464508891105651855,
            0.7393646240234375,
            0.55927908420562744141,
            -1.03602528572082519531,
            0.4703471064567565918,
            0.71480596065521240234,
            0.45424631237983703613,
            -0.92028820514678955078,
            0.53027206659317016602,
            0.73975157737731933594,
            0.58357512950897216797,
            -1.02145862579345703125,
            0.47235921025276184082,
            0.70306956768035888672,
            0.46301189064979553223,
            -0.84252607822418212891,
            0.50917208194732666016,
            0.67157602310180664063,
            0.58787912130355834961,
            -0.95950245857238769531,
            0.48971837759017944336,
            0.72952318191528320313,
            0.49311608076095581055,
            -0.80183148384094238281,
            0.51194131374359130859,
            0.64302790164947509766,
            0.56851434707641601563,
            -0.86599624156951904297,
            0.52263247966766357422,
            0.73907053470611572266,
            0.55464226007461547852,
            -0.78769481182098388672,
            0.52365648746490478516,
            0.66078370809555053711,
            0.54198098182678222656,
            -0.87128084897994995117,
            0.53045797348022460938,
            0.79704010486602783203,
            0.58399504423141479492
          ],