{
  "format": "mubujson1",
  "numBuffers": 1,
  "numTracks": 1,
  "bufferNames": [
    "content:pointillism 1"
  ],
  "bufferInfos": [
    [
      "label",
      "content:pointillism"
    ]
  ],
  "tracks": [
    {
      "name": "posenet_normalized_selection",
      "mxCols": 8,
      "mxRows": 1,
      "hasVarRows": false,
      "hasTimeTags": true,
      "nonNumType": "none",
      "maxSize": 5000,
      "buffers": [
        {
          "maxSize": 5000,
          "size": 22,
          "sampleRate": 1000.0,
          "sampleOffset": 1925.17669999785721302032,
          "mxRows": 1,
          "mxCols": 8,
          "mxData": [
            -0.80825752019882202148,
            0.67810022830963134766,
            0.55458211898803710938,
            0.62034177780151367188,
            -0.74998211860656738281,
            1.04791462421417236328,
            0.63261735439300537109,
            0.90729033946990966797,
            -0.81607514619827270508,
            0.67652368545532226563,
            0.54751211404800415039,
            0.61708563566207885742,
            -0.75371664762496948242,
            1.05328512191772460938,
            0.62329763174057006836,
            0.91440093517303466797,
            -0.79744762182235717773,
            0.67268800735473632813,
            0.5658505558967590332,
            0.61699247360229492188,
            -0.74115645885467529297,
            1.04531538486480712891,
            0.64478904008865356445,
            0.90632784366607666016,
            -0.79988193511962890625,
            0.67578577995300292969,
            0.56429421901702880859,
            0.63677930831909179688,
            -0.74374163150787353516,
            1.04925286769866943359,
            0.63028645515441894531,
            0.9565117955207824707,
            -0.75682836771011352539,
            0.67896234989166259766,
            0.6307551264762878418,
            0.66284650564193725586,
            -0.729526519775390625,
            1.060581207275390625,
            0.66106367111206054688,
            1.01706004142761230469,
            -0.77893126010894775391,
            0.67309486865997314453,
            0.66405808925628662109,
            0.65142625570297241211,
            -0.75658392906188964844,
            1.03985273838043212891,
            0.6734898686408996582,
            1.00799441337585449219,
            -0.88030171394348144531,
            0.6237958073616027832,
            0.82232886552810668945,
            0.47813117504119873047,
            -0.82655310630798339844,
            0.93248426914215087891,
            0.93967902660369873047,
            0.61132538318634033203,
            -0.96786254644393920898,
            0.51352977752685546875,
            0.88111972808837890625,
            0.3787581026554107666,
            -0.92311310768127441406,
            0.7280318140983581543,
            0.71875417232513427734,
            0.30264875292778015137,
            -0.94149112701416015625,
            0.44295257329940795898,
            0.93880826234817504883,
            0.24527914822101593018,
            -0.71944946050643920898,
            0.43175214529037475586,
            0.65200376510620117188,
            -0.0527344532310962677,
            -0.97097367048263549805,
            0.37782937288284301758,
            0.85687631368637084961,
            0.20276749134063720703,
            -0.69061732292175292969,
            0.21158161759376525879,
            0.6118475794792175293,
            -0.10989284515380859375,
            -0.92980366945266723633,
            0.29846441745758056641,
            0.99317330121994018555,
            0.13518151640892028809,
            -0.6363627314567565918,
            0.03291186317801475525,
            0.63053679466247558594,
            -0.15769203007221221924,
            -0.75314593315124511719,
            0.23861069977283477783,
            0.92529433965682983398,
            0.13512425124645233154,
            -0.44881048798561096191,
            -0.1151378825306892395,
            0.6605517268180847168,
            -0.11254730820655822754,
            -0.75680261850357055664,
            0.25106307864189147949,
            0.83322566747665405273,
            0.07697078585624694824,
            -0.49882835149765014648,
            -0.05844703689217567444,
            0.57336384057998657227,
            -0.23068277537822723389,
            -0.72908735275268554688,
            0.21986398100852966309,
            0.85537236928939819336,
            0.1103343665599822998,
            -0.33741044998168945313,
            -0.13046555221080780029,
            0.53484183549880981445,
            -0.1731853187084197998,
            -0.67042201757431030273,
            0.21284927427768707275,
            0.88325333595275878906,
            0.13537752628326416016,
            -0.28954675793647766113,
            -0.19715708494186401367,
            0.59126317501068115234,
            -0.1561282724142074585,
            -0.813098907470703125,
            0.26575127243995666504,
            0.8945267796516418457,
            0.03367285802960395813,
            -0.36600834131240844727,
            -0.13224475085735321045,
            0.63575601577758789063,
            -0.26650121808052062988,
            -0.77307152748107910156,
            0.21104308962821960449,
            0.83643054962158203125,
            0.05693547427654266357,
            -0.23488916456699371338,
            -0.19124470651149749756,
            0.55742841958999633789,
            -0.24239961802959442139,
            -0.74412178993225097656,
            0.18934373557567596436,
            0.83249133825302124023,
            0.13071539998054504395,
            -0.35127872228622436523,
            -0.25197550654411315918,
            0.54212909936904907227,
            -0.20083047449588775635,
            -0.80394482612609863281,
            0.22653107345104217529,
            0.8025200963020324707,
            0.08211714774370193481,
            -0.28310468792915344238,
            -0.18964657187461853027,
            0.4879061281681060791,
            -0.21585758030414581299,
            -0.81659287214279174805,
            0.23622812330722808838,
            0.84023708105087280273,
            0.03843994811177253723,
            -0.29997122287750244141,
            -0.14311334490776062012,
            0.57572442293167114258,
            -0.26770186424255371094,
            -0.81273025274276733398,
            0.19440697133541107178,
            0.81327784061431884766,
            0.12223460525274276733,
            -0.24771776795387268066,
            -0.23455324769020080566,
            0.45849522948265075684,
            -0.2349376976490020752,
            -0.80643004179000854492,
            0.18555255234241485596,
            0.81701254844665527344,
            0.11144476383924484253,
            -0.29591238498687744141,
            -0.21909318864345550537,
            0.43726339936256408691,
            -0.22330735623836517334
          ],
          "timeTags": [
            63.16929999925196170807,
            144.71040000207722187042,
            227.85249999910593032837,
            314.02480000071227550507,
            413.21759999915957450867,
            504.97240000031888484955,
            594.43360000103712081909,
            681.66760000027716159821,
            771.82489999942481517792,
            858.55570000037550926208,
            949.24440000019967556,
            1038.67449999973177909851,
            1127.62420000135898590088,
            1217.51700000092387199402,
            1309.41940000094473361969,
            1404.09569999948143959045,
            1491.06289999932050704956,
            1577.33740000054240226746,
            1667.12140000052750110626,
            1758.95330000109970569611,
            1851.30370000004768371582,
            1936.29939999990165233612
          ],