{
  "format": "mubujson1",
  "numBuffers": 1,
  "numTracks": 1,
  "bufferNames": [
    "content:longtone 2"
  ],
  "bufferInfos": [
    [
      "label",
      "content:longtone"
    ]
  ],
  "tracks": [
    {
      "name": "posenet_normalized_selection",
      "mxCols": 8,
      "mxRows": 1,
      "hasVarRows": false,
      "hasTimeTags": true,
      "nonNumType": "none",
      "maxSize": 5000,
      "buffers": [
        {
          "maxSize": 5000,
          "size": 23,
          "sampleRate": 1000.0,
          "sampleOffset": 1925.17669999785721302032,
          "mxRows": 1,
          "mxCols": 8,
          "mxData": [
            -0.77392172813415527344,
            0.65963709354400634766,
            0.52516686916351318359,
            0.64311867952346801758,
            -0.72608339786529541016,
            1.02905607223510742188,
            0.62104421854019165039,
            0.91360771656036376953,
            -0.77386260032653808594,
            0.66085129976272583008,
            0.51852846145629882813,
            0.64166826009750366211,
            -0.72095793485641479492,
            1.03156685829162597656,
            0.60568666458129882813,
            0.91763931512832641602,
            -0.77487409114837646484,
            0.66353660821914672852,
            0.51466399431228637695,
            0.65176522731781005859,
            -0.72646278142929077148,
            1.03297376632690429688,
            0.60106003284454345703,
            0.94420999288558959961,
            -0.76977932453155517578,
            0.66250312328338623047,
            0.53834873437881469727,
            0.64708483219146728516,
            -0.69965022802352905273,
            1.03900063037872314453,
            0.63527941703796386719,
            0.96079611778259277344,
            -0.78386592864990234375,
            0.66197574138641357422,
            0.54592442512512207031,
            0.63897287845611572266,
            -0.71374905109405517578,
            1.03326690196990966797,
            0.62864869832992553711,
            0.95499783754348754883,
            -0.78883641958236694336,
            0.66933691501617431641,
            0.58705687522888183594,
            0.68297010660171508789,
            -0.73716765642166137695,
            1.04451072216033935547,
            0.61535096168518066406,
            1.03204369544982910156,
            -0.75688713788986206055,
            0.61647832393646240234,
            0.59369248151779174805,
            0.6205323338508605957,
            -0.66729593276977539063,
            0.94868630170822143555,
            0.62418961524963378906,
            0.95760381221771240234,
            -0.79101914167404174805,
            0.59229081869125366211,
            0.62274920940399169922,
            0.58306348323822021484,
            -0.59243243932723999023,
            0.87611484527587890625,
            0.56180220842361450195,
            0.873310089111328125,
            -0.77939385175704956055,
            0.54592841863632202148,
            0.60665494203567504883,
            0.52159005403518676758,
            -0.47865015268325805664,
            0.7005316615104675293,
            0.38212761282920837402,
            0.66488027572631835938,
            -0.80576562881469726563,
            0.56253153085708618164,
            0.49884304404258728027,
            0.55905377864837646484,
            -0.40525707602500915527,
            0.56425571441650390625,
            0.19542753696441650391,
            0.57289010286331176758,
            -0.82306367158889770508,
            0.54858422279357910156,
            0.45533546805381774902,
            0.55335384607315063477,
            -0.49535608291625976563,
            0.51499933004379272461,
            0.19515077769756317139,
            0.48817139863967895508,
            -0.87794804573059082031,
            0.4903945624828338623,
            0.4656003117561340332,
            0.52611362934112548828,
            -0.5396378636360168457,
            0.48728954792022705078,
            0.23794953525066375732,
            0.46726968884468078613,
            -0.86329263448715209961,
            0.4953810274600982666,
            0.63289719820022583008,
            0.52539271116256713867,
            -0.59337562322616577148,
            0.49838918447494506836,
            0.47441536188125610352,
            0.49634715914726257324,
            -1.24814772605895996094,
            0.45558705925941467285,
            1.05886006355285644531,
            0.48003649711608886719,
            -1.84515416622161865234,
            0.57467681169509887695,
            1.81857728958129882813,
            0.57533681392669677734,
            -1.40352845191955566406,
            0.40930080413818359375,
            1.18160581588745117188,
            0.41452571749687194824,
            -2.12688541412353515625,
            0.51046258211135864258,
            2.0204563140869140625,
            0.51651340723037719727,
            -1.34642755985260009766,
            0.38734591007232666016,
            1.17023503780364990234,
            0.3947232663631439209,
            -2.122676849365234375,
            0.48054930567741394043,
            1.95031774044036865234,
            0.47894835472106933594,
            -1.26296460628509521484,
            0.37529772520065307617,
            1.13561379909515380859,
            0.38623243570327758789,
            -2.04185152053833007813,
            0.45965522527694702148,
            1.87151038646697998047,
            0.45764994621276855469,
            -1.30058455467224121094,
            0.37940686941146850586,
            1.14950191974639892578,
            0.38823407888412475586,
            -2.08490967750549316406,
            0.46264493465423583984,
            1.9025821685791015625,
            0.4674701690673828125,
            -1.28694415092468261719,
            0.38247728347778320313,
            1.11691582202911376953,
            0.40512663125991821289,
            -2.07761645317077636719,
            0.46760076284408569336,
            1.89128816127777099609,
            0.49298453330993652344,
            -1.33528649806976318359,
            0.38331392407417297363,
            1.10465002059936523438,
            0.40542706847190856934,
            -2.15192103385925292969,
            0.46603116393089294434,
            1.88937985897064208984,
            0.49390819668769836426,
            -1.33710110187530517578,
            0.37674790620803833008,
            1.09927439689636230469,
            0.4037730097770690918,
            -2.16222405433654785156,
            0.4621861577033996582,
            1.87922894954681396484,
            0.48914933204650878906,
            -1.33392035961151123047,
            0.37503990530967712402,
            1.08534085750579833984,
            0.39562696218490600586,
            -2.1178607940673828125,
            0.45410597324371337891,
            1.85608768463134765625,
            0.48311164975166320801,
            -1.35594260692596435547,
            0.37761807441711425781,
            1.12515842914581298828,
            0.39873474836349487305,
            -2.17854237556457519531,
            0.45880976319313049316,
            1.89927184581756591797,
            0.48146077990531921387
          ],