{
  "format": "mubujson1",
  "numBuffers": 1,
  "numTracks": 1,
  "bufferNames": [
    "content:longtone 3"
  ],
  "bufferInfos": [
    [
      "label",
      "content:longtone"
    ]
  ],
  "tracks": [
    {
      "name": "posenet_normalized_selection",
      "mxCols": 8,
      "mxRows": 1,
      "hasVarRows": false,
      "hasTimeTags": true,
      "nonNumType": "none",
      "maxSize": 5000,
      "buffers": [
        {
          "maxSize": 5000,
          "size": 20,
          "sampleRate": 1000.0,
          "sampleOffset": 0.0,
          "mxRows": 1,
          "mxCols": 8,
          "mxData": [
            -0.81199258565902709961,
            0.65512698888778686523,
            0.59338772296905517578,
            0.68771117925643920898,
            -0.75024056434631347656,
            1.02310919761657714844,
            0.51076406240463256836,
            1.03132486343383789063,
            -0.8013159632682800293,
            0.65455073118209838867,
            0.59944289922714233398,
            0.66429913043975830078,
            -0.74701410531997680664,
            1.01275217533111572266,
            0.55950647592544555664,
            1.04308092594146728516,
            -0.77264457941055297852,
            0.66433745622634887695,
            0.61251401901245117188,
            0.6681525111198425293,
            -0.71756160259246826172,
            1.027423858642578125,
            0.53686219453811645508,
            1.0278301239013671875,
            -0.78461629152297973633,
            0.65703433752059936523,
            0.56636756658554077148,
            0.69453942775726318359,
            -0.75519770383834838867,
            1.01816570758819580078,
            0.58391129970550537109,
            1.04248726367950439453,
            -0.7270787358283996582,
            0.6050427556037902832,
            0.64073777198791503906,
            0.65066307783126831055,
            -0.69453233480453491211,
            0.95951366424560546875,
            0.69035094976425170898,
            1.02955353260040283203,
            -0.73100781440734863281,
            0.54852998256683349609,
            0.66533327102661132813,
            0.56988108158111572266,
            -0.70830476284027099609,
            0.82580244541168212891,
            0.5454781651496887207,
            0.85151654481887817383,
            -0.65973752737045288086,
            0.5101655125617980957,
            0.58140861988067626953,
            0.48288068175315856934,
            -0.56277984380722045898,
            0.59020274877548217773,
            0.27242821455001831055,
            0.54849988222122192383,
            -0.67847204208374023438,
            0.45717144012451171875,
            0.5721524357795715332,
            0.45979750156402587891,
            -0.31532356142997741699,
            0.41027525067329406738,
            0.14010535180568695068,
            0.42923024296760559082,
            -0.69798517227172851563,
            0.38543528318405151367,
            0.51407158374786376953,
            0.45344686508178710938,
            -0.32270148396492004395,
            0.34848868846893310547,
            0.10009706765413284302,
            0.39282271265983581543,
            -0.82450544834136962891,
            0.41042131185531616211,
            0.67274010181427001953,
            0.47306677699089050293,
            -0.52609235048294067383,
            0.34391161799430847168,
            0.27152919769287109375,
            0.40137255191802978516,
            -1.10321199893951416016,
            0.34656128287315368652,
            0.95067518949508666992,
            0.40220507979393005371,
            -1.34132826328277587891,
            0.35547578334808349609,
            1.33011603355407714844,
            0.42041721940040588379,
            -1.0702056884765625,
            0.31438437104225158691,
            1.14335572719573974609,
            0.35957249999046325684,
            -1.71963584423065185547,
            0.3472327888011932373,
            1.88381099700927734375,
            0.42251005768775939941,
            -1.18314421176910400391,
            0.31502500176429748535,
            1.25804758071899414063,
            0.34952589869499206543,
            -2.00452423095703125,
            0.34894195199012756348,
            2.02012705802917480469,
            0.40253722667694091797,
            -1.13431084156036376953,
            0.3309129178524017334,
            1.14434456825256347656,
            0.34168568253517150879,
            -1.86175036430358886719,
            0.37784111499786376953,
            1.88109409809112548828,
            0.38195899128913879395,
            -1.13729155063629150391,
            0.33943036198616027832,
            1.14963316917419433594,
            0.34940099716186523438,
            -1.90596449375152587891,
            0.37609976530075073242,
            1.85955035686492919922,
            0.39042836427688598633,
            -1.26300275325775146484,
            0.32319885492324829102,
            1.20710718631744384766,
            0.34111765027046203613,
            -2.13875579833984375,
            0.35653579235076904297,
            2.05446338653564453125,
            0.38589531183242797852,
            -1.17357540130615234375,
            0.31718230247497558594,
            1.13461422920227050781,
            0.35367149114608764648,
            -2.00679302215576171875,
            0.34483292698860168457,
            1.91682446002960205078,
            0.39731007814407348633,
            -1.21546769142150878906,
            0.32363942265510559082,
            1.13890790939331054688,
            0.34922149777412414551,
            -2.036411285400390625,
            0.34599542617797851563,
            1.93226635456085205078,
            0.39314913749694824219,
            -1.22484457492828369141,
            0.31874155998229980469,
            1.14644658565521240234,
            0.34700444340705871582,
            -2.06149625778198242188,
            0.34406763315200805664,
            1.93322932720184326172,
            0.38748541474342346191,
            -1.21177935600280761719,
            0.32051867246627807617,
            1.15811705589294433594,
            0.34337976574897766113,
            -2.02942109107971191406,
            0.34454447031021118164,
            1.96244752407073974609,
            0.38299456238746643066
          ],
          "timeTags": [
            16.07849999982863664627,
            117.79189999960362911224,
            226.46129999961704015732,
            325.66479999944567680359,
            426.62069999938830733299,
            529.42029999988153576851,
            630.44109999947249889374,
            732.78340000007301568985,
            836.6121999998576939106,
            934.61859999969601631165,
            1034.76559999957680702209,
            1138.44319999963045120239,
            1239.53049999987706542015,
            1337.66639999952167272568,
            1438.65079999994486570358,
            1537.89939999952912330627,
            1648.2399999997578561306,
            1750.73529999982565641403,
            1854.74179999995976686478,
            1958.16569999977946281433
          ],
          "info": [
            "FileName",
            "2020-07-01_10-50-7_dcfb9900-bb77-11ea-8057-a5b85ffa2c67.mubu",
            "gui",
            "autobounds minmax, shape envelopebpf, interface multibpf, opacity 1, colormode rainbow, hidenotforemost 1"
          ]
        }
      ]
    }
  ]
}