{
  "format": "mubujson1",
  "numBuffers": 1,
  "numTracks": 1,
  "bufferNames": [
    "content:pointillism 2"
  ],
  "bufferInfos": [
    [
      "label",
      "content:pointillism"
    ]
  ],
  "tracks": [
    {
      "name": "posenet_normalized_selection",
      "mxCols": 8,
      "mxRows": 1,
      "hasVarRows": false,
      "hasTimeTags": true,
      "nonNumType": "none",
      "maxSize": 5000,
      "buffers": [
        {
          "maxSize": 5000,
          "size": 23,
          "sampleRate": 1000.0,
          "sampleOffset": 1925.17669999785721302032,
          "mxRows": 1,
          "mxCols": 8,
          "mxData": [
            -0.81876933574676513672,
            0.69405305385589599609,
            0.5653902888298034668,
            0.6449998021125793457,
            -0.67102169990539550781,
            1.08220374584197998047,
            0.59069085121154785156,
            0.99110829830169677734,
            -0.79919683933258056641,
            0.68640369176864624023,
            0.54445469379425048828,
            0.64567255973815917969,
            -0.66606897115707397461,
            1.07265698909759521484,
            0.57028287649154663086,
            0.99109327793121337891,
            -0.81400126218795776367,
            0.68733131885528564453,
            0.5341421961784362793,
            0.64448744058609008789,
            -0.67579537630081176758,
            1.07117760181427001953,
            0.55334073305130004883,
            0.99513232707977294922,
            -0.81406217813491821289,
            0.6926543116569519043,
            0.53684639930725097656,
            0.65687412023544311523,
            -0.67765384912490844727,
            1.07609391212463378906,
            0.56640046834945678711,
            1.01079416275024414063,
            -0.75076049566268920898,
            0.70993185043334960938,
            0.68195420503616333008,
            0.69870108366012573242,
            -0.64344823360443115234,
            1.1003131866455078125,
            0.649883270263671875,
            1.07191026210784912109,
            -0.76149851083755493164,
            0.6811287999153137207,
            0.74168121814727783203,
            0.63173532485961914063,
            -0.65136355161666870117,
            1.046016693115234375,
            0.72576653957366943359,
            0.96920639276504516602,
            -0.81732887029647827148,
            0.68331813812255859375,
            0.81317895650863647461,
            0.49879270792007446289,
            -0.67612659931182861328,
            1.00598382949829101563,
            0.73897594213485717773,
            0.63494288921356201172,
            -0.87584829330444335938,
            0.66984921693801879883,
            0.86223018169403076172,
            0.46423628926277160645,
            -0.6725075840950012207,
            0.99895399808883666992,
            0.68567520380020141602,
            0.47770848870277404785,
            -0.98441165685653686523,
            0.45178902149200439453,
            0.81050252914428710938,
            0.26476424932479858398,
            -0.571269989013671875,
            0.36793470382690429688,
            0.50772684812545776367,
            -0.04334887489676475525,
            -1.00559115409851074219,
            0.35805097222328186035,
            0.8444321751594543457,
            0.2211170494556427002,
            -0.67085957527160644531,
            0.09361699968576431274,
            0.54869663715362548828,
            -0.12284296751022338867,
            -0.91163098812103271484,
            0.25565189123153686523,
            0.9565308690071105957,
            0.19598434865474700928,
            -0.55091953277587890625,
            -0.11699192225933074951,
            0.69948405027389526367,
            -0.14850135147571563721,
            -0.70009773969650268555,
            0.21985702216625213623,
            0.79990273714065551758,
            0.18294458091259002686,
            -0.48677769303321838379,
            -0.13311430811882019043,
            0.5293636322021484375,
            -0.15386351943016052246,
            -0.76330965757369995117,
            0.24825581908226013184,
            0.79314965009689331055,
            0.10003446042537689209,
            -0.57081657648086547852,
            -0.06725382059812545776,
            0.49449697136878967285,
            -0.17822778224945068359,
            -0.74318027496337890625,
            0.26796588301658630371,
            0.84853309392929077148,
            0.25236544013023376465,
            -0.2996508479118347168,
            -0.10928933322429656982,
            0.52602028846740722656,
            -0.08924034237861633301,
            -0.68105852603912353516,
            0.27267190814018249512,
            0.79480373859405517578,
            0.23547445237636566162,
            -0.2730661928653717041,
            -0.12049848586320877075,
            0.55475473403930664063,
            -0.08658548444509506226,
            -0.74860620498657226563,
            0.23881837725639343262,
            0.82405400276184082031,
            0.09312237054109573364,
            -0.42919638752937316895,
            -0.10199657827615737915,
            0.43649283051490783691,
            -0.1926835477352142334,
            -0.75881749391555786133,
            0.24082717299461364746,
            0.80068552494049072266,
            0.18434549868106842041,
            -0.28412032127380371094,
            -0.19563367962837219238,
            0.53837978839874267578,
            -0.14689487218856811523,
            -0.76562398672103881836,
            0.24862697720527648926,
            0.76893246173858642578,
            0.23320379853248596191,
            -0.20634621381759643555,
            -0.21218025684356689453,
            0.50692605972290039063,
            -0.11298308521509170532,
            -0.75508701801300048828,
            0.25134178996086120605,
            0.79783535003662109375,
            0.10422130674123764038,
            -0.27612739801406860352,
            -0.17519015073776245117,
            0.48965889215469360352,
            -0.18905505537986755371,
            -0.80026799440383911133,
            0.26824805140495300293,
            0.83315062522888183594,
            0.11128141731023788452,
            -0.31327572464942932129,
            -0.13874459266662597656,
            0.56183153390884399414,
            -0.20466373860836029053,
            -0.77851778268814086914,
            0.24403983354568481445,
            0.80832707881927490234,
            0.23350344598293304443,
            -0.20579238235950469971,
            -0.1980685889720916748,
            0.52296280860900878906,
            -0.11853820085525512695,
            -0.75606942176818847656,
            0.21246756613254547119,
            0.75081431865692138672,
            0.15603479743003845215,
            -0.25483167171478271484,
            -0.20374624431133270264,
            0.42541661858558654785,
            -0.1592915654182434082,
            -0.78253996372222900391,
            0.25519475340843200684,
            0.84535193443298339844,
            0.09046912193298339844,
            -0.24854998290538787842,
            -0.13425882160663604736,
            0.46157953143119812012,
            -0.159513130784034729
          ],