{
  "format": "mubujson1",
  "numBuffers": 1,
  "numTracks": 1,
  "bufferNames": [
    "identifier:birds 3"
  ],
  "bufferInfos": [
    [
      "label",
      "identifier:birds"
    ]
  ],
  "tracks": [
    {
      "name": "posenet_normalized_selection",
      "mxCols": 8,
      "mxRows": 1,
      "hasVarRows": false,
      "hasTimeTags": true,
      "nonNumType": "none",
      "maxSize": 5000,
      "buffers": [
        {
          "maxSize": 5000,
          "size": 18,
          "sampleRate": 1000.0,
          "sampleOffset": 0.0,
          "mxRows": 1,
          "mxCols": 8,
          "mxData": [
            -0.76351678371429443359,
            0.71070092916488647461,
            0.6032816767692565918,
            0.70492070913314819336,
            -0.68774050474166870117,
            1.03041172027587890625,
            0.59027612209320068359,
            1.06108200550079345703,
            -0.78850394487380981445,
            0.72139668464660644531,
            0.58790832757949829102,
            0.71743243932723999023,
            -0.83545726537704467773,
            1.05457997322082519531,
            0.57913309335708618164,
            1.07570314407348632813,
            -0.78388541936874389648,
            0.70124894380569458008,
            0.59480148553848266602,
            0.71080821752548217773,
            -0.70276057720184326172,
            1.01925122737884521484,
            0.59380984306335449219,
            1.06779968738555908203,
            -0.78164488077163696289,
            0.70916396379470825195,
            0.64794951677322387695,
            0.70812594890594482422,
            -0.7122046351432800293,
            1.04082465171813964844,
            0.64360648393630981445,
            1.06316959857940673828,
            -0.86478155851364135742,
            0.67993938922882080078,
            0.80691802501678466797,
            0.64221024513244628906,
            -0.87984323501586914063,
            1.03514778614044189453,
            1.02910864353179931641,
            1.00341510772705078125,
            -0.94853621721267700195,
            0.60079097747802734375,
            0.98675119876861572266,
            0.58606225252151489258,
            -1.19047820568084716797,
            0.93038958311080932617,
            1.38662099838256835938,
            0.87587916851043701172,
            -1.16037440299987792969,
            0.45892068743705749512,
            1.28523766994476318359,
            0.44769868254661560059,
            -1.77580749988555908203,
            0.6980915069580078125,
            2.08716177940368652344,
            0.59888845682144165039,
            -1.20365023612976074219,
            0.41381973028182983398,
            1.30406367778778076172,
            0.3566214442253112793,
            -1.88886952400207519531,
            0.44888213276863098145,
            2.11852598190307617188,
            0.28839099407196044922,
            -1.19125962257385253906,
            0.39605170488357543945,
            1.18409895896911621094,
            0.3641249537467956543,
            -1.88686394691467285156,
            0.27895832061767578125,
            1.76793956756591796875,
            0.18229572474956512451,
            -1.18749749660491943359,
            0.42291814088821411133,
            1.15644419193267822266,
            0.41866862773895263672,
            -1.89759516716003417969,
            0.30434060096740722656,
            1.79093492031097412109,
            0.23313753306865692139,
            -1.13480818271636962891,
            0.4872264862060546875,
            1.02626955509185791016,
            0.4948609769344329834,
            -1.85380840301513671875,
            0.53624832630157470703,
            1.97315704822540283203,
            0.47577363252639770508,
            -1.02288973331451416016,
            0.58736497163772583008,
            0.9564120173454284668,
            0.59023374319076538086,
            -1.60399568080902099609,
            0.86078369617462158203,
            1.61133730411529541016,
            0.82562088966369628906,
            -1.02627301216125488281,
            0.61698174476623535156,
            0.86263287067413330078,
            0.6030051112174987793,
            -1.37657713890075683594,
            0.91267734766006469727,
            1.27629601955413818359,
            0.88729703426361083984,
            -1.15539109706878662109,
            0.56164228916168212891,
            1.00629878044128417969,
            0.57224214076995849609,
            -1.62811422348022460938,
            0.83319759368896484375,
            1.59637379646301269531,
            0.80595999956130981445,
            -1.19066333770751953125,
            0.41688886284828186035,
            1.23859238624572753906,
            0.42670097947120666504,
            -1.99234187602996826172,
            0.5408293604850769043,
            2.02039694786071777344,
            0.51481175422668457031,
            -1.30180442333221435547,
            0.32172125577926635742,
            1.16414332389831542969,
            0.30701303482055664063,
            -1.97099578380584716797,
            0.19955354928970336914,
            1.818187713623046875,
            0.16414205729961395264,
            -1.2506008148193359375,
            0.30764728784561157227,
            1.16601836681365966797,
            0.2952785491943359375,
            -1.83165097236633300781,
            0.16944901645183563232,
            1.76276743412017822266,
            0.13653272390365600586,
            -1.16893792152404785156,
            0.40067762136459350586,
            1.16530263423919677734,
            0.4334450066089630127,
            -1.86406278610229492188,
            0.30413123965263366699,
            1.80814063549041748047,
            0.29474461078643798828
          ],
          "timeTags": [
            96.40269999578595161438,
            213.16829999536275863647,
            330.23419999703764915466,
            439.25349999591708183289,
            536.79259999468922615051,
            642.81529999896883964539,
            755.35929999500513076782,
            856.78200000151991844177,
            959.46089999750256538391,
            1062.25379999727010726929,
            1173.04799999669194221497,
            1275.97459999844431877136,
            1380.42479999735951423645,
            1498.30359999462962150574,
            1604.76549999415874481201,
            1711.01529999822378158569,
            1822.70079999789595603943,
            1938.99100000038743019104
          ],
          "info": [
            "gui",
            "autobounds minmax, shape envelopebpf, interface multibpf, opacity 1, colormode rainbow, hidenotforemost 1"
          ]
        }
      ]
    }
  ]
}