{
  "format": "mubujson1",
  "numBuffers": 1,
  "numTracks": 1,
  "bufferNames": [
    "identifier:singers 1"
  ],
  "bufferInfos": [
    [
      "label",
      "identifier:singers"
    ]
  ],
  "tracks": [
    {
      "name": "posenet_normalized_selection",
      "mxCols": 8,
      "mxRows": 1,
      "hasVarRows": false,
      "hasTimeTags": true,
      "nonNumType": "none",
      "maxSize": 5000,
      "buffers": [
        {
          "maxSize": 5000,
          "size": 23,
          "sampleRate": 1000.0,
          "sampleOffset": 1990.58079999871551990509,
          "mxRows": 1,
          "mxCols": 8,
          "mxData": [
            -0.73786276578903198242,
            0.68565607070922851563,
            0.56919586658477783203,
            0.70315080881118774414,
            -0.71970033645629882813,
            1.04734790325164794922,
            0.51878553628921508789,
            1.04596030712127685547,
            -0.74781584739685058594,
            0.68038541078567504883,
            0.54904294013977050781,
            0.70292085409164428711,
            -0.72334754467010498047,
            1.03583419322967529297,
            0.4996808171272277832,
            1.04175114631652832031,
            -0.74271881580352783203,
            0.66984009742736816406,
            0.54229265451431274414,
            0.69936335086822509766,
            -0.72000098228454589844,
            1.02312564849853515625,
            0.50378298759460449219,
            1.04057717323303222656,
            -0.74924451112747192383,
            0.68349540233612060547,
            0.54905366897583007813,
            0.70725029706954956055,
            -0.73039150238037109375,
            1.04465806484222412109,
            0.52114468812942504883,
            1.06284594535827636719,
            -0.74483495950698852539,
            0.68759882450103759766,
            0.54645389318466186523,
            0.71472036838531494141,
            -0.72148185968399047852,
            1.05246889591217041016,
            0.52860724925994873047,
            1.07369577884674072266,
            -0.74723136425018310547,
            0.68332856893539428711,
            0.59408265352249145508,
            0.69505554437637329102,
            -0.73060041666030883789,
            1.03970479965209960938,
            0.58055782318115234375,
            1.03785109519958496094,
            -0.75435620546340942383,
            0.66216683387756347656,
            0.6410452723503112793,
            0.65197390317916870117,
            -0.72298085689544677734,
            1.01497495174407958984,
            0.54678755998611450195,
            0.93463593721389770508,
            -0.77706164121627807617,
            0.67680817842483520508,
            0.66071486473083496094,
            0.63851708173751831055,
            -0.75977778434753417969,
            1.03091156482696533203,
            0.57919734716415405273,
            0.73888826370239257813,
            -0.85528695583343505859,
            0.68561822175979614258,
            0.66526585817337036133,
            0.68044495582580566406,
            -0.83421301841735839844,
            1.04766356945037841797,
            0.31205990910530090332,
            0.44940665364265441895,
            -0.96681982278823852539,
            0.70426124334335327148,
            0.48656356334686279297,
            0.6454842686653137207,
            -0.97034907341003417969,
            1.06806838512420654297,
            0.03627865388989448547,
            0.28753289580345153809,
            -0.92124599218368530273,
            0.68985527753829956055,
            0.42062520980834960938,
            0.6389535069465637207,
            -0.92472344636917114258,
            1.04919087886810302734,
            0.0394224897027015686,
            0.28823503851890563965,
            -0.95820772647857666016,
            0.69783866405487060547,
            0.43270027637481689453,
            0.67526674270629882813,
            -0.94582462310791015625,
            1.05807483196258544922,
            0.07863541692495346069,
            0.32917606830596923828,
            -0.90994620323181152344,
            0.70723724365234375,
            0.50237166881561279297,
            0.68828433752059936523,
            -0.90383446216583251953,
            1.08233475685119628906,
            0.37732297182083129883,
            0.56340259313583374023,
            -0.86171072721481323242,
            0.6975644230842590332,
            0.57633686065673828125,
            0.64941114187240600586,
            -0.86551237106323242188,
            1.06335151195526123047,
            0.60499906539916992188,
            0.65258967876434326172,
            -0.82340198755264282227,
            0.68978035449981689453,
            0.52297478914260864258,
            0.60067808628082275391,
            -0.83578115701675415039,
            1.05757510662078857422,
            0.62826484441757202148,
            0.65236532688140869141,
            -0.83783674240112304688,
            0.69078499078750610352,
            0.5644575953483581543,
            0.62006592750549316406,
            -0.8437150120735168457,
            1.05569112300872802734,
            0.6474469304084777832,
            0.6518834233283996582,
            -0.83089911937713623047,
            0.7008736729621887207,
            0.58145678043365478516,
            0.64976477622985839844,
            -0.83930808305740356445,
            1.07226109504699707031,
            0.64229959249496459961,
            0.66922026872634887695,
            -0.83487963676452636719,
            0.69895225763320922852,
            0.56269067525863647461,
            0.63220894336700439453,
            -0.83580225706100463867,
            1.06584286689758300781,
            0.63259798288345336914,
            0.65511405467987060547,
            -0.82180267572402954102,
            0.6935380101203918457,
            0.6015231013298034668,
            0.63985091447830200195,
            -0.81825518608093261719,
            1.05772101879119873047,
            0.64670896530151367188,
            0.64772707223892211914,
            -0.81043773889541625977,
            0.69194531440734863281,
            0.59363764524459838867,
            0.65153414011001586914,
            -0.81583476066589355469,
            1.05080747604370117188,
            0.62424474954605102539,
            0.64746075868606567383,
            -0.83359724283218383789,
            0.69801449775695800781,
            0.58094692230224609375,
            0.64792364835739135742,
            -0.83387094736099243164,
            1.06097018718719482422,
            0.61222654581069946289,
            0.65600091218948364258,
            -0.83353459835052490234,
            0.69839787483215332031,
            0.58166509866714477539,
            0.64627462625503540039,
            -0.83363687992095947266,
            1.06549680233001708984,
            0.62621015310287475586,
            0.66191130876541137695,
            -0.83605587482452392578,
            0.69543969631195068359,
            0.58075088262557983398,
            0.65214246511459350586,
            -0.83976387977600097656,
            1.05324304103851318359,
            0.60810673236846923828,
            0.64341908693313598633
          ],