{
  "format": "mubujson1",
  "numBuffers": 1,
  "numTracks": 1,
  "bufferNames": [
    "identifier:wholegroup 1"
  ],
  "bufferInfos": [
    [
      "label",
      "identifier:wholegroup"
    ]
  ],
  "tracks": [
    {
      "name": "posenet_normalized_selection",
      "mxCols": 8,
      "mxRows": 1,
      "hasVarRows": false,
      "hasTimeTags": true,
      "nonNumType": "none",
      "maxSize": 5000,
      "buffers": [
        {
          "maxSize": 5000,
          "size": 20,
          "sampleRate": 1000.0,
          "sampleOffset": 1918.73090000450611114502,
          "mxRows": 1,
          "mxCols": 8,
          "mxData": [
            -0.78716498613357543945,
            0.66273778676986694336,
            0.57980132102966308594,
            0.70553910732269287109,
            -0.64708197116851806641,
            1.03315412998199462891,
            0.49370613694190979004,
            1.06221234798431396484,
            -0.77263158559799194336,
            0.66208297014236450195,
            0.59054505825042724609,
            0.70575553178787231445,
            -0.62985754013061523438,
            1.04005455970764160156,
            0.48629778623580932617,
            1.06476688385009765625,
            -0.78813076019287109375,
            0.66726273298263549805,
            0.57670795917510986328,
            0.70644080638885498047,
            -0.64963489770889282227,
            1.03650903701782226563,
            0.47649469971656799316,
            1.06447196006774902344,
            -0.79308122396469116211,
            0.67164087295532226563,
            0.56848484277725219727,
            0.70583748817443847656,
            -0.64903748035430908203,
            1.04419982433319091797,
            0.47132959961891174316,
            1.05938053131103515625,
            -0.80088394880294799805,
            0.67285972833633422852,
            0.55944246053695678711,
            0.70435619354248046875,
            -0.66133207082748413086,
            1.04284226894378662109,
            0.46543362736701965332,
            1.0587329864501953125,
            -0.77153915166854858398,
            0.65884512662887573242,
            0.59668320417404174805,
            0.68143141269683837891,
            -0.69542419910430908203,
            1.00861144065856933594,
            0.58415925502777099609,
            1.03268933296203613281,
            -0.82222509384155273438,
            0.62094527482986450195,
            0.75338798761367797852,
            0.64572679996490478516,
            -0.988338470458984375,
            0.97137939929962158203,
            1.00330340862274169922,
            0.97874629497528076172,
            -1.20143580436706542969,
            0.52795624732971191406,
            1.24710774421691894531,
            0.51017397642135620117,
            -1.82194173336029052734,
            0.72933351993560791016,
            2.05996847152709960938,
            0.7177829742431640625,
            -1.25258493423461914063,
            0.33951801061630249023,
            1.28819572925567626953,
            0.28376665711402893066,
            -2.11752390861511230469,
            0.3376235663890838623,
            2.07728600502014160156,
            0.23984876275062561035,
            -1.24941742420196533203,
            0.13955573737621307373,
            1.1005535125732421875,
            0.1094575151801109314,
            -1.88383781909942626953,
            -0.05159719288349151611,
            1.68729722499847412109,
            -0.11980962008237838745,
            -1.23134553432464599609,
            0.03133796155452728271,
            1.06478869915008544922,
            0.0299992784857749939,
            -1.63247001171112060547,
            -0.297027587890625,
            1.47483336925506591797,
            -0.29645338654518127441,
            -1.19389998912811279297,
            -0.0936406254768371582,
            1.0743846893310546875,
            -0.04858881235122680664,
            -0.90337288379669189453,
            -0.39136934280395507813,
            0.87755388021469116211,
            -0.35279011726379394531,
            -1.1847209930419921875,
            -0.10939196497201919556,
            1.08405125141143798828,
            -0.05129262059926986694,
            -0.83466577529907226563,
            -0.3977946937084197998,
            0.79424327611923217773,
            -0.35020089149475097656,
            -1.15705990791320800781,
            -0.09448737651109695435,
            1.05361974239349365234,
            -0.12119181454181671143,
            -0.64983856678009033203,
            -0.37451606988906860352,
            0.42112687230110168457,
            -0.40842208266258239746,
            -1.14782238006591796875,
            -0.08862528949975967407,
            1.01600158214569091797,
            -0.1309489905834197998,
            -0.60023522377014160156,
            -0.37142923474311828613,
            0.35657659173011779785,
            -0.4193890988826751709,
            -1.11602997779846191406,
            -0.09558520466089248657,
            1.00365447998046875,
            -0.13992090523242950439,
            -0.56615978479385375977,
            -0.38113516569137573242,
            0.32439815998077392578,
            -0.4403292536735534668,
            -1.07678627967834472656,
            -0.0942913740873336792,
            0.93742465972900390625,
            -0.14377228915691375732,
            -0.54073894023895263672,
            -0.38274073600769042969,
            0.25571689009666442871,
            -0.44689092040061950684,
            -1.04506576061248779297,
            -0.09928809106349945068,
            0.91753166913986206055,
            -0.14761510491371154785,
            -0.48919832706451416016,
            -0.39706400036811828613,
            0.26598441600799560547,
            -0.44475513696670532227,
            -1.08281445503234863281,
            -0.08826872706413269043,
            0.93837761878967285156,
            -0.14818707108497619629,
            -0.53817951679229736328,
            -0.38964346051216125488,
            0.25049456954002380371,
            -0.45704251527786254883,
            -1.05882596969604492188,
            -0.08539614826440811157,
            0.91343843936920166016,
            -0.14320051670074462891,
            -0.53280043601989746094,
            -0.38391086459159851074,
            0.23470799624919891357,
            -0.44762134552001953125
          ],
          "timeTags": [
            62.08249999582767486572,
            164.02679999545216560364,
            268.84109999984502792358,
            377.62179999798536300659,
            480.74940000101923942566,
            585.24859999865293502808,
            690.67520000040531158447,
            797.72140000015497207642,
            898.10269999504089355469,
            996.38849999755620956421,
            1098.86239999905228614807,
            1201.9183999970555305481,
            1305.05449999868869781494,
            1404.86459999531507492065,
            1504.06839999929070472717,
            1600.88099999725818634033,
            1698.81149999797344207764,
            1807.91529999673366546631,
            1900.77289999648928642273,
            1999.48919999599456787109
          ],
          "info": [
            "FileName",
            "2020-06-30_15-13-39_8376d3d0-bad3-11ea-9f5b-8df294b31e94.mubu",
            "gui",
            "autobounds minmax, shape envelopebpf, interface multibpf, opacity 1, colormode rainbow, hidenotforemost 1"
          ]
        }
      ]
    }
  ]
}