{
  "format": "mubujson1",
  "numBuffers": 1,
  "numTracks": 1,
  "bufferNames": [
    "identifier:percussions 1"
  ],
  "bufferInfos": [
    [
      "label",
      "identifier:percussions"
    ]
  ],
  "tracks": [
    {
      "name": "posenet_normalized_selection",
      "mxCols": 8,
      "mxRows": 1,
      "hasVarRows": false,
      "hasTimeTags": true,
      "nonNumType": "none",
      "maxSize": 5000,
      "buffers": [
        {
          "maxSize": 5000,
          "size": 23,
          "sampleRate": 1000.0,
          "sampleOffset": 0.0,
          "mxRows": 1,
          "mxCols": 8,
          "mxData": [
            -0.79084557294845581055,
            0.66544526815414428711,
            0.57645088434219360352,
            0.68460214138031005859,
            -0.75000751018524169922,
            1.01016306877136230469,
            0.52126014232635498047,
            1.01787030696868896484,
            -0.78388547897338867188,
            0.66821169853210449219,
            0.59080642461776733398,
            0.68748301267623901367,
            -0.7516651153564453125,
            1.02175128459930419922,
            0.54206806421279907227,
            1.02348494529724121094,
            -0.77662575244903564453,
            0.66939324140548706055,
            0.5785541534423828125,
            0.6918843388557434082,
            -0.74000936746597290039,
            1.02036023139953613281,
            0.52407306432723999023,
            1.02905535697937011719,
            -0.77677881717681884766,
            0.66774761676788330078,
            0.57723844051361083984,
            0.68542557954788208008,
            -0.74146109819412231445,
            1.02319121360778808594,
            0.52106899023056030273,
            1.01720464229583740234,
            -0.76358234882354736328,
            0.66980159282684326172,
            0.61070138216018676758,
            0.68360847234725952148,
            -0.7340151667594909668,
            1.02982831001281738281,
            0.51913106441497802734,
            1.02005839347839355469,
            -0.74554741382598876953,
            0.66079747676849365234,
            0.61125093698501586914,
            0.67072635889053344727,
            -0.72028821706771850586,
            1.00681459903717041016,
            0.46265104413032531738,
            0.99092876911163330078,
            -0.75950133800506591797,
            0.65885156393051147461,
            0.62022060155868530273,
            0.65811622142791748047,
            -0.72508317232131958008,
            1.00722444057464599609,
            0.38899099826812744141,
            0.95910435914993286133,
            -0.7711722254753112793,
            0.63582742214202880859,
            0.59548032283782958984,
            0.64225065708160400391,
            -0.73614078760147094727,
            0.96618276834487915039,
            -0.07482182979583740234,
            0.85466659069061279297,
            -0.82253503799438476563,
            0.6589596867561340332,
            0.54566860198974609375,
            0.62332355976104736328,
            -0.79374116659164428711,
            0.97845375537872314453,
            -0.19862137734889984131,
            0.75139480829238891602,
            -0.85838961601257324219,
            0.65608870983123779297,
            0.31375667452812194824,
            0.62806022167205810547,
            -0.81606239080429077148,
            0.97658532857894897461,
            -0.55027377605438232422,
            0.58797740936279296875,
            -0.86775743961334228516,
            0.64178621768951416016,
            0.25844731926918029785,
            0.59944617748260498047,
            -0.83328318595886230469,
            0.98889952898025512695,
            -0.52266597747802734375,
            0.51100182533264160156,
            -0.93530189990997314453,
            0.64733237028121948242,
            0.21422939002513885498,
            0.59744930267333984375,
            -0.903331756591796875,
            1.00176727771759033203,
            -0.65144103765487670898,
            0.42711788415908813477,
            -0.92788243293762207031,
            0.65041917562484741211,
            0.24860808253288269043,
            0.59425640106201171875,
            -0.91267281770706176758,
            1.00750267505645751953,
            -0.65599018335342407227,
            0.44602081179618835449,
            -0.92599207162857055664,
            0.67672336101531982422,
            0.25443875789642333984,
            0.59671628475189208984,
            -0.9255473017692565918,
            1.01897644996643066406,
            -0.65419930219650268555,
            0.45060715079307556152,
            -0.92381560802459716797,
            0.65991419553756713867,
            0.25028410553932189941,
            0.61368077993392944336,
            -0.92194259166717529297,
            1.02297258377075195313,
            -0.65173560380935668945,
            0.46187460422515869141,
            -0.88753831386566162109,
            0.65665525197982788086,
            0.25098174810409545898,
            0.61503636837005615234,
            -0.88391149044036865234,
            1.01673114299774169922,
            -0.63044410943984985352,
            0.46163782477378845215,
            -0.85784792900085449219,
            0.65529835224151611328,
            0.28180852532386779785,
            0.60559695959091186523,
            -0.84718275070190429688,
            1.01902139186859130859,
            -0.60103464126586914063,
            0.45638230443000793457,
            -0.86070477962493896484,
            0.65838712453842163086,
            0.28510385751724243164,
            0.61095595359802246094,
            -0.85954302549362182617,
            1.02492749691009521484,
            -0.59848576784133911133,
            0.45321509242057800293,
            -0.88561588525772094727,
            0.66965973377227783203,
            0.2674388885498046875,
            0.61918377876281738281,
            -0.87655913829803466797,
            1.03414952754974365234,
            -0.63773977756500244141,
            0.4683310389518737793,
            -0.88044214248657226563,
            0.65335130691528320313,
            0.26254239678382873535,
            0.60554033517837524414,
            -0.87401562929153442383,
            1.01094007492065429688,
            -0.61094385385513305664,
            0.46704062819480895996,
            -0.88343548774719238281,
            0.66427153348922729492,
            0.2672291100025177002,
            0.61773777008056640625,
            -0.87725406885147094727,
            1.03210794925689697266,
            -0.62041443586349487305,
            0.46899026632308959961,
            -0.87812381982803344727,
            0.6599871516227722168,
            0.26599907875061035156,
            0.61307156085968017578,
            -0.88302898406982421875,
            1.01593768596649169922,
            -0.63942050933837890625,
            0.47058466076850891113,
            -0.87926632165908813477,
            0.69445455074310302734,
            0.27505439519882202148,
            0.62287718057632446289,
            -0.86572474241256713867,
            1.02893006801605224609,
            -0.62609112262725830078,
            0.47237047553062438965
          ],