{
  "format": "mubujson1",
  "numBuffers": 1,
  "numTracks": 1,
  "bufferNames": [
    "identifier:restofthegroup 3"
  ],
  "bufferInfos": [
    [
      "label",
      "identifier:restofthegroup"
    ]
  ],
  "tracks": [
    {
      "name": "posenet_normalized_selection",
      "mxCols": 8,
      "mxRows": 1,
      "hasVarRows": false,
      "hasTimeTags": true,
      "nonNumType": "none",
      "maxSize": 5000,
      "buffers": [
        {
          "maxSize": 5000,
          "size": 18,
          "sampleRate": 1000.0,
          "sampleOffset": 1937.52309999987483024597,
          "mxRows": 1,
          "mxCols": 8,
          "mxData": [
            -0.80256980657577514648,
            0.66190725564956665039,
            0.59637224674224853516,
            0.67216336727142333984,
            -0.76337057352066040039,
            1.02257978916168212891,
            0.62297224998474121094,
            1.02556741237640380859,
            -0.81793314218521118164,
            0.65648728609085083008,
            0.60927021503448486328,
            0.66457730531692504883,
            -0.76949173212051391602,
            1.01808917522430419922,
            0.64311826229095458984,
            1.01944172382354736328,
            -0.83667582273483276367,
            0.65409249067306518555,
            0.6006323695182800293,
            0.66399961709976196289,
            -0.78321570158004760742,
            1.01774835586547851563,
            0.61914372444152832031,
            1.020694732666015625,
            -0.82642734050750732422,
            0.66327893733978271484,
            0.63841551542282104492,
            0.65405660867691040039,
            -0.76877617835998535156,
            1.02086520195007324219,
            0.68048948049545288086,
            1.00857710838317871094,
            -0.79494690895080566406,
            0.65963149070739746094,
            0.87492543458938598633,
            0.60930150747299194336,
            -0.71108126640319824219,
            1.0139522552490234375,
            1.19257986545562744141,
            0.95013082027435302734,
            -0.77719968557357788086,
            0.6566219329833984375,
            1.26374757289886474609,
            0.48938995599746704102,
            -0.71779149770736694336,
            1.00933635234832763672,
            1.94522774219512939453,
            0.68334293365478515625,
            -0.75621992349624633789,
            0.6629670262336730957,
            1.29409289360046386719,
            0.38618558645248413086,
            -0.71487516164779663086,
            1.00085341930389404297,
            2.17199444770812988281,
            0.4537594914436340332,
            -0.74602538347244262695,
            0.66006219387054443359,
            1.19572544097900390625,
            0.18037523329257965088,
            -0.70270490646362304688,
            1.00351238250732421875,
            1.94373238086700439453,
            -0.01787538453936576843,
            -0.74184280633926391602,
            0.65663355588912963867,
            1.15757822990417480469,
            0.03450149670243263245,
            -0.73889487981796264648,
            1.00566554069519042969,
            1.63111841678619384766,
            -0.27612990140914916992,
            -0.79182583093643188477,
            0.66937053203582763672,
            1.02353060245513916016,
            -0.04618208110332489014,
            -0.75274008512496948242,
            1.02000474929809570313,
            1.09560060501098632813,
            -0.40756890177726745605,
            -0.84221166372299194336,
            0.68799811601638793945,
            1.03818547725677490234,
            -0.09527777880430221558,
            -0.76974642276763916016,
            1.04930269718170166016,
            0.78355652093887329102,
            -0.45031836628913879395,
            -0.84201699495315551758,
            0.6933053135871887207,
            0.91539108753204345703,
            -0.11922480165958404541,
            -0.73923116922378540039,
            1.05020904541015625,
            0.46384760737419128418,
            -0.40970981121063232422,
            -0.83353579044342041016,
            0.6976674199104309082,
            0.89236319065093994141,
            -0.13508278131484985352,
            -0.74303388595581054688,
            1.05769383907318115234,
            0.31084659695625305176,
            -0.39070644974708557129,
            -0.76807034015655517578,
            0.69391715526580810547,
            0.82178491353988647461,
            -0.11558051407337188721,
            -0.70897436141967773438,
            1.04576444625854492188,
            0.32459655404090881348,
            -0.36288127303123474121,
            -0.84161198139190673828,
            0.69541168212890625,
            0.91493612527847290039,
            -0.11580727994441986084,
            -0.76750648021697998047,
            1.05500364303588867188,
            0.40915083885192871094,
            -0.37078917026519775391,
            -0.83210825920104980469,
            0.69490838050842285156,
            0.93078392744064331055,
            -0.12158337980508804321,
            -0.75984948873519897461,
            1.05625426769256591797,
            0.41096264123916625977,
            -0.37970441579818725586,
            -0.87497544288635253906,
            0.69873869419097900391,
            0.91342306137084960938,
            -0.10697582364082336426,
            -0.79110676050186157227,
            1.0561237335205078125,
            0.40121138095855712891,
            -0.3626124262809753418,
            -0.86588710546493530273,
            0.68873918056488037109,
            0.92960351705551147461,
            -0.11846995353698730469,
            -0.78991365432739257813,
            1.05276834964752197266,
            0.4191659390926361084,
            -0.37465316057205200195
          ],
          "timeTags": [
            55.65730000101029872894,
            169.5741000007838010788,
            286.91799999959766864777,
            398.89989999867975711823,
            519.18109999969601631165,
            632.36340000107884407043,
            742.66029999777674674988,
            857.84569999948143959045,
            972.49430000036954879761,
            1090.22759999893605709076,
            1199.1008999999612569809,
            1307.90220000036060810089,
            1420.09640000015497207642,
            1540.23860000073909759521,
            1657.86150000058114528656,
            1772.02049999870359897614,
            1884.7426999993622303009,
            2000.67280000075697898865
          ],
          "info": [
            "FileName",
            "2020-06-30_15-13-39_8376d3d0-bad3-11ea-9f5b-8df294b31e94.mubu",
            "gui",
            "autobounds minmax, shape envelopebpf, interface multibpf, opacity 1, colormode rainbow, hidenotforemost 1"
          ]
        }
      ]
    }
  ]
}