{
  "format": "mubujson1",
  "numBuffers": 1,
  "numTracks": 1,
  "bufferNames": [
    "identifier:wholegroup 4"
  ],
  "bufferInfos": [
    [
      "label",
      "identifier:wholegroup"
    ]
  ],
  "tracks": [
    {
      "name": "posenet_normalized_selection",
      "mxCols": 8,
      "mxRows": 1,
      "hasVarRows": false,
      "hasTimeTags": true,
      "nonNumType": "none",
      "maxSize": 5000,
      "buffers": [
        {
          "maxSize": 5000,
          "size": 17,
          "sampleRate": 1000.0,
          "sampleOffset": 0.0,
          "mxRows": 1,
          "mxCols": 8,
          "mxData": [
            -0.77975112199783325195,
            0.6751778721809387207,
            0.58228909969329833984,
            0.67227250337600708008,
            -0.72939825057983398438,
            1.02845811843872070313,
            0.56283855438232421875,
            1.02608060836791992188,
            -0.78096413612365722656,
            0.66644340753555297852,
            0.5764141082763671875,
            0.66668009757995605469,
            -0.7322718501091003418,
            1.01730275154113769531,
            0.55234265327453613281,
            1.016834259033203125,
            -0.78520750999450683594,
            0.66826689243316650391,
            0.57465928792953491211,
            0.673923492431640625,
            -0.73089462518692016602,
            1.02552747726440429688,
            0.55428564548492431641,
            1.03498303890228271484,
            -0.79447472095489501953,
            0.67030930519104003906,
            0.5718250274658203125,
            0.67592918872833251953,
            -0.83420336246490478516,
            1.02477812767028808594,
            0.71919685602188110352,
            1.02300477027893066406,
            -0.9176432490348815918,
            0.61838233470916748047,
            0.88785630464553833008,
            0.63720816373825073242,
            -1.23923385143280029297,
            0.95262855291366577148,
            1.27288389205932617188,
            0.95416039228439331055,
            -1.11274588108062744141,
            0.56739377975463867188,
            1.11337828636169433594,
            0.56871938705444335938,
            -1.82107675075531005859,
            0.87137854099273681641,
            1.84030652046203613281,
            0.85581743717193603516,
            -1.44585692882537841797,
            0.42492094635963439941,
            1.34312045574188232422,
            0.37278282642364501953,
            -2.23605203628540039063,
            0.49323615431785583496,
            2.28937983512878417969,
            0.44181033968925476074,
            -1.33893382549285888672,
            0.19910301268100738525,
            1.24524044990539550781,
            0.18378739058971405029,
            -2.21919655799865722656,
            0.07351429015398025513,
            2.0231781005859375,
            0.02048523537814617157,
            -1.35387325286865234375,
            0.02282910607755184174,
            1.03053617477416992188,
            0.05654266476631164551,
            -1.86800968647003173828,
            -0.20912113785743713379,
            1.58370840549468994141,
            -0.24023148417472839355,
            -1.08281350135803222656,
            -0.0872030109167098999,
            1.01178669929504394531,
            -0.03587876632809638977,
            -1.11508166790008544922,
            -0.45585340261459350586,
            1.18967807292938232422,
            -0.41837364435195922852,
            -1.0966854095458984375,
            -0.11403997242450714111,
            0.9501679539680480957,
            -0.04401505738496780396,
            -1.00083673000335693359,
            -0.46122694015502929688,
            1.00052976608276367188,
            -0.42060896754264831543,
            -1.05889010429382324219,
            -0.14317183196544647217,
            0.91571819782257080078,
            -0.11380635946989059448,
            -0.7191861271858215332,
            -0.46801069378852844238,
            0.50923544168472290039,
            -0.39236584305763244629,
            -0.9827181696891784668,
            -0.14497283101081848145,
            0.79119449853897094727,
            -0.124267578125,
            -0.53308713436126708984,
            -0.46525222063064575195,
            0.2981586754322052002,
            -0.43037611246109008789,
            -0.91267454624176025391,
            -0.134268149733543396,
            0.77370512485504150391,
            -0.12477138638496398926,
            -0.50727546215057373047,
            -0.45035341382026672363,
            0.25680124759674072266,
            -0.4376710355281829834,
            -0.9182923436164855957,
            -0.12970930337905883789,
            0.82111990451812744141,
            -0.13640286028385162354,
            -0.48733171820640563965,
            -0.44294190406799316406,
            0.23897923529148101807,
            -0.43134081363677978516,
            -0.93027347326278686523,
            -0.13451141119003295898,
            0.82641088962554931641,
            -0.14772024750709533691,
            -0.47846418619155883789,
            -0.44335499405860900879,
            0.22156178951263427734,
            -0.45006975531578063965,
            -0.92898011207580566406,
            -0.13664864003658294678,
            0.82369095087051391602,
            -0.15218438208103179932,
            -0.47160026431083679199,
            -0.44634032249450683594,
            0.21755975484848022461,
            -0.46284961700439453125
          ],
          "timeTags": [
            30.93919999897480010986,
            152.05299999751150608063,
            270.01369999907910823822,
            378.2979999985545873642,
            495.75629999861121177673,
            613.02080000005662441254,
            729.38389999978244304657,
            853.16359999962151050568,
            974.59369999729096889496,
            1087.33969999849796295166,
            1207.88469999842345714569,
            1324.26009999960660934448,
            1441.16309999860823154449,
            1558.24189999885857105255,
            1680.82650000043213367462,
            1804.28699999675154685974,
            1912.30559999682009220123
          ],
          "info": [
            "FileName",
            "2020-06-30_15-13-39_8376d3d0-bad3-11ea-9f5b-8df294b31e94.mubu",
            "gui",
            "autobounds minmax, shape envelopebpf, interface multibpf, opacity 1, colormode rainbow, hidenotforemost 1"
          ]
        }
      ]
    }
  ]
}