{
  "format": "mubujson1",
  "numBuffers": 1,
  "numTracks": 1,
  "bufferNames": [
    "identifier:percussions 3"
  ],
  "bufferInfos": [
    [
      "label",
      "identifier:percussions"
    ]
  ],
  "tracks": [
    {
      "name": "posenet_normalized_selection",
      "mxCols": 8,
      "mxRows": 1,
      "hasVarRows": false,
      "hasTimeTags": true,
      "nonNumType": "none",
      "maxSize": 5000,
      "buffers": [
        {
          "maxSize": 5000,
          "size": 23,
          "sampleRate": 1000.0,
          "sampleOffset": 0.0,
          "mxRows": 1,
          "mxCols": 8,
          "mxData": [
            -0.82275444269180297852,
            0.67920404672622680664,
            0.53235989809036254883,
            0.68964838981628417969,
            -0.80274951457977294922,
            1.03083813190460205078,
            0.46517425775527954102,
            1.03130841255187988281,
            -0.82370406389236450195,
            0.68928587436676025391,
            0.51195865869522094727,
            0.69970691204071044922,
            -0.79828017950057983398,
            1.04375100135803222656,
            0.43806174397468566895,
            1.05039632320404052734,
            -0.81941384077072143555,
            0.68073546886444091797,
            0.51905602216720581055,
            0.69050109386444091797,
            -0.79405158758163452148,
            1.02476251125335693359,
            0.45494061708450317383,
            1.02881801128387451172,
            -0.80703347921371459961,
            0.68350076675415039063,
            0.52797943353652954102,
            0.69861900806427001953,
            -0.79385477304458618164,
            1.03660786151885986328,
            0.46860450506210327148,
            1.04866230487823486328,
            -0.80814796686172485352,
            0.68616527318954467773,
            0.53960561752319335938,
            0.70186346769332885742,
            -0.79041010141372680664,
            1.03858613967895507813,
            0.49542757868766784668,
            1.06504845619201660156,
            -0.81173473596572875977,
            0.68139737844467163086,
            0.5261898040771484375,
            0.69024384021759033203,
            -0.79953151941299438477,
            1.03087258338928222656,
            0.45655483007431030273,
            1.01626503467559814453,
            -0.78516423702239990234,
            0.667606353759765625,
            0.48684981465339660645,
            0.6390209197998046875,
            -0.75422060489654541016,
            1.01708400249481201172,
            0.22949595749378204346,
            0.88714134693145751953,
            -0.83785003423690795898,
            0.64708268642425537109,
            0.5045712590217590332,
            0.6364338994026184082,
            -0.81271123886108398438,
            0.97236669063568115234,
            0.03684435412287712097,
            0.79975646734237670898,
            -0.85415470600128173828,
            0.68094581365585327148,
            0.41837787628173828125,
            0.65106874704360961914,
            -0.83317089080810546875,
            0.99798893928527832031,
            -0.35958507657051086426,
            0.63756328821182250977,
            -0.89302724599838256836,
            0.67651361227035522461,
            0.232984885573387146,
            0.61924672126770019531,
            -0.85345745086669921875,
            0.99432939291000366211,
            -0.54558277130126953125,
            0.48609244823455810547,
            -0.90344578027725219727,
            0.66894096136093139648,
            0.24427880346775054932,
            0.61516940593719482422,
            -0.88945138454437255859,
            1.00641906261444091797,
            -0.53051704168319702148,
            0.43356862664222717285,
            -0.90669655799865722656,
            0.67289590835571289063,
            0.24256776273250579834,
            0.62982296943664550781,
            -0.87612366676330566406,
            1.04405391216278076172,
            -0.55667012929916381836,
            0.43554386496543884277,
            -0.91950178146362304688,
            0.65697252750396728516,
            0.23444762825965881348,
            0.6112435460090637207,
            -0.89939439296722412109,
            1.02368474006652832031,
            -0.55140542984008789063,
            0.42313209176063537598,
            -0.86921131610870361328,
            0.69409084320068359375,
            0.26379826664924621582,
            0.62255054712295532227,
            -0.88636976480484008789,
            1.04447424411773681641,
            -0.5413176417350769043,
            0.4288578033447265625,
            -0.87751966714859008789,
            0.67382359504699707031,
            0.27299484610557556152,
            0.6285521388053894043,
            -0.86411267518997192383,
            1.04498147964477539063,
            -0.51418882608413696289,
            0.43795678019523620605,
            -0.85102868080139160156,
            0.70307970046997070313,
            0.25003814697265625,
            0.63491940498352050781,
            -0.85644793510437011719,
            1.05939626693725585938,
            -0.5271854400634765625,
            0.43497917056083679199,
            -0.90120923519134521484,
            0.67358368635177612305,
            0.22947449982166290283,
            0.63483417034149169922,
            -0.890628814697265625,
            1.05307078361511230469,
            -0.52866506576538085938,
            0.42627710103988647461,
            -0.91012012958526611328,
            0.67420417070388793945,
            0.22291889786720275879,
            0.63060790300369262695,
            -0.88327115774154663086,
            1.05202877521514892578,
            -0.52756708860397338867,
            0.4272492825984954834,
            -0.92055535316467285156,
            0.67381805181503295898,
            0.24103270471096038818,
            0.63106757402420043945,
            -0.89728492498397827148,
            1.05296754837036132813,
            -0.55256611108779907227,
            0.43461251258850097656,
            -0.89277410507202148438,
            0.67488026618957519531,
            0.26106092333793640137,
            0.63581180572509765625,
            -0.86724263429641723633,
            1.05893266201019287109,
            -0.51580005884170532227,
            0.43117424845695495605,
            -0.89552634954452514648,
            0.66700607538223266602,
            0.24134106934070587158,
            0.62909626960754394531,
            -0.87464874982833862305,
            1.04507613182067871094,
            -0.54048615694046020508,
            0.42766651511192321777,
            -0.87594318389892578125,
            0.69002079963684082031,
            0.24262550473213195801,
            0.62374192476272583008,
            -0.86823004484176635742,
            1.03874695301055908203,
            -0.5400059819221496582,
            0.41719090938568115234,
            -0.86151939630508422852,
            0.69105535745620727539,
            0.25284221768379211426,
            0.62652438879013061523,
            -0.86338657140731811523,
            1.03988802433013916016,
            -0.52468109130859375,
            0.42853009700775146484
          ],