{
  "format": "mubujson1",
  "numBuffers": 1,
  "numTracks": 1,
  "bufferNames": [
    "identifier:percussions 4"
  ],
  "bufferInfos": [
    [
      "label",
      "identifier:percussions"
    ]
  ],
  "tracks": [
    {
      "name": "posenet_normalized_selection",
      "mxCols": 8,
      "mxRows": 1,
      "hasVarRows": false,
      "hasTimeTags": true,
      "nonNumType": "none",
      "maxSize": 5000,
      "buffers": [
        {
          "maxSize": 5000,
          "size": 23,
          "sampleRate": 1000.0,
          "sampleOffset": 0.0,
          "mxRows": 1,
          "mxCols": 8,
          "mxData": [
            -0.81371068954467773438,
            0.69514602422714233398,
            0.53223210573196411133,
            0.69284570217132568359,
            -0.79229462146759033203,
            1.05742061138153076172,
            0.47028678655624389648,
            1.03640079498291015625,
            -0.81643682718276977539,
            0.68784928321838378906,
            0.53404027223587036133,
            0.68901419639587402344,
            -0.79520326852798461914,
            1.04652452468872070313,
            0.47953397035598754883,
            1.03189456462860107422,
            -0.81495034694671630859,
            0.68740111589431762695,
            0.52803665399551391602,
            0.6960175633430480957,
            -0.79060912132263183594,
            1.04904103279113769531,
            0.48956298828125,
            1.04568433761596679688,
            -0.79751145839691162109,
            0.68216568231582641602,
            0.56341761350631713867,
            0.69306361675262451172,
            -0.77442628145217895508,
            1.03701055049896240234,
            0.51620721817016601563,
            1.04244852066040039063,
            -0.80124384164810180664,
            0.68961381912231445313,
            0.53884357213973999023,
            0.70869958400726318359,
            -0.78028011322021484375,
            1.04790449142456054688,
            0.51218944787979125977,
            1.06927049160003662109,
            -0.79587268829345703125,
            0.68266510963439941406,
            0.54661148786544799805,
            0.69898086786270141602,
            -0.7807559967041015625,
            1.04518115520477294922,
            0.44315072894096374512,
            1.02671313285827636719,
            -0.77491664886474609375,
            0.6533724665641784668,
            0.55628925561904907227,
            0.66162240505218505859,
            -0.75547581911087036133,
            1.00102579593658447266,
            0.32544827461242675781,
            0.95521032810211181641,
            -0.79313927888870239258,
            0.62927967309951782227,
            0.51581466197967529297,
            0.63381493091583251953,
            -0.74657493829727172852,
            0.96175915002822875977,
            0.09532370418310165405,
            0.84942150115966796875,
            -0.86150342226028442383,
            0.65513509511947631836,
            0.43861949443817138672,
            0.63714605569839477539,
            -0.83131331205368041992,
            0.97341823577880859375,
            -0.24448944628238677979,
            0.69877058267593383789,
            -0.87215578556060791016,
            0.66594254970550537109,
            0.23602209985256195068,
            0.64393216371536254883,
            -0.82775580883026123047,
            0.98229682445526123047,
            -0.43033641576766967773,
            0.51992934942245483398,
            -0.92479687929153442383,
            0.67890948057174682617,
            0.22432126104831695557,
            0.63275998830795288086,
            -0.90924727916717529297,
            1.01553905010223388672,
            -0.58640611171722412109,
            0.44811236858367919922,
            -0.88761126995086669922,
            0.67847782373428344727,
            0.22168624401092529297,
            0.63814449310302734375,
            -0.87860268354415893555,
            1.01946055889129638672,
            -0.59304058551788330078,
            0.4440466761589050293,
            -0.88477647304534912109,
            0.66060656309127807617,
            0.2774957120418548584,
            0.62547075748443603516,
            -0.86076623201370239258,
            1.02232754230499267578,
            -0.54872471094131469727,
            0.4427159726619720459,
            -0.87108623981475830078,
            0.66666817665100097656,
            0.27382984757423400879,
            0.63183605670928955078,
            -0.85957539081573486328,
            1.04387748241424560547,
            -0.54048186540603637695,
            0.44318723678588867188,
            -0.87088376283645629883,
            0.65981161594390869141,
            0.26554644107818603516,
            0.61949515342712402344,
            -0.86424082517623901367,
            1.02138066291809082031,
            -0.55930620431900024414,
            0.44057184457778930664,
            -0.88401615619659423828,
            0.65401148796081542969,
            0.27549710869789123535,
            0.62420701980590820313,
            -0.87386119365692138672,
            1.01649177074432373047,
            -0.54983156919479370117,
            0.43481156229972839355,
            -0.84750097990036010742,
            0.67526572942733764648,
            0.30068320035934448242,
            0.62036079168319702148,
            -0.82918441295623779297,
            1.02517986297607421875,
            -0.53517866134643554688,
            0.43764460086822509766,
            -0.84470885992050170898,
            0.65582579374313354492,
            0.31871545314788818359,
            0.61866098642349243164,
            -0.81866002082824707031,
            1.02104270458221435547,
            -0.52366709709167480469,
            0.43215483427047729492,
            -0.82379645109176635742,
            0.65717983245849609375,
            0.32377329468727111816,
            0.62408244609832763672,
            -0.80617874860763549805,
            1.0191860198974609375,
            -0.50479131937026977539,
            0.43157458305358886719,
            -0.82543992996215820313,
            0.65553849935531616211,
            0.30284219980239868164,
            0.6189110875129699707,
            -0.81527984142303466797,
            1.02048015594482421875,
            -0.49263501167297363281,
            0.43094372749328613281,
            -0.82285803556442260742,
            0.65781068801879882813,
            0.32254359126091003418,
            0.62233877182006835938,
            -0.81305944919586181641,
            1.01576316356658935547,
            -0.51485574245452880859,
            0.43634524941444396973,
            -0.80218130350112915039,
            0.65522444248199462891,
            0.32817262411117553711,
            0.61368429660797119141,
            -0.78519028425216674805,
            1.01495850086212158203,
            -0.47327688336372375488,
            0.42903628945350646973,
            -0.81534218788146972656,
            0.66141474246978759766,
            0.31677377223968505859,
            0.61994481086730957031,
            -0.7960141301155090332,
            1.01438117027282714844,
            -0.49342036247253417969,
            0.4384199678897857666
          ],