{
  "format": "mubujson1",
  "numBuffers": 1,
  "numTracks": 1,
  "bufferNames": [
    "identifier:singers 1"
  ],
  "bufferInfos": [
    [
      "label",
      "identifier:singers"
    ]
  ],
  "tracks": [
    {
      "name": "posenet_normalized_selection",
      "mxCols": 8,
      "mxRows": 1,
      "hasVarRows": false,
      "hasTimeTags": true,
      "nonNumType": "none",
      "maxSize": 5000,
      "buffers": [
        {
          "maxSize": 5000,
          "size": 23,
          "sampleRate": 1000.0,
          "sampleOffset": 1990.58079999871551990509,
          "mxRows": 1,
          "mxCols": 8,
          "mxData": [
            -0.78039401769638061523,
            0.66200155019760131836,
            0.55850517749786376953,
            0.65538346767425537109,
            -0.72174483537673950195,
            1.02105414867401123047,
            0.55369132757186889648,
            0.98264145851135253906,
            -0.77728891372680664063,
            0.6576207280158996582,
            0.5676136016845703125,
            0.65380561351776123047,
            -0.71768420934677124023,
            1.01781094074249267578,
            0.5545069575309753418,
            0.98737692832946777344,
            -0.79470658302307128906,
            0.65528333187103271484,
            0.59445565938949584961,
            0.65472275018692016602,
            -0.74792921543121337891,
            1.02322185039520263672,
            0.54420125484466552734,
            0.98003906011581420898,
            -0.8059933781623840332,
            0.6571025848388671875,
            0.61209625005722045898,
            0.63496065139770507813,
            -0.74817460775375366211,
            1.02540457248687744141,
            0.56549638509750366211,
            0.90649998188018798828,
            -0.8083025813102722168,
            0.67491000890731811523,
            0.64677578210830688477,
            0.6922028660774230957,
            -0.76410728693008422852,
            1.0255680084228515625,
            0.32034537196159362793,
            0.67529302835464477539,
            -0.77962803840637207031,
            0.66373008489608764648,
            0.6009457707405090332,
            0.66076225042343139648,
            -0.76051443815231323242,
            1.02095103263854980469,
            0.25545701384544372559,
            0.4466158449649810791,
            -0.88228476047515869141,
            0.65004301071166992188,
            0.4485492706298828125,
            0.6427790522575378418,
            -0.87140834331512451172,
            1.00129544734954833984,
            0.08208918571472167969,
            0.27898064255714416504,
            -0.8826567530632019043,
            0.65127587318420410156,
            0.37171843647956848145,
            0.62454217672348022461,
            -0.89912152290344238281,
            1.01384139060974121094,
            0.05269337818026542664,
            0.26765421032905578613,
            -0.89143341779708862305,
            0.63991045951843261719,
            0.3518212437629699707,
            0.64027285575866699219,
            -0.91865128278732299805,
            1.01083910465240478516,
            0.02613709494471549988,
            0.26086476445198059082,
            -0.84628427028656005859,
            0.6614945530891418457,
            0.34536477923393249512,
            0.64759403467178344727,
            -0.86618238687515258789,
            1.01877391338348388672,
            0.21814920008182525635,
            0.55731028318405151367,
            -0.8756739497184753418,
            0.67051661014556884766,
            0.38750457763671875,
            0.65469354391098022461,
            -0.88538724184036254883,
            1.02789711952209472656,
            0.27237555384635925293,
            0.70525622367858886719,
            -0.89233344793319702148,
            0.64906442165374755859,
            0.37959325313568115234,
            0.64010345935821533203,
            -0.90146094560623168945,
            0.99395680427551269531,
            0.2550404667854309082,
            0.70075076818466186523,
            -0.87108701467514038086,
            0.66556489467620849609,
            0.38687548041343688965,
            0.65009909868240356445,
            -0.88076162338256835938,
            1.02491879463195800781,
            0.26220124959945678711,
            0.69285565614700317383,
            -0.87292850017547607422,
            0.66220015287399291992,
            0.39950174093246459961,
            0.65015625953674316406,
            -0.88216924667358398438,
            1.02124261856079101563,
            0.27820670604705810547,
            0.68950545787811279297,
            -0.84246087074279785156,
            0.6646773219108581543,
            0.42749178409576416016,
            0.64304256439208984375,
            -0.85332131385803222656,
            1.01668453216552734375,
            0.28878945112228393555,
            0.68547558784484863281,
            -0.84012663364410400391,
            0.66713291406631469727,
            0.40875637531280517578,
            0.65365922451019287109,
            -0.85264134407043457031,
            1.02164530754089355469,
            0.286067962646484375,
            0.69659215211868286133,
            -0.82865858078002929688,
            0.65923166275024414063,
            0.42978346347808837891,
            0.64932435750961303711,
            -0.84566503763198852539,
            1.02156627178192138672,
            0.29913920164108276367,
            0.69788265228271484375,
            -0.82889151573181152344,
            0.65572357177734375,
            0.43305897712707519531,
            0.6381753087043762207,
            -0.82862418889999389648,
            1.01452112197875976563,
            0.30016332864761352539,
            0.69791013002395629883,
            -0.85043567419052124023,
            0.66559261083602905273,
            0.39274400472640991211,
            0.64292472600936889648,
            -0.85122287273406982422,
            1.01879549026489257813,
            0.26370763778686523438,
            0.70696681737899780273,
            -0.81480413675308227539,
            0.65561693906784057617,
            0.4283638298511505127,
            0.64089369773864746094,
            -0.80875992774963378906,
            1.00919735431671142578,
            0.2927449345588684082,
            0.70652741193771362305,
            -0.8101380467414855957,
            0.65103608369827270508,
            0.41966322064399719238,
            0.62774926424026489258,
            -0.81189376115798950195,
            1.01038348674774169922,
            0.28737354278564453125,
            0.73022133111953735352,
            -0.81625920534133911133,
            0.66314667463302612305,
            0.41763266921043395996,
            0.63351714611053466797,
            -0.80675774812698364258,
            1.02741348743438720703,
            0.31593856215476989746,
            0.75022464990615844727,
            -0.80944287776947021484,
            0.66075664758682250977,
            0.41798332333564758301,
            0.64430791139602661133,
            -0.79372942447662353516,
            1.02790033817291259766,
            0.27977317571640014648,
            0.79391562938690185547
          ],