{
  "format": "mubujson1",
  "numBuffers": 1,
  "numTracks": 1,
  "bufferNames": [
    "identifier:restofthegroup 1"
  ],
  "bufferInfos": [
    [
      "label",
      "identifier:restofthegroup"
    ]
  ],
  "tracks": [
    {
      "name": "posenet_normalized_selection",
      "mxCols": 8,
      "mxRows": 1,
      "hasVarRows": false,
      "hasTimeTags": true,
      "nonNumType": "none",
      "maxSize": 5000,
      "buffers": [
        {
          "maxSize": 5000,
          "size": 19,
          "sampleRate": 1000.0,
          "sampleOffset": 0.0,
          "mxRows": 1,
          "mxCols": 8,
          "mxData": [
            -0.74394047260284423828,
            0.69796746969223022461,
            0.61326491832733154297,
            0.66719800233840942383,
            -0.73244321346282958984,
            1.04335165023803710938,
            0.57447475194931030273,
            1.02507138252258300781,
            -0.76288902759552001953,
            0.69379121065139770508,
            0.600681304931640625,
            0.66755056381225585938,
            -0.74794542789459228516,
            1.04087364673614501953,
            0.55877155065536499023,
            1.02167880535125732422,
            -0.74953460693359375,
            0.69140017032623291016,
            0.61878538131713867188,
            0.6700770258903503418,
            -0.74160009622573852539,
            1.03966557979583740234,
            0.56869971752166748047,
            1.02968847751617431641,
            -0.74760210514068603516,
            0.69275164604187011719,
            0.611278533935546875,
            0.66885095834732055664,
            -0.73930960893630981445,
            1.03917050361633300781,
            0.57578146457672119141,
            1.02506196498870849609,
            -0.7527904510498046875,
            0.66927790641784667969,
            0.60233509540557861328,
            0.66077572107315063477,
            -0.77912807464599609375,
            1.02452778816223144531,
            0.56738531589508056641,
            1.02777254581451416016,
            -0.86432117223739624023,
            0.63036376237869262695,
            0.62085062265396118164,
            0.65142256021499633789,
            -1.12011981010437011719,
            0.96709394454956054688,
            0.57932734489440917969,
            1.03283381462097167969,
            -1.06673133373260498047,
            0.55892181396484375,
            0.62431114912033081055,
            0.65224343538284301758,
            -1.65241205692291259766,
            0.81199806928634643555,
            0.55450618267059326172,
            1.03603756427764892578,
            -1.47024023532867431641,
            0.37248218059539794922,
            0.65106058120727539063,
            0.64880222082138061523,
            -2.33189368247985839844,
            0.41009697318077087402,
            0.58025062084197998047,
            1.01023542881011962891,
            -1.34654104709625244141,
            0.24932992458343505859,
            0.58448541164398193359,
            0.67839789390563964844,
            -2.2513599395751953125,
            0.15620924532413482666,
            0.5388934016227722168,
            1.05402171611785888672,
            -1.26572597026824951172,
            0.09213647246360778809,
            0.59427309036254882813,
            0.66600376367568969727,
            -1.99490451812744140625,
            -0.13908234238624572754,
            0.56197011470794677734,
            1.03457498550415039063,
            -1.12577414512634277344,
            0.0311422199010848999,
            0.6329562067985534668,
            0.65800642967224121094,
            -1.54662811756134033203,
            -0.27277097105979919434,
            0.63913893699645996094,
            1.03787672519683837891,
            -1.12061333656311035156,
            -0.05150259286165237427,
            0.69181996583938598633,
            0.65312993526458740234,
            -1.09741818904876708984,
            -0.34444454312324523926,
            0.71754539012908935547,
            1.04084134101867675781,
            -1.06984257698059082031,
            -0.09704541414976119995,
            0.69554060697555541992,
            0.65996694564819335938,
            -0.81051552295684814453,
            -0.38461267948150634766,
            0.70276713371276855469,
            1.05753958225250244141,
            -1.00249326229095458984,
            -0.10151161998510360718,
            0.70537716150283813477,
            0.66237163543701171875,
            -0.64685410261154174805,
            -0.42030185461044311523,
            0.6946887969970703125,
            1.07244324684143066406,
            -0.97684657573699951172,
            -0.10427714139223098755,
            0.73408412933349609375,
            0.67236810922622680664,
            -0.59628623723983764648,
            -0.41997027397155761719,
            0.70862984657287597656,
            1.07367122173309326172,
            -1.00339114665985107422,
            -0.10426668077707290649,
            0.72023946046829223633,
            0.65318048000335693359,
            -0.61158949136734008789,
            -0.40979456901550292969,
            0.71056026220321655273,
            1.05268955230712890625,
            -0.99598354101181030273,
            -0.1070070415735244751,
            0.71946990489959716797,
            0.66136026382446289063,
            -0.57087439298629760742,
            -0.41748464107513427734,
            0.7100155949592590332,
            1.05347549915313720703,
            -1.00273621082305908203,
            -0.10543424636125564575,
            0.71180075407028198242,
            0.65346425771713256836,
            -0.5988826751708984375,
            -0.42089095711708068848,
            0.70608133077621459961,
            1.06042647361755371094,
            -0.98739552497863769531,
            -0.09566888213157653809,
            0.71906489133834838867,
            0.67045813798904418945,
            -0.59721362590789794922,
            -0.41464641690254211426,
            0.70949673652648925781,
            1.06369042396545410156
          ],
          "timeTags": [
            81.89860000088810920715,
            182.10760000348091125488,
            283.42180000245571136475,
            388.22000000253319740295,
            497.8485000021755695343,
            601.64560000598430633545,
            707.86120000109076499939,
            805.99020000547170639038,
            899.25080000609159469604,
            1008.31230000406503677368,
            1111.04390000179409980774,
            1212.16810000315308570862,
            1302.49610000476241111755,
            1402.39930000156164169312,
            1497.29540000110864639282,
            1597.60420000180602073669,
            1698.03380000218749046326,
            1797.39820000156760215759,
            1903.05310000106692314148
          ],
          "info": [
            "FileName",
            "2020-06-30_15-13-39_8376d3d0-bad3-11ea-9f5b-8df294b31e94.mubu",
            "gui",
            "autobounds minmax, shape envelopebpf, interface multibpf, opacity 1, colormode rainbow, hidenotforemost 1"
          ]
        }
      ]
    }
  ]
}