{
  "format": "mubujson1",
  "numBuffers": 1,
  "numTracks": 1,
  "bufferNames": [
    "identifier:percussions 2"
  ],
  "bufferInfos": [
    [
      "label",
      "identifier:percussions"
    ]
  ],
  "tracks": [
    {
      "name": "posenet_normalized_selection",
      "mxCols": 8,
      "mxRows": 1,
      "hasVarRows": false,
      "hasTimeTags": true,
      "nonNumType": "none",
      "maxSize": 5000,
      "buffers": [
        {
          "maxSize": 5000,
          "size": 23,
          "sampleRate": 1000.0,
          "sampleOffset": 1990.58079999871551990509,
          "mxRows": 1,
          "mxCols": 8,
          "mxData": [
            -0.6974881291389465332,
            0.65216284990310668945,
            0.60075151920318603516,
            0.65788364410400390625,
            -0.64444208145141601563,
            1.02772581577301025391,
            0.61007219552993774414,
            1.00466847419738769531,
            -0.70574641227722167969,
            0.65392822027206420898,
            0.58613365888595581055,
            0.65997540950775146484,
            -0.65302556753158569336,
            1.02606093883514404297,
            0.58976972103118896484,
            1.009174346923828125,
            -0.70186865329742431641,
            0.66029143333435058594,
            0.59999096393585205078,
            0.662906646728515625,
            -0.64702361822128295898,
            1.03189647197723388672,
            0.60155290365219116211,
            1.01541721820831298828,
            -0.70436489582061767578,
            0.66140401363372802734,
            0.60905486345291137695,
            0.67674899101257324219,
            -0.63335859775543212891,
            1.03877246379852294922,
            0.58737713098526000977,
            1.03515779972076416016,
            -0.70223236083984375,
            0.65507549047470092773,
            0.61882311105728149414,
            0.66837191581726074219,
            -0.64621138572692871094,
            1.02674007415771484375,
            0.56439775228500366211,
            1.012664794921875,
            -0.70654720067977905273,
            0.65589809417724609375,
            0.66240191459655761719,
            0.65774714946746826172,
            -0.63943237066268920898,
            1.02633547782897949219,
            0.45097020268440246582,
            0.94342398643493652344,
            -0.70234620571136474609,
            0.65821278095245361328,
            0.65054458379745483398,
            0.68409168720245361328,
            -0.62841248512268066406,
            1.00971043109893798828,
            0.18262532353401184082,
            0.84429669380187988281,
            -0.65575695037841796875,
            0.68409103155136108398,
            0.69770824909210205078,
            0.68532532453536987305,
            -0.61428487300872802734,
            1.05862486362457275391,
            0.31700062751770019531,
            0.70648020505905151367,
            -0.71674144268035888672,
            0.6584650874137878418,
            0.59133768081665039063,
            0.66532027721405029297,
            -0.67168891429901123047,
            1.04284548759460449219,
            0.09986935555934906006,
            0.49828112125396728516,
            -0.73147755861282348633,
            0.66722053289413452148,
            0.53604018688201904297,
            0.65248858928680419922,
            -0.69190824031829833984,
            1.05590343475341796875,
            0.05562206357717514038,
            0.50446206331253051758,
            -0.74965548515319824219,
            0.6705538630485534668,
            0.49365705251693725586,
            0.64293670654296875,
            -0.70464557409286499023,
            1.06258952617645263672,
            -0.0292313750833272934,
            0.44266071915626525879,
            -0.76372408866882324219,
            0.68095761537551879883,
            0.49274384975433349609,
            0.6411349177360534668,
            -0.72196400165557861328,
            1.0624332427978515625,
            -0.05815422907471656799,
            0.41909953951835632324,
            -0.75807100534439086914,
            0.67808461189270019531,
            0.52590960264205932617,
            0.64513152837753295898,
            -0.72699117660522460938,
            1.06750261783599853516,
            -0.01604961976408958435,
            0.42816320061683654785,
            -0.74673938751220703125,
            0.66831964254379272461,
            0.51922297477722167969,
            0.64305460453033447266,
            -0.71324920654296875,
            1.05971503257751464844,
            -0.02238991856575012207,
            0.42634508013725280762,
            -0.74812221527099609375,
            0.67525786161422729492,
            0.51672112941741943359,
            0.65106260776519775391,
            -0.72312265634536743164,
            1.07502961158752441406,
            -0.03544945642352104187,
            0.4237200319766998291,
            -0.763034820556640625,
            0.67432832717895507813,
            0.5110232234001159668,
            0.64365929365158081055,
            -0.72262310981750488281,
            1.07466614246368408203,
            -0.04338382929563522339,
            0.41817182302474975586,
            -0.78886055946350097656,
            0.67256784439086914063,
            0.509853363037109375,
            0.64765024185180664063,
            -0.73929774761199951172,
            1.07070827484130859375,
            -0.07131493091583251953,
            0.40787386894226074219,
            -0.77142679691314697266,
            0.66441261768341064453,
            0.50159436464309692383,
            0.64278101921081542969,
            -0.72683507204055786133,
            1.06400716304779052734,
            -0.03923407196998596191,
            0.42253482341766357422,
            -0.78771007061004638672,
            0.66662740707397460938,
            0.48611468076705932617,
            0.64581465721130371094,
            -0.75002121925354003906,
            1.0656452178955078125,
            -0.06732303649187088013,
            0.41744747757911682129,
            -0.77951961755752563477,
            0.6674442291259765625,
            0.49000558257102966309,
            0.64772397279739379883,
            -0.7398929595947265625,
            1.06507647037506103516,
            -0.05569040402770042419,
            0.42051810026168823242,
            -0.7488963007926940918,
            0.66902917623519897461,
            0.50968420505523681641,
            0.6448993682861328125,
            -0.71324342489242553711,
            1.06608092784881591797,
            -0.0358511023223400116,
            0.43234089016914367676,
            -0.74775218963623046875,
            0.66780513525009155273,
            0.51524853706359863281,
            0.64781153202056884766,
            -0.7188790440559387207,
            1.06764829158782958984,
            -0.03621368855237960815,
            0.42751172184944152832,
            -0.78934210538864135742,
            0.66844087839126586914,
            0.48763504624366760254,
            0.64499366283416748047,
            -0.74927580356597900391,
            1.06894564628601074219,
            -0.03921615704894065857,
            0.42824524641036987305
          ],