{
  "format": "mubujson1",
  "numBuffers": 1,
  "numTracks": 1,
  "bufferNames": [
    "identifier:wholegroup 4"
  ],
  "bufferInfos": [
    [
      "label",
      "identifier:wholegroup"
    ]
  ],
  "tracks": [
    {
      "name": "posenet_normalized_selection",
      "mxCols": 8,
      "mxRows": 1,
      "hasVarRows": false,
      "hasTimeTags": true,
      "nonNumType": "none",
      "maxSize": 5000,
      "buffers": [
        {
          "maxSize": 5000,
          "size": 21,
          "sampleRate": 1000.0,
          "sampleOffset": 0.0,
          "mxRows": 1,
          "mxCols": 8,
          "mxData": [
            -0.75555181503295898438,
            0.66953432559967041016,
            0.62449890375137329102,
            0.6665032505989074707,
            -0.74538505077362060547,
            1.01902067661285400391,
            0.61520963907241821289,
            1.02635872364044189453,
            -0.75658714771270751953,
            0.67415332794189453125,
            0.62221199274063110352,
            0.66764986515045166016,
            -0.74310308694839477539,
            1.02369070053100585938,
            0.61347097158432006836,
            1.02757298946380615234,
            -0.75040507316589355469,
            0.67801976203918457031,
            0.63177269697189331055,
            0.67126405239105224609,
            -0.74077457189559936523,
            1.02377164363861083984,
            0.62152171134948730469,
            1.03127384185791015625,
            -0.74056696891784667969,
            0.6788228154182434082,
            0.63177222013473510742,
            0.67104667425155639648,
            -0.73303437232971191406,
            1.03021490573883056641,
            0.60970866680145263672,
            1.03791725635528564453,
            -0.76466363668441772461,
            0.66491520404815673828,
            0.63749140501022338867,
            0.66915500164031982422,
            -0.80823314189910888672,
            1.01666557788848876953,
            0.6678307652473449707,
            1.04014730453491210938,
            -0.97390753030776977539,
            0.63279592990875244141,
            0.89574712514877319336,
            0.59917020797729492188,
            -1.27757310867309570313,
            0.95187592506408691406,
            1.17995965480804443359,
            0.94410932064056396484,
            -1.02093589305877685547,
            0.57104861736297607422,
            1.08015882968902587891,
            0.57449644804000854492,
            -1.62902808189392089844,
            0.84706628322601318359,
            1.65318226814270019531,
            0.8626791834831237793,
            -1.31331110000610351563,
            0.44091701507568359375,
            1.24365448951721191406,
            0.40394768118858337402,
            -2.17256045341491699219,
            0.57544690370559692383,
            2.06451249122619628906,
            0.50915771722793579102,
            -1.24853992462158203125,
            0.25037670135498046875,
            1.25997769832611083984,
            0.23205040395259857178,
            -2.08855676651000976563,
            0.14337058365345001221,
            2.04140567779541015625,
            0.12817981839179992676,
            -1.11132133007049560547,
            0.08801774680614471436,
            1.12849330902099609375,
            0.13528312742710113525,
            -1.68430471420288085938,
            -0.13159732520580291748,
            1.65920996665954589844,
            -0.14196042716503143311,
            -1.04779779911041259766,
            -0.01787605322897434235,
            1.15527272224426269531,
            0.00745479157194495201,
            -1.35318803787231445313,
            -0.32556635141372680664,
            1.31355178356170654297,
            -0.30295217037200927734,
            -0.93771803379058837891,
            -0.07404013723134994507,
            1.03318715095520019531,
            -0.06151331961154937744,
            -0.89385223388671875,
            -0.41375425457954406738,
            1.00867688655853271484,
            -0.38923490047454833984,
            -1.07002758979797363281,
            -0.14309427142143249512,
            1.05387437343597412109,
            -0.12402676045894622803,
            -0.95095902681350708008,
            -0.48421692848205566406,
            0.89167451858520507813,
            -0.44840908050537109375,
            -0.97660851478576660156,
            -0.14824490249156951904,
            0.93079066276550292969,
            -0.14232747256755828857,
            -0.61487543582916259766,
            -0.48968720436096191406,
            0.48742926120758056641,
            -0.46849673986434936523,
            -0.93329727649688720703,
            -0.13417260348796844482,
            0.89578187465667724609,
            -0.14421005547046661377,
            -0.5405018925666809082,
            -0.47157865762710571289,
            0.29089626669883728027,
            -0.48689788579940795898,
            -0.93137949705123901367,
            -0.12519562244415283203,
            0.86850768327713012695,
            -0.13776056468486785889,
            -0.55015176534652709961,
            -0.4586887359619140625,
            0.28143998980522155762,
            -0.47509309649467468262,
            -0.94108498096466064453,
            -0.12366872280836105347,
            0.88023734092712402344,
            -0.14157506823539733887,
            -0.54518562555313110352,
            -0.45484900474548339844,
            0.27395570278167724609,
            -0.48463734984397888184,
            -0.96081662178039550781,
            -0.12583394348621368408,
            0.8969707489013671875,
            -0.14180202782154083252,
            -0.52499103546142578125,
            -0.46685823798179626465,
            0.27028101682662963867,
            -0.47608408331871032715,
            -0.95327562093734741211,
            -0.12029176950454711914,
            0.90108990669250488281,
            -0.14134189486503601074,
            -0.55319452285766601563,
            -0.44796586036682128906,
            0.27620166540145874023,
            -0.47712820768356323242,
            -0.96186327934265136719,
            -0.11986267566680908203,
            0.90796220302581787109,
            -0.15008248388767242432,
            -0.54822784662246704102,
            -0.45456877350807189941,
            0.25968778133392333984,
            -0.48522683978080749512,
            -0.96700572967529296875,
            -0.11683584004640579224,
            0.90733659267425537109,
            -0.14730603992938995361,
            -0.55751192569732666016,
            -0.44770911335945129395,
            0.27923366427421569824,
            -0.48343673348426818848
          ],
          "timeTags": [
            9.85270000249147415161,
            110.71759999915957450867,
            213.56450000032782554626,
            316.02650000154972076416,
            412.33879999816417694092,
            500.63709999993443489075,
            591.81300000101327896118,
            687.20289999991655349731,
            790.21510000154376029968,
            887.24410000070929527283,
            985.33339999988675117493,
            1080.12240000069141387939,
            1177.46240000054240226746,
            1266.31900000199675559998,
            1358.94959999993443489075,
            1450.54169999808073043823,
            1548.94329999759793281555,
            1651.7235000021755695343,
            1754.23449999839067459106,
            1851.63899999856948852539,
            1952.28540000319480895996
          ],
          "info": [
            "FileName",
            "2020-06-30_15-13-39_8376d3d0-bad3-11ea-9f5b-8df294b31e94.mubu",
            "gui",
            "autobounds minmax, shape envelopebpf, interface multibpf, opacity 1, colormode rainbow, hidenotforemost 1"
          ]
        }
      ]
    }
  ]
}