{
  "format": "mubujson1",
  "numBuffers": 1,
  "numTracks": 1,
  "bufferNames": [
    "identifier:singers 4"
  ],
  "bufferInfos": [
    [
      "label",
      "identifier:singers"
    ]
  ],
  "tracks": [
    {
      "name": "posenet_normalized_selection",
      "mxCols": 8,
      "mxRows": 1,
      "hasVarRows": false,
      "hasTimeTags": true,
      "nonNumType": "none",
      "maxSize": 5000,
      "buffers": [
        {
          "maxSize": 5000,
          "size": 24,
          "sampleRate": 1000.0,
          "sampleOffset": 1990.58079999871551990509,
          "mxRows": 1,
          "mxCols": 8,
          "mxData": [
            -0.80080741643905639648,
            0.68591272830963134766,
            0.57442390918731689453,
            0.69658732414245605469,
            -0.78950512409210205078,
            1.05166518688201904297,
            0.53227144479751586914,
            1.04618060588836669922,
            -0.79470872879028320313,
            0.68817853927612304688,
            0.57692980766296386719,
            0.69939005374908447266,
            -0.78262311220169067383,
            1.0568981170654296875,
            0.53584706783294677734,
            1.05817651748657226563,
            -0.81073939800262451172,
            0.68469691276550292969,
            0.5613428950309753418,
            0.70571410655975341797,
            -0.79300820827484130859,
            1.05250203609466552734,
            0.51766145229339599609,
            1.05988395214080810547,
            -0.80089432001113891602,
            0.68824493885040283203,
            0.57916074991226196289,
            0.69703316688537597656,
            -0.78520321846008300781,
            1.05931389331817626953,
            0.52240997552871704102,
            1.05016028881072998047,
            -0.80216526985168457031,
            0.69162023067474365234,
            0.58850538730621337891,
            0.70883738994598388672,
            -0.79312372207641601563,
            1.06651735305786132813,
            0.55358600616455078125,
            1.07052254676818847656,
            -0.78271323442459106445,
            0.68754470348358154297,
            0.5855884552001953125,
            0.70329612493515014648,
            -0.77005189657211303711,
            1.04703664779663085938,
            0.57792007923126220703,
            1.05761539936065673828,
            -0.79961675405502319336,
            0.67756992578506469727,
            0.58731675148010253906,
            0.69701516628265380859,
            -0.78211724758148193359,
            1.03051829338073730469,
            0.60695320367813110352,
            1.04833292961120605469,
            -0.83397698402404785156,
            0.67750751972198486328,
            0.58979392051696777344,
            0.63800895214080810547,
            -0.82411944866180419922,
            1.025226593017578125,
            0.49221757054328918457,
            0.74747216701507568359,
            -0.90404850244522094727,
            0.69113153219223022461,
            0.53795325756072998047,
            0.68906962871551513672,
            -0.89105498790740966797,
            1.05028021335601806641,
            0.35377508401870727539,
            0.5322787165641784668,
            -0.9718144536018371582,
            0.69618707895278930664,
            0.47319579124450683594,
            0.66891002655029296875,
            -0.96425688266754150391,
            1.05806481838226318359,
            0.09829817712306976318,
            0.31270560622215270996,
            -0.99485337734222412109,
            0.69596409797668457031,
            0.38378238677978515625,
            0.65095525979995727539,
            -0.98205840587615966797,
            1.05554783344268798828,
            0.02193512767553329468,
            0.28845036029815673828,
            -1.00088703632354736328,
            0.72166705131530761719,
            0.29499602317810058594,
            0.66403216123580932617,
            -1.01182043552398681641,
            1.08444690704345703125,
            -0.01105078496038913727,
            0.28459134697914123535,
            -1.00938260555267333984,
            0.70263403654098510742,
            0.36407044529914855957,
            0.66026389598846435547,
            -0.9877637028694152832,
            1.06820356845855712891,
            0.00770201766863465309,
            0.28921300172805786133,
            -0.9415181279182434082,
            0.70138669013977050781,
            0.38854485750198364258,
            0.67382514476776123047,
            -0.9379246830940246582,
            1.06589984893798828125,
            0.12177690118551254272,
            0.45870926976203918457,
            -0.97639328241348266602,
            0.7294158935546875,
            0.44539150595664978027,
            0.69985640048980712891,
            -0.97943121194839477539,
            1.10858273506164550781,
            0.24889951944351196289,
            0.56911808252334594727,
            -0.91612553596496582031,
            0.69700801372528076172,
            0.38398110866546630859,
            0.64907068014144897461,
            -0.90432572364807128906,
            1.05682718753814697266,
            0.37561196088790893555,
            0.60893827676773071289,
            -0.91422057151794433594,
            0.69984269142150878906,
            0.39510488510131835938,
            0.62531274557113647461,
            -0.90269482135772705078,
            1.05791878700256347656,
            0.39448666572570800781,
            0.63304632902145385742,
            -0.94822400808334350586,
            0.69949316978454589844,
            0.39331045746803283691,
            0.63398456573486328125,
            -0.95779520273208618164,
            1.05850994586944580078,
            0.39192396402359008789,
            0.61518532037734985352,
            -0.9298140406608581543,
            0.69776880741119384766,
            0.3836841285228729248,
            0.63507670164108276367,
            -0.92391240596771240234,
            1.06163084506988525391,
            0.3846995234489440918,
            0.62120050191879272461,
            -0.92435991764068603516,
            0.69617736339569091797,
            0.40584400296211242676,
            0.63772422075271606445,
            -0.93377679586410522461,
            1.06165146827697753906,
            0.38882771134376525879,
            0.62316668033599853516,
            -0.91416347026824951172,
            0.69200438261032104492,
            0.38954254984855651855,
            0.63512933254241943359,
            -0.91785079240798950195,
            1.05498182773590087891,
            0.39050424098968505859,
            0.61225301027297973633,
            -0.92218202352523803711,
            0.68630075454711914063,
            0.3915366828441619873,
            0.61741298437118530273,
            -0.93044692277908325195,
            1.04793560504913330078,
            0.38086158037185668945,
            0.61308699846267700195,
            -0.92051774263381958008,
            0.69405514001846313477,
            0.39097809791564941406,
            0.63203793764114379883,
            -0.92025035619735717773,
            1.0602741241455078125,
            0.3831501305103302002,
            0.61115616559982299805,
            -0.90199697017669677734,
            0.68671584129333496094,
            0.40956506133079528809,
            0.62850773334503173828,
            -0.90511876344680786133,
            1.04726278781890869141,
            0.40254917740821838379,
            0.61367875337600708008
          ],