{
  "format": "mubujson1",
  "numBuffers": 1,
  "numTracks": 1,
  "bufferNames": [
    "identifier:wholegroup 2"
  ],
  "bufferInfos": [
    [
      "label",
      "identifier:wholegroup"
    ]
  ],
  "tracks": [
    {
      "name": "posenet_normalized_selection",
      "mxCols": 8,
      "mxRows": 1,
      "hasVarRows": false,
      "hasTimeTags": true,
      "nonNumType": "none",
      "maxSize": 5000,
      "buffers": [
        {
          "maxSize": 5000,
          "size": 17,
          "sampleRate": 1000.0,
          "sampleOffset": 1937.52309999987483024597,
          "mxRows": 1,
          "mxCols": 8,
          "mxData": [
            -0.81571346521377563477,
            0.67356121540069580078,
            0.57286852598190307617,
            0.66493552923202514648,
            -0.77475094795227050781,
            1.04309737682342529297,
            0.60539972782135009766,
            1.02714431285858154297,
            -0.82224386930465698242,
            0.66704833507537841797,
            0.56456780433654785156,
            0.65824586153030395508,
            -0.78357797861099243164,
            1.03361427783966064453,
            0.58987599611282348633,
            1.01843988895416259766,
            -0.82586598396301269531,
            0.66867089271545410156,
            0.54528081417083740234,
            0.6622231602668762207,
            -0.79185509681701660156,
            1.03847634792327880859,
            0.58602339029312133789,
            1.02106070518493652344,
            -0.78609770536422729492,
            0.66372573375701904297,
            0.63379973173141479492,
            0.66959357261657714844,
            -0.88894110918045043945,
            1.02646028995513916016,
            0.81247735023498535156,
            1.01308035850524902344,
            -0.97774285078048706055,
            0.63154947757720947266,
            0.90837615728378295898,
            0.63749766349792480469,
            -1.29878139495849609375,
            0.96637052297592163086,
            1.32734990119934082031,
            0.96647721529006958008,
            -1.09103238582611083984,
            0.56097686290740966797,
            1.14432215690612792969,
            0.54374456405639648438,
            -1.75174677371978759766,
            0.85834443569183349609,
            1.91705238819122314453,
            0.83439910411834716797,
            -1.34569776058197021484,
            0.41162037849426269531,
            1.39679455757141113281,
            0.34401044249534606934,
            -2.14125299453735351563,
            0.4590473473072052002,
            2.40547013282775878906,
            0.36053478717803955078,
            -1.21384799480438232422,
            0.20389808714389801025,
            1.26905560493469238281,
            0.12737616896629333496,
            -2.01179337501525878906,
            0.04868753254413604736,
            1.93704104423522949219,
            -0.06417847424745559692,
            -1.21976161003112792969,
            0.04742410033941268921,
            1.11427628993988037109,
            0.0415071733295917511,
            -1.61832225322723388672,
            -0.1936741173267364502,
            1.53358626365661621094,
            -0.26633268594741821289,
            -1.06926321983337402344,
            -0.02717708609998226166,
            1.03770351409912109375,
            0.01548005919903516769,
            -0.99085026979446411133,
            -0.33134961128234863281,
            1.08022665977478027344,
            -0.34560433030128479004,
            -0.9774926304817199707,
            -0.07067631185054779053,
            0.94564890861511230469,
            -0.01752019114792346954,
            -0.74755436182022094727,
            -0.35482066869735717773,
            0.89967203140258789063,
            -0.35849151015281677246,
            -0.97226744890213012695,
            -0.08542934805154800415,
            0.93463081121444702148,
            -0.06478685140609741211,
            -0.66107225418090820313,
            -0.3924102485179901123,
            0.67035061120986938477,
            -0.43072959780693054199,
            -1.01076173782348632813,
            -0.07628466188907623291,
            0.93206733465194702148,
            -0.06940045207738876343,
            -0.69908922910690307617,
            -0.40219733119010925293,
            0.64126509428024291992,
            -0.42101263999938964844,
            -1.00956618785858154297,
            -0.07541684061288833618,
            0.93197429180145263672,
            -0.06647896766662597656,
            -0.69010120630264282227,
            -0.40022727847099304199,
            0.63780915737152099609,
            -0.42432454228401184082,
            -1.03865778446197509766,
            -0.08236945420503616333,
            0.89043098688125610352,
            -0.06790136545896530151,
            -0.72429043054580688477,
            -0.4051316678524017334,
            0.62439018487930297852,
            -0.37827268242835998535,
            -1.04744923114776611328,
            -0.08202653378248214722,
            0.89045995473861694336,
            -0.06966520100831985474,
            -0.74013638496398925781,
            -0.39726468920707702637,
            0.5929152369499206543,
            -0.37814971804618835449,
            -1.03274357318878173828,
            -0.07699713855981826782,
            0.88272845745086669922,
            -0.06361609697341918945,
            -0.73062574863433837891,
            -0.38117608428001403809,
            0.60794055461883544922,
            -0.36945006251335144043
          ],
          "timeTags": [
            62.7288000006228685379,
            180.10749999992549419403,
            295.71649999916553497314,
            420.54930000007152557373,
            537.89419999904930591583,
            651.12709999829530715942,
            775.42210000008344650269,
            899.5168999992311000824,
            1013.76789999939501285553,
            1132.64570000022649765015,
            1254.15880000032484531403,
            1378.3439000006765127182,
            1490.39500000141561031342,
            1613.02180000022053718567,
            1738.01929999887943267822,
            1860.49629999883472919464,
            1979.28249999880790710449
          ],
          "info": [
            "FileName",
            "2020-06-30_15-13-39_8376d3d0-bad3-11ea-9f5b-8df294b31e94.mubu",
            "gui",
            "autobounds minmax, shape envelopebpf, interface multibpf, opacity 1, colormode rainbow, hidenotforemost 1"
          ]
        }
      ]
    }
  ]
}