{
  "format": "mubujson1",
  "numBuffers": 1,
  "numTracks": 1,
  "bufferNames": [
    "identifier:birds 1"
  ],
  "bufferInfos": [
    [
      "label",
      "identifier:birds"
    ]
  ],
  "tracks": [
    {
      "name": "posenet_normalized_selection",
      "mxCols": 8,
      "mxRows": 1,
      "hasVarRows": false,
      "hasTimeTags": true,
      "nonNumType": "none",
      "maxSize": 5000,
      "buffers": [
        {
          "maxSize": 5000,
          "size": 19,
          "sampleRate": 1000.0,
          "sampleOffset": 0.0,
          "mxRows": 1,
          "mxCols": 8,
          "mxData": [
            -0.70293974876403808594,
            0.68395280838012695313,
            0.61687844991683959961,
            0.69878208637237548828,
            -0.75664973258972167969,
            1.01526820659637451172,
            0.56766372919082641602,
            1.03367567062377929688,
            -0.71185052394866943359,
            0.68553829193115234375,
            0.6067040562629699707,
            0.69740074872970581055,
            -0.7645785212516784668,
            1.01480603218078613281,
            0.54210335016250610352,
            1.031223297119140625,
            -0.71137422323226928711,
            0.69074559211730957031,
            0.61790120601654052734,
            0.69801038503646850586,
            -0.74620819091796875,
            1.00792515277862548828,
            0.55834621191024780273,
            1.02361154556274414063,
            -0.71905803680419921875,
            0.68757188320159912109,
            0.60914760828018188477,
            0.69698387384414672852,
            -0.77823555469512939453,
            1.01424503326416015625,
            0.55104017257690429688,
            1.03219401836395263672,
            -0.7215544581413269043,
            0.685291290283203125,
            0.60898160934448242188,
            0.69498246908187866211,
            -0.67713147401809692383,
            1.00730991363525390625,
            0.5469080805778503418,
            1.01939678192138671875,
            -0.74083662033081054688,
            0.67257440090179443359,
            0.69034868478775024414,
            0.68655753135681152344,
            -0.73171287775039672852,
            1.00886833667755126953,
            0.67958313226699829102,
            1.02617204189300537109,
            -0.96893769502639770508,
            0.61094897985458374023,
            0.895782470703125,
            0.58654105663299560547,
            -1.0925540924072265625,
            0.92165833711624145508,
            1.13409876823425292969,
            0.90013194084167480469,
            -1.16688930988311767578,
            0.45366063714027404785,
            1.29445767402648925781,
            0.48853480815887451172,
            -1.78688776493072509766,
            0.69146978855133056641,
            1.91639888286590576172,
            0.64182293415069580078,
            -1.23614442348480224609,
            0.32016760110855102539,
            1.2330493927001953125,
            0.32684692740440368652,
            -1.92847752571105957031,
            0.39956524968147277832,
            2.02328419685363769531,
            0.3071384727954864502,
            -1.28851306438446044922,
            0.28424912691116333008,
            1.20107150077819824219,
            0.27094626426696777344,
            -2.01979756355285644531,
            0.25630417466163635254,
            1.99300682544708251953,
            0.14789605140686035156,
            -1.31461417675018310547,
            0.30474394559860229492,
            1.25405859947204589844,
            0.28594404458999633789,
            -1.95496988296508789063,
            0.17386281490325927734,
            1.87967514991760253906,
            0.13711459934711456299,
            -1.19522845745086669922,
            0.4078604578971862793,
            1.23370242118835449219,
            0.39001378417015075684,
            -1.90746021270751953125,
            0.34228157997131347656,
            1.99298632144927978516,
            0.29121041297912597656,
            -1.02638959884643554688,
            0.5011151432991027832,
            1.03942382335662841797,
            0.53936797380447387695,
            -1.68621027469635009766,
            0.68347990512847900391,
            1.90445005893707275391,
            0.65683066844940185547,
            -0.93081617355346679688,
            0.63804757595062255859,
            0.83635860681533813477,
            0.60929852724075317383,
            -1.28012847900390625,
            0.94270664453506469727,
            1.28885293006896972656,
            0.88173043727874755859,
            -0.78135824203491210938,
            0.67594832181930541992,
            0.7558460235595703125,
            0.66224557161331176758,
            -0.93596893548965454102,
            1.05585265159606933594,
            1.11809504032135009766,
            1.01614999771118164063,
            -0.98176670074462890625,
            0.62854403257369995117,
            0.90247845649719238281,
            0.57862383127212524414,
            -1.24907064437866210938,
            0.95444720983505249023,
            1.37122416496276855469,
            0.86454749107360839844,
            -1.15972506999969482422,
            0.454742431640625,
            1.25890886783599853516,
            0.49734237790107727051,
            -1.85591149330139160156,
            0.70725476741790771484,
            2.06885766983032226563,
            0.6510073542594909668,
            -1.11338174343109130859,
            0.36880928277969360352,
            1.15104353427886962891,
            0.35924330353736877441,
            -1.81176471710205078125,
            0.48769262433052062988,
            1.93730127811431884766,
            0.40156677365303039551,
            -1.31272804737091064453,
            0.24680319428443908691,
            1.18204474449157714844,
            0.25510030984878540039,
            -2.03449964523315429688,
            0.18454498052597045898,
            1.98338711261749267578,
            0.16389091312885284424
          ],
          "timeTags": [
            30.41780000180006027222,
            141.44990000128746032715,
            248.29640000313520431519,
            366.85270000249147415161,
            479.76160000264644622803,
            592.94320000335574150085,
            698.6441000029444694519,
            808.06560000032186508179,
            911.79100000113248825073,
            1012.15830000117421150208,
            1111.41240000352263450623,
            1217.66650000214576721191,
            1325.53070000186562538147,
            1432.11919999867677688599,
            1542.29810000211000442505,
            1661.63159999996423721313,
            1770.57750000059604644775,
            1889.24540000036358833313,
            1995.33050000295042991638
          ],
          "info": [
            "gui",
            "autobounds minmax, shape envelopebpf, interface multibpf, opacity 1, colormode rainbow, hidenotforemost 1"
          ]
        }
      ]
    }
  ]
}