{
  "format": "mubujson1",
  "numBuffers": 1,
  "numTracks": 1,
  "bufferNames": [
    "identifier:percussions 1"
  ],
  "bufferInfos": [
    [
      "label",
      "identifier:percussions"
    ]
  ],
  "tracks": [
    {
      "name": "posenet_normalized_selection",
      "mxCols": 8,
      "mxRows": 1,
      "hasVarRows": false,
      "hasTimeTags": true,
      "nonNumType": "none",
      "maxSize": 5000,
      "buffers": [
        {
          "maxSize": 5000,
          "size": 23,
          "sampleRate": 1000.0,
          "sampleOffset": 1990.58079999871551990509,
          "mxRows": 1,
          "mxCols": 8,
          "mxData": [
            -0.73755890130996704102,
            0.65761917829513549805,
            0.55333292484283447266,
            0.6579468846321105957,
            -0.67799073457717895508,
            1.02587962150573730469,
            0.58340859413146972656,
            0.98988646268844604492,
            -0.74856549501419067383,
            0.65758472681045532227,
            0.55304861068725585938,
            0.6634432673454284668,
            -0.67133390903472900391,
            1.02582085132598876953,
            0.5746834874153137207,
            0.99811565876007080078,
            -0.71374416351318359375,
            0.66117048263549804688,
            0.58098244667053222656,
            0.66418969631195068359,
            -0.65729117393493652344,
            1.03479886054992675781,
            0.59672361612319946289,
            1.00261807441711425781,
            -0.71689844131469726563,
            0.65150481462478637695,
            0.5702006220817565918,
            0.65695178508758544922,
            -0.65497696399688720703,
            1.02043557167053222656,
            0.60425680875778198242,
            0.98568612337112426758,
            -0.72285485267639160156,
            0.65979713201522827148,
            0.59980869293212890625,
            0.66598343849182128906,
            -0.65540170669555664063,
            1.03059506416320800781,
            0.5752925872802734375,
            1.00319981575012207031,
            -0.68629693984985351563,
            0.65243768692016601563,
            0.66945469379425048828,
            0.63720369338989257813,
            -0.63653433322906494141,
            1.01790082454681396484,
            0.60534417629241943359,
            0.90935516357421875,
            -0.71664506196975708008,
            0.6684849858283996582,
            0.62458044290542602539,
            0.66344124078750610352,
            -0.66710615158081054688,
            1.03209936618804931641,
            0.30413967370986938477,
            0.77145856618881225586,
            -0.68557906150817871094,
            0.65330374240875244141,
            0.674602508544921875,
            0.65387994050979614258,
            -0.6684582829475402832,
            1.02043855190277099609,
            0.20294438302516937256,
            0.63789898157119750977,
            -0.68333661556243896484,
            0.67281931638717651367,
            0.60918009281158447266,
            0.63577836751937866211,
            -0.7075042724609375,
            1.05089855194091796875,
            0.04660767689347267151,
            0.48675867915153503418,
            -0.73452413082122802734,
            0.6687342524528503418,
            0.54549354314804077148,
            0.62383925914764404297,
            -0.73221766948699951172,
            1.04638445377349853516,
            0.04251858219504356384,
            0.43279516696929931641,
            -0.72933077812194824219,
            0.67051160335540771484,
            0.52366662025451660156,
            0.63290649652481079102,
            -0.70536756515502929688,
            1.05579209327697753906,
            -0.04209517687559127808,
            0.43552944064140319824,
            -0.73722052574157714844,
            0.66663384437561035156,
            0.51749789714813232422,
            0.63187998533248901367,
            -0.71459990739822387695,
            1.05613088607788085938,
            -0.06082882732152938843,
            0.42109897732734680176,
            -0.74400538206100463867,
            0.66606760025024414063,
            0.52042126655578613281,
            0.62826418876647949219,
            -0.72295707464218139648,
            1.05293834209442138672,
            -0.07541990280151367188,
            0.41204237937927246094,
            -0.73764240741729736328,
            0.66237884759902954102,
            0.52191627025604248047,
            0.62438285350799560547,
            -0.73145723342895507813,
            1.05658650398254394531,
            -0.06245489045977592468,
            0.40665400028228759766,
            -0.74533605575561523438,
            0.66572606563568115234,
            0.53173357248306274414,
            0.62994372844696044922,
            -0.73505431413650512695,
            1.05577290058135986328,
            -0.06490681320428848267,
            0.41541647911071777344,
            -0.74653363227844238281,
            0.66722393035888671875,
            0.52398896217346191406,
            0.63412004709243774414,
            -0.73539835214614868164,
            1.0571746826171875,
            -0.06691899895668029785,
            0.4179344475269317627,
            -0.74531060457229614258,
            0.66087806224822998047,
            0.53831958770751953125,
            0.63535082340240478516,
            -0.72852563858032226563,
            1.05922544002532958984,
            -0.0460123009979724884,
            0.41324877738952636719,
            -0.74306285381317138672,
            0.66100323200225830078,
            0.54405975341796875,
            0.63254249095916748047,
            -0.73413568735122680664,
            1.05712807178497314453,
            -0.05367086827754974365,
            0.41146433353424072266,
            -0.75293111801147460938,
            0.66291266679763793945,
            0.53141582012176513672,
            0.63043600320816040039,
            -0.73850679397583007813,
            1.05567157268524169922,
            -0.04994861781597137451,
            0.41228350996971130371,
            -0.7506281733512878418,
            0.65420264005661010742,
            0.53962749242782592773,
            0.6320622563362121582,
            -0.73987281322479248047,
            1.04933941364288330078,
            -0.04578096792101860046,
            0.40483295917510986328,
            -0.73095589876174926758,
            0.65828782320022583008,
            0.53742331266403198242,
            0.62915813922882080078,
            -0.71179491281509399414,
            1.0519351959228515625,
            -0.03414608165621757507,
            0.40929043292999267578,
            -0.75140583515167236328,
            0.65661168098449707031,
            0.5231151580810546875,
            0.63577353954315185547,
            -0.74570405483245849609,
            1.05773246288299560547,
            -0.04242176935076713562,
            0.41877958178520202637,
            -0.73074775934219360352,
            0.66029435396194458008,
            0.5466868281364440918,
            0.63435566425323486328,
            -0.71592354774475097656,
            1.04995954036712646484,
            -0.04001671820878982544,
            0.40426895022392272949
          ],