{
  "format": "mubujson1",
  "numBuffers": 1,
  "numTracks": 1,
  "bufferNames": [
    "identifier:numerics 2"
  ],
  "bufferInfos": [
    [
      "label",
      "identifier:numerics"
    ]
  ],
  "tracks": [
    {
      "name": "posenet_normalized_selection",
      "mxCols": 8,
      "mxRows": 1,
      "hasVarRows": false,
      "hasTimeTags": true,
      "nonNumType": "none",
      "maxSize": 5000,
      "buffers": [
        {
          "maxSize": 5000,
          "size": 24,
          "sampleRate": 1000.0,
          "sampleOffset": 1990.58079999871551990509,
          "mxRows": 1,
          "mxCols": 8,
          "mxData": [
            -0.81639456748962402344,
            0.68104749917984008789,
            0.58289057016372680664,
            0.6659914851188659668,
            -0.80544203519821166992,
            1.04529368877410888672,
            0.53976643085479736328,
            0.9963881373405456543,
            -0.7986062169075012207,
            0.6794942021369934082,
            0.58150106668472290039,
            0.66423618793487548828,
            -0.79612725973129272461,
            1.04115116596221923828,
            0.54070067405700683594,
            0.99759191274642944336,
            -0.79911100864410400391,
            0.68087607622146606445,
            0.5773671269416809082,
            0.66642016172409057617,
            -0.78951001167297363281,
            1.04188704490661621094,
            0.53408020734786987305,
            0.99846398830413818359,
            -0.80338072776794433594,
            0.67555350065231323242,
            0.57688188552856445313,
            0.66571968793869018555,
            -0.79569661617279052734,
            1.03821277618408203125,
            0.53838014602661132813,
            1.00392436981201171875,
            -0.78170245885848999023,
            0.68215203285217285156,
            0.59344410896301269531,
            0.66890609264373779297,
            -0.77623510360717773438,
            1.04790627956390380859,
            0.56386846303939819336,
            1.01470434665679931641,
            -0.81360852718353271484,
            0.67989420890808105469,
            0.57032614946365356445,
            0.66765093803405761719,
            -0.80919206142425537109,
            1.03708934783935546875,
            0.54736036062240600586,
            1.00698244571685791016,
            -0.81095123291015625,
            0.68305921554565429688,
            0.58922690153121948242,
            0.68220633268356323242,
            -0.81060266494750976563,
            1.04051756858825683594,
            0.61234945058822631836,
            1.04315543174743652344,
            -0.84193456172943115234,
            0.66467529535293579102,
            0.61522984504699707031,
            0.67163455486297607422,
            -0.87581217288970947266,
            1.01947128772735595703,
            0.68568533658981323242,
            0.99962407350540161133,
            -0.93473547697067260742,
            0.62064039707183837891,
            0.83888542652130126953,
            0.58086955547332763672,
            -1.10301554203033447266,
            0.92470300197601318359,
            0.99585711956024169922,
            0.87473589181900024414,
            -1.01133108139038085938,
            0.56663084030151367188,
            0.97738599777221679688,
            0.54417753219604492188,
            -1.19816172122955322266,
            0.77660059928894042969,
            1.14501547813415527344,
            0.76859235763549804688,
            -1.029144287109375,
            0.56045663356781005859,
            1.05115723609924316406,
            0.49502000212669372559,
            -1.15052533149719238281,
            0.6351451873779296875,
            1.1376171112060546875,
            0.63553214073181152344,
            -0.97657954692840576172,
            0.61766040325164794922,
            1.0389194488525390625,
            0.43292981386184692383,
            -1.02021944522857666016,
            0.41591474413871765137,
            0.9494686126708984375,
            0.44763353466987609863,
            -0.95959448814392089844,
            0.56447672843933105469,
            1.24484348297119140625,
            0.43308877944946289063,
            -0.90184652805328369141,
            0.29281866550445556641,
            0.83498167991638183594,
            0.29741460084915161133,
            -0.88883298635482788086,
            0.54897230863571166992,
            0.97367525100708007813,
            0.37656697630882263184,
            -0.69862711429595947266,
            0.25404527783393859863,
            0.5420506596565246582,
            0.2023366093635559082,
            -0.8466930389404296875,
            0.57066047191619873047,
            1.15573930740356445313,
            0.3551756441593170166,
            -0.51454365253448486328,
            0.22858199477195739746,
            0.54170304536819458008,
            0.14666767418384552002,
            -0.7901375889778137207,
            0.54353421926498413086,
            1.03224670886993408203,
            0.32836160063743591309,
            -0.31599789857864379883,
            0.2273794710636138916,
            0.46197053790092468262,
            0.14503867924213409424,
            -0.88840180635452270508,
            0.53873932361602783203,
            1.08138394355773925781,
            0.31949374079704284668,
            -0.36542263627052307129,
            0.22417980432510375977,
            0.43616661429405212402,
            0.133882865309715271,
            -0.78219014406204223633,
            0.54353159666061401367,
            1.00286900997161865234,
            0.32183817028999328613,
            -0.31632921099662780762,
            0.2322508692741394043,
            0.40114328265190124512,
            0.15166927874088287354,
            -0.84122556447982788086,
            0.54401558637619018555,
            1.14983904361724853516,
            0.32662066817283630371,
            -0.33077356219291687012,
            0.23775884509086608887,
            0.46403867006301879883,
            0.16837479174137115479,
            -0.73310625553131103516,
            0.54297906160354614258,
            0.9966233372688293457,
            0.32572829723358154297,
            -0.27597096562385559082,
            0.23266428709030151367,
            0.41690805554389953613,
            0.15222243964672088623,
            -0.76575547456741333008,
            0.54245507717132568359,
            0.98030227422714233398,
            0.32062739133834838867,
            -0.2995929718017578125,
            0.24834871292114257813,
            0.39999410510063171387,
            0.16792926192283630371,
            -0.7438138127326965332,
            0.54855006933212280273,
            1.01222109794616699219,
            0.32227244973182678223,
            -0.27566823363304138184,
            0.23108667135238647461,
            0.42406219244003295898,
            0.14659471809864044189,
            -0.85907381772994995117,
            0.53980201482772827148,
            1.12807607650756835938,
            0.32125553488731384277,
            -0.3411375880241394043,
            0.23256506025791168213,
            0.46224051713943481445,
            0.14885331690311431885,
            -0.78477346897125244141,
            0.53918933868408203125,
            1.01514399051666259766,
            0.31914070248603820801,
            -0.31183412671089172363,
            0.23269443213939666748,
            0.42301210761070251465,
            0.15360715985298156738
          ],