{
  "format": "mubujson1",
  "numBuffers": 1,
  "numTracks": 1,
  "bufferNames": [
    "identifier:restofthegroup 3"
  ],
  "bufferInfos": [
    [
      "label",
      "identifier:restofthegroup"
    ]
  ],
  "tracks": [
    {
      "name": "posenet_normalized_selection",
      "mxCols": 8,
      "mxRows": 1,
      "hasVarRows": false,
      "hasTimeTags": true,
      "nonNumType": "none",
      "maxSize": 5000,
      "buffers": [
        {
          "maxSize": 5000,
          "size": 20,
          "sampleRate": 1000.0,
          "sampleOffset": 1936.91999999992549419403,
          "mxRows": 1,
          "mxCols": 8,
          "mxData": [
            -0.69497394561767578125,
            0.68889182806015014648,
            0.69949364662170410156,
            0.67432439327239990234,
            -0.66554361581802368164,
            1.03296077251434326172,
            0.64961576461791992188,
            1.05458545684814453125,
            -0.69500720500946044922,
            0.68670988082885742188,
            0.69793975353240966797,
            0.67244625091552734375,
            -0.65673696994781494141,
            1.03375387191772460938,
            0.65298998355865478516,
            1.05380237102508544922,
            -0.68957841396331787109,
            0.69554424285888671875,
            0.70171219110488891602,
            0.67872679233551025391,
            -0.65492111444473266602,
            1.04341900348663330078,
            0.65412020683288574219,
            1.06668889522552490234,
            -0.69023525714874267578,
            0.68871331214904785156,
            0.70604473352432250977,
            0.67205232381820678711,
            -0.65984588861465454102,
            1.03380250930786132813,
            0.66204243898391723633,
            1.04918932914733886719,
            -0.68042385578155517578,
            0.68980294466018676758,
            0.71891820430755615234,
            0.6749121546745300293,
            -0.75184899568557739258,
            1.03241980075836181641,
            0.67601782083511352539,
            1.05569279193878173828,
            -0.76690566539764404297,
            0.68645894527435302734,
            0.72703796625137329102,
            0.67002522945404052734,
            -1.02294147014617919922,
            1.01843631267547607422,
            0.665279388427734375,
            1.05690550804138183594,
            -1.07040441036224365234,
            0.58253258466720581055,
            0.73781943321228027344,
            0.66088402271270751953,
            -1.74035656452178955078,
            0.84474951028823852539,
            0.682170867919921875,
            1.05675828456878662109,
            -1.26593112945556640625,
            0.51049506664276123047,
            0.75208175182342529297,
            0.67160135507583618164,
            -2.0238704681396484375,
            0.66415357589721679688,
            0.68990468978881835938,
            1.06258392333984375,
            -1.35259222984313964844,
            0.30648133158683776855,
            0.66403883695602416992,
            0.67841094732284545898,
            -2.33241748809814453125,
            0.24813884496688842773,
            0.61586600542068481445,
            1.05435335636138916016,
            -1.27970564365386962891,
            0.20332773029804229736,
            0.65169858932495117188,
            0.68843340873718261719,
            -2.09934473037719726563,
            0.05578435957431793213,
            0.61674225330352783203,
            1.07464861869812011719,
            -1.09640157222747802734,
            0.03984589129686355591,
            0.67755889892578125,
            0.67399221658706665039,
            -1.53202903270721435547,
            -0.22713810205459594727,
            0.66024565696716308594,
            1.04799854755401611328,
            -0.99214404821395874023,
            -0.04879294708371162415,
            0.75794863700866699219,
            0.6757214665412902832,
            -1.16048729419708251953,
            -0.35553646087646484375,
            0.72270524501800537109,
            1.06835675239562988281,
            -0.93895417451858520508,
            -0.11547751724720001221,
            0.77782976627349853516,
            0.6643581390380859375,
            -0.80311644077301025391,
            -0.43831476569175720215,
            0.72440099716186523438,
            1.07174503803253173828,
            -0.91865617036819458008,
            -0.11665704846382141113,
            0.78222143650054931641,
            0.66577285528182983398,
            -0.65135496854782104492,
            -0.43024808168411254883,
            0.71211886405944824219,
            1.06571412086486816406,
            -0.81487196683883666992,
            -0.1234913170337677002,
            0.77547276020050048828,
            0.66055971384048461914,
            -0.35198247432708740234,
            -0.42845582962036132813,
            0.73435807228088378906,
            1.06242775917053222656,
            -0.82721215486526489258,
            -0.13451786339282989502,
            0.77787470817565917969,
            0.66409313678741455078,
            -0.29845127463340759277,
            -0.45079904794692993164,
            0.7350590825080871582,
            1.07223796844482421875,
            -0.86124044656753540039,
            -0.13584667444229125977,
            0.76639795303344726563,
            0.66220957040786743164,
            -0.30977594852447509766,
            -0.44970634579658508301,
            0.715221405029296875,
            1.06652116775512695313,
            -0.86501294374465942383,
            -0.12567161023616790771,
            0.76691144704818725586,
            0.66365450620651245117,
            -0.35142931342124938965,
            -0.44079005718231201172,
            0.73057973384857177734,
            1.06306993961334228516,
            -0.87435889244079589844,
            -0.11978854984045028687,
            0.78484433889389038086,
            0.65952527523040771484,
            -0.39305785298347473145,
            -0.42590039968490600586,
            0.75590461492538452148,
            1.06086742877960205078,
            -0.88063323497772216797,
            -0.11691229045391082764,
            0.78195238113403320313,
            0.65829378366470336914,
            -0.42357587814331054688,
            -0.42228609323501586914,
            0.75909906625747680664,
            1.056903839111328125
          ],
          "timeTags": [
            43.11690000072121620178,
            149.56709999963641166687,
            263.51529999822378158569,
            367.25919999927282333374,
            469.22649999707937240601,
            560.04189999774098396301,
            659.09099999815225601196,
            753.25,
            851.6425999961793422699,
            949.32929999753832817078,
            1044.45090000331401824951,
            1144.72449999675154685974,
            1233.01489999890327453613,
            1332.64189999550580978394,
            1426.13109999895095825195,
            1527.4448000006377696991,
            1621.48299999535083770752,
            1712.6004999987781047821,
            1808.08839999884366989136,
            1902.85549999773502349854
          ],
          "info": [
            "FileName",
            "2020-06-30_15-13-39_8376d3d0-bad3-11ea-9f5b-8df294b31e94.mubu",
            "gui",
            "autobounds minmax, shape envelopebpf, interface multibpf, opacity 1, colormode rainbow, hidenotforemost 1"
          ]
        }
      ]
    }
  ]
}