{
  "format": "mubujson1",
  "numBuffers": 1,
  "numTracks": 1,
  "bufferNames": [
    "identifier:percussions 3"
  ],
  "bufferInfos": [
    [
      "label",
      "identifier:percussions"
    ]
  ],
  "tracks": [
    {
      "name": "posenet_normalized_selection",
      "mxCols": 8,
      "mxRows": 1,
      "hasVarRows": false,
      "hasTimeTags": true,
      "nonNumType": "none",
      "maxSize": 5000,
      "buffers": [
        {
          "maxSize": 5000,
          "size": 23,
          "sampleRate": 1000.0,
          "sampleOffset": 1990.58079999871551990509,
          "mxRows": 1,
          "mxCols": 8,
          "mxData": [
            -0.74157625436782836914,
            0.64953070878982543945,
            0.60584306716918945313,
            0.64784324169158935547,
            -0.67859691381454467773,
            1.01489853858947753906,
            0.56350082159042358398,
            0.99244660139083862305,
            -0.71969121694564819336,
            0.65598505735397338867,
            0.60918515920639038086,
            0.64822739362716674805,
            -0.66247612237930297852,
            1.02576649188995361328,
            0.57302182912826538086,
            1.00015795230865478516,
            -0.71037000417709350586,
            0.65800875425338745117,
            0.62641310691833496094,
            0.6456133723258972168,
            -0.65452265739440917969,
            1.0228557586669921875,
            0.59268558025360107422,
            0.99668282270431518555,
            -0.71111071109771728516,
            0.65849816799163818359,
            0.62742668390274047852,
            0.6457697749137878418,
            -0.66266328096389770508,
            1.02822244167327880859,
            0.58786684274673461914,
            1.00020861625671386719,
            -0.72576767206192016602,
            0.65607035160064697266,
            0.63032346963882446289,
            0.65390431880950927734,
            -0.66465067863464355469,
            1.02492785453796386719,
            0.5700321197509765625,
            1.00382852554321289063,
            -0.74462163448333740234,
            0.65319120883941650391,
            0.61511063575744628906,
            0.64890962839126586914,
            -0.68702971935272216797,
            1.02616703510284423828,
            0.50823640823364257813,
            0.98674595355987548828,
            -0.71916848421096801758,
            0.66433292627334594727,
            0.64937710762023925781,
            0.66324877738952636719,
            -0.65977382659912109375,
            1.045196533203125,
            0.48939290642738342285,
            0.97579514980316162109,
            -0.70871084928512573242,
            0.64511287212371826172,
            0.62784904241561889648,
            0.67774754762649536133,
            -0.64375233650207519531,
            0.99088710546493530273,
            0.1047337651252746582,
            0.85901015996932983398,
            -0.6966603398323059082,
            0.6617762446403503418,
            0.61268281936645507813,
            0.67797499895095825195,
            -0.65688061714172363281,
            1.02070879936218261719,
            0.16794972121715545654,
            0.75444608926773071289,
            -0.70494991540908813477,
            0.66124957799911499023,
            0.58332031965255737305,
            0.68733584880828857422,
            -0.66233336925506591797,
            1.07779455184936523438,
            0.01769753918051719666,
            0.48337766528129577637,
            -0.7501341700553894043,
            0.67470788955688476563,
            0.52690804004669189453,
            0.65761941671371459961,
            -0.70408713817596435547,
            1.0686817169189453125,
            -0.00496050901710987091,
            0.39453771710395812988,
            -0.78478527069091796875,
            0.69789791107177734375,
            0.46694833040237426758,
            0.65281790494918823242,
            -0.72991150617599487305,
            1.07037818431854248047,
            -0.12518483400344848633,
            0.4424285888671875,
            -0.76473373174667358398,
            0.68566238880157470703,
            0.47160038352012634277,
            0.64318346977233886719,
            -0.71876853704452514648,
            1.06595003604888916016,
            -0.11077482253313064575,
            0.41957247257232666016,
            -0.75177860260009765625,
            0.68339276313781738281,
            0.45898699760437011719,
            0.64098304510116577148,
            -0.71125102043151855469,
            1.07775163650512695313,
            -0.06695299595594406128,
            0.42154169082641601563,
            -0.73598790168762207031,
            0.68177425861358642578,
            0.47740581631660461426,
            0.64387714862823486328,
            -0.71157151460647583008,
            1.07725274562835693359,
            -0.03983959555625915527,
            0.4248650670051574707,
            -0.75138145685195922852,
            0.67850947380065917969,
            0.47185742855072021484,
            0.64411252737045288086,
            -0.73181557655334472656,
            1.06574463844299316406,
            -0.06346831470727920532,
            0.41749048233032226563,
            -0.78601461648941040039,
            0.6931673884391784668,
            0.45011860132217407227,
            0.64289367198944091797,
            -0.74634897708892822266,
            1.078876495361328125,
            -0.11185268312692642212,
            0.40887206792831420898,
            -0.78896743059158325195,
            0.68379575014114379883,
            0.44542989134788513184,
            0.64727967977523803711,
            -0.7478135228157043457,
            1.07513153553009033203,
            -0.09055473655462265015,
            0.42716449499130249023,
            -0.79060244560241699219,
            0.68239891529083251953,
            0.44847238063812255859,
            0.64789682626724243164,
            -0.76827245950698852539,
            1.07605791091918945313,
            -0.08758263289928436279,
            0.42445293068885803223,
            -0.78757631778717041016,
            0.68300360441207885742,
            0.44326597452163696289,
            0.6438573002815246582,
            -0.74902439117431640625,
            1.07081115245819091797,
            -0.08814520388841629028,
            0.42013308405876159668,
            -0.76229488849639892578,
            0.68137973546981811523,
            0.49493297934532165527,
            0.64604437351226806641,
            -0.72072190046310424805,
            1.06118702888488769531,
            -0.06167132407426834106,
            0.42696961760520935059,
            -0.73990190029144287109,
            0.67994773387908935547,
            0.48848477005958557129,
            0.64728331565856933594,
            -0.7116171717643737793,
            1.06817710399627685547,
            -0.05679250136017799377,
            0.42689964175224304199,
            -0.74526393413543701172,
            0.68703126907348632813,
            0.49227362871170043945,
            0.64587092399597167969,
            -0.70431679487228393555,
            1.07707941532135009766,
            -0.06640908122062683105,
            0.42088812589645385742
          ],