{
  "format": "mubujson1",
  "numBuffers": 1,
  "numTracks": 1,
  "bufferNames": [
    "identifier:singers 3"
  ],
  "bufferInfos": [
    [
      "label",
      "identifier:singers"
    ]
  ],
  "tracks": [
    {
      "name": "posenet_normalized_selection",
      "mxCols": 8,
      "mxRows": 1,
      "hasVarRows": false,
      "hasTimeTags": true,
      "nonNumType": "none",
      "maxSize": 5000,
      "buffers": [
        {
          "maxSize": 5000,
          "size": 23,
          "sampleRate": 1000.0,
          "sampleOffset": 1990.58079999871551990509,
          "mxRows": 1,
          "mxCols": 8,
          "mxData": [
            -0.74996322393417358398,
            0.65730446577072143555,
            0.56792074441909790039,
            0.66349804401397705078,
            -0.68268692493438720703,
            1.03136861324310302734,
            0.50024682283401489258,
            1.00238919258117675781,
            -0.72866404056549072266,
            0.65517812967300415039,
            0.58043837547302246094,
            0.66469752788543701172,
            -0.663486480712890625,
            1.02977120876312255859,
            0.5075652003288269043,
            1.00896918773651123047,
            -0.72827738523483276367,
            0.65011292695999145508,
            0.57964193820953369141,
            0.66072893142700195313,
            -0.65936112403869628906,
            1.02258372306823730469,
            0.50968194007873535156,
            1.00007486343383789063,
            -0.72096198797225952148,
            0.64923441410064697266,
            0.59615170955657958984,
            0.66156327724456787109,
            -0.65022826194763183594,
            1.02333140373229980469,
            0.52258116006851196289,
            1.00296485424041748047,
            -0.73509925603866577148,
            0.64557045698165893555,
            0.60904365777969360352,
            0.66065585613250732422,
            -0.67755973339080810547,
            1.01636433601379394531,
            0.51267862319946289063,
            0.97633492946624755859,
            -0.76230549812316894531,
            0.65449690818786621094,
            0.62311577796936035156,
            0.64269548654556274414,
            -0.7015908360481262207,
            1.01082706451416015625,
            0.53979408740997314453,
            0.91110301017761230469,
            -0.75929200649261474609,
            0.67306959629058837891,
            0.59434467554092407227,
            0.679225921630859375,
            -0.69851452112197875977,
            1.03854227066040039063,
            0.36881557106971740723,
            0.76538693904876708984,
            -0.7886359095573425293,
            0.65770161151885986328,
            0.48479461669921875,
            0.66820496320724487305,
            -0.77411371469497680664,
            1.03296518325805664063,
            0.07009228318929672241,
            0.38559925556182861328,
            -0.77390003204345703125,
            0.6490688323974609375,
            0.3746630251407623291,
            0.61473941802978515625,
            -0.77946966886520385742,
            1.01882421970367431641,
            0.07555686682462692261,
            0.28793370723724365234,
            -0.82183706760406494141,
            0.65239661931991577148,
            0.33226534724235534668,
            0.60605144500732421875,
            -0.85279351472854614258,
            1.02343845367431640625,
            0.04387410730123519897,
            0.26034086942672729492,
            -0.81214493513107299805,
            0.64621520042419433594,
            0.36088863015174865723,
            0.60454946756362915039,
            -0.86551588773727416992,
            1.00848305225372314453,
            0.06560240685939788818,
            0.25715330243110656738,
            -0.82816988229751586914,
            0.65472239255905151367,
            0.35278770327568054199,
            0.61241132020950317383,
            -0.86302179098129272461,
            1.01957666873931884766,
            0.00593383936211466789,
            0.33457463979721069336,
            -0.79653096199035644531,
            0.66193318367004394531,
            0.32178393006324768066,
            0.60664904117584228516,
            -0.84324854612350463867,
            1.01638972759246826172,
            -0.03874718397855758667,
            0.39729782938957214355,
            -0.78648644685745239258,
            0.66330105066299438477,
            0.29923704266548156738,
            0.6210047602653503418,
            -0.8426329493522644043,
            1.03526699542999267578,
            0.20961724221706390381,
            0.56250405311584472656,
            -0.78721398115158081055,
            0.64692002534866333008,
            0.29638350009918212891,
            0.64610487222671508789,
            -0.84450381994247436523,
            1.01207888126373291016,
            0.20493605732917785645,
            0.57690477371215820313,
            -0.78779733180999755859,
            0.63658791780471801758,
            0.28886258602142333984,
            0.64540904760360717773,
            -0.84708392620086669922,
            1.00270581245422363281,
            0.19798429310321807861,
            0.57799249887466430664,
            -0.79419845342636108398,
            0.6340376734733581543,
            0.2766806483268737793,
            0.6390069127082824707,
            -0.86477935314178466797,
            0.99674010276794433594,
            0.21331098675727844238,
            0.56835842132568359375,
            -0.79322844743728637695,
            0.64618170261383056641,
            0.29172909259796142578,
            0.64359295368194580078,
            -0.86631745100021362305,
            1.01608431339263916016,
            0.21371845901012420654,
            0.55917418003082275391,
            -0.81019395589828491211,
            0.65147608518600463867,
            0.29363995790481567383,
            0.65444540977478027344,
            -0.86921894550323486328,
            1.02288353443145751953,
            0.21018415689468383789,
            0.56256872415542602539,
            -0.80345445871353149414,
            0.64723289012908935547,
            0.2962474822998046875,
            0.65105998516082763672,
            -0.87251389026641845703,
            1.01584792137145996094,
            0.21353542804718017578,
            0.55928617715835571289,
            -0.78862172365188598633,
            0.64924108982086181641,
            0.30451714992523193359,
            0.65503042936325073242,
            -0.84459382295608520508,
            1.02019011974334716797,
            0.23400552570819854736,
            0.59180742502212524414,
            -0.7678006291389465332,
            0.64086562395095825195,
            0.33634525537490844727,
            0.64657002687454223633,
            -0.83148217201232910156,
            1.006961822509765625,
            0.25148186087608337402,
            0.55449086427688598633,
            -0.79369848966598510742,
            0.65342336893081665039,
            0.32371413707733154297,
            0.65329760313034057617,
            -0.84766101837158203125,
            1.02461147308349609375,
            0.22393462061882019043,
            0.56032299995422363281
          ],