{
  "format": "mubujson1",
  "numBuffers": 1,
  "numTracks": 1,
  "bufferInfos": [
    [
      "label",
      "off:off"
    ]
  ],
  "tracks": [
    {
      "name": "posenet_normalized_selection",
      "mxCols": 8,
      "mxRows": 1,
      "hasVarRows": false,
      "hasTimeTags": true,
      "nonNumType": "none",
      "maxSize": 5000,
      "buffers": [
        {
          "maxSize": 5000,
          "size": 23,
          "sampleRate": 1000.0,
          "sampleOffset": 0.0,
          "mxRows": 1,
          "mxCols": 8,
          "mxData": [
            -0.74715089797973632813,
            0.64689987897872924805,
            0.66008114814758300781,
            0.65568673610687255859,
            -0.74320518970489501953,
            1.00376260280609130859,
            0.69044649600982666016,
            0.9710972905158996582,
            -0.73348438739776611328,
            0.64517819881439208984,
            0.66421490907669067383,
            0.65254777669906616211,
            -0.72942805290222167969,
            0.99885100126266479492,
            0.68661081790924072266,
            0.97481805086135864258,
            -0.74063074588775634766,
            0.64588594436645507813,
            0.65438073873519897461,
            0.65061497688293457031,
            -0.73440408706665039063,
            0.9981587529182434082,
            0.69723910093307495117,
            0.97790604829788208008,
            -0.72931444644927978516,
            0.64855122566223144531,
            0.71590507030487060547,
            0.63444751501083374023,
            -0.71689701080322265625,
            0.9961541295051574707,
            0.74790775775909423828,
            0.94940209388732910156,
            -0.71715921163558959961,
            0.65288406610488891602,
            0.8000405430793762207,
            0.64163452386856079102,
            -0.69743859767913818359,
            0.99104869365692138672,
            0.80834597349166870117,
            0.96146082878112792969,
            -0.76443386077880859375,
            0.63411766290664672852,
            0.90690022706985473633,
            0.61698740720748901367,
            -0.7400188446044921875,
            0.94791281223297119141,
            0.85561716556549072266,
            0.94938248395919799805,
            -0.7994073033332824707,
            0.59221285581588745117,
            0.90773206949234008789,
            0.60426533222198486328,
            -0.83114129304885864258,
            0.85504901409149169922,
            0.73500537872314453125,
            0.92205482721328735352,
            -0.79963004589080810547,
            0.54139751195907592773,
            0.93786185979843139648,
            0.56773579120635986328,
            -0.94432735443115234375,
            0.79000985622406005859,
            0.66873753070831298828,
            0.80077958106994628906,
            -0.66358369588851928711,
            0.52234232425689697266,
            0.65478456020355224609,
            0.38665539026260375977,
            -1.14841187000274658203,
            0.60971176624298095703,
            0.0803251117467880249,
            0.45768281817436218262,
            -0.64491093158721923828,
            0.58050364255905151367,
            0.28981357812881469727,
            0.19020782411098480225,
            -1.43581068515777587891,
            0.49999368190765380859,
            -0.83272302150726318359,
            0.1567039191722869873,
            -0.78996926546096801758,
            0.61137932538986206055,
            -0.2269109189510345459,
            0.16675426065921783447,
            -1.50419104099273681641,
            0.39989146590232849121,
            -1.10454058647155761719,
            0.06371667981147766113,
            -0.76304221153259277344,
            0.62536072731018066406,
            -0.13048928976058959961,
            0.1619147956371307373,
            -1.38454747200012207031,
            0.44872871041297912598,
            -1.06285691261291503906,
            0.03680630400776863098,
            -0.76464390754699707031,
            0.65820521116256713867,
            -0.14986129105091094971,
            0.16647502779960632324,
            -1.32152807712554931641,
            0.48032957315444946289,
            -0.94926154613494873047,
            0.06701546907424926758,
            -0.72827219963073730469,
            0.68103426694869995117,
            -0.23112110793590545654,
            0.13796028494834899902,
            -1.3063869476318359375,
            0.46867921948432922363,
            -0.87614518404006958008,
            0.04531037434935569763,
            -0.7763671875,
            0.69523781538009643555,
            0.13014110922813415527,
            0.1358738243579864502,
            -1.52870714664459228516,
            0.51536351442337036133,
            -0.70849394798278808594,
            0.0770635753870010376,
            -0.41163557767868041992,
            0.6826483607292175293,
            0.58285188674926757813,
            0.12562499940395355225,
            -1.17101287841796875,
            0.51071250438690185547,
            -0.28782647848129272461,
            0.01979388296604156494,
            -0.06764486432075500488,
            0.69057303667068481445,
            0.68916338682174682617,
            0.12863869965076446533,
            -0.93708145618438720703,
            0.4287439882755279541,
            -0.41485458612442016602,
            0.07200089097023010254,
            -0.13750812411308288574,
            0.56856244802474975586,
            1.08202183246612548828,
            0.14417587220668792725,
            0.0263034328818321228,
            0.39787247776985168457,
            0.20271281898021697998,
            0.1201502382755279541,
            0.28182625770568847656,
            0.58517050743103027344,
            1.09000873565673828125,
            0.1701574474573135376,
            1.16608643531799316406,
            0.59651428461074829102,
            1.25634396076202392578,
            0.1431204378604888916,
            0.33812546730041503906,
            0.50258928537368774414,
            1.44241762161254882813,
            0.22747591137886047363,
            1.58113002777099609375,
            0.48807877302169799805,
            2.27206516265869140625,
            0.19339855015277862549,
            0.51850503683090209961,
            0.4891707003116607666,
            1.92898809909820556641,
            0.23370428383350372314,
            1.76787722110748291016,
            0.55565494298934936523,
            3.14766740798950195313,
            0.22328525781631469727,
            0.680500030517578125,
            0.46198871731758117676,
            2.0865383148193359375,
            0.23117354512214660645,
            1.87082791328430175781,
            0.54305398464202880859,
            3.46366453170776367188,
            0.22355453670024871826,
            0.44358474016189575195,
            0.48276603221893310547,
            1.53027188777923583984,
            0.24149824678897857666,
            1.43050682544708251953,
            0.56198221445083618164,
            2.58855080604553222656,
            0.23488147556781768799
          ],