{
  "format": "mubujson1",
  "numBuffers": 1,
  "numTracks": 1,
  "bufferNames": [
    "identifier:restofthegroup 1"
  ],
  "bufferInfos": [
    [
      "label",
      "identifier:restofthegroup"
    ]
  ],
  "tracks": [
    {
      "name": "posenet_normalized_selection",
      "mxCols": 8,
      "mxRows": 1,
      "hasVarRows": false,
      "hasTimeTags": true,
      "nonNumType": "none",
      "maxSize": 5000,
      "buffers": [
        {
          "maxSize": 5000,
          "size": 18,
          "sampleRate": 1000.0,
          "sampleOffset": 0.0,
          "mxRows": 1,
          "mxCols": 8,
          "mxData": [
            -0.81271684169769287109,
            0.64525240659713745117,
            0.49254179000854492188,
            0.65686756372451782227,
            -0.81073009967803955078,
            0.98071634769439697266,
            0.5445792078971862793,
            0.9574826359748840332,
            -0.80646920204162597656,
            0.66398751735687255859,
            0.51501822471618652344,
            0.67986273765563964844,
            -0.8112996220588684082,
            1.01054739952087402344,
            0.60900658369064331055,
            1.01547372341156005859,
            -0.80639255046844482422,
            0.63876247406005859375,
            0.61486089229583740234,
            0.64740276336669921875,
            -0.80903375148773193359,
            0.9835796356201171875,
            0.84984636306762695313,
            0.96974849700927734375,
            -0.77678501605987548828,
            0.64879679679870605469,
            0.87091588973999023438,
            0.58837932348251342773,
            -0.76029288768768310547,
            0.98977911472320556641,
            1.35043036937713623047,
            0.83205884695053100586,
            -0.79881507158279418945,
            0.63925659656524658203,
            1.01352488994598388672,
            0.49935287237167358398,
            -0.77039772272109985352,
            0.98240464925765991211,
            1.76940321922302246094,
            0.73036468029022216797,
            -0.73796874284744262695,
            0.65443342924118041992,
            1.21026849746704101563,
            0.34715706110000610352,
            -0.71778947114944458008,
            0.99867779016494750977,
            2.10135817527770996094,
            0.39545461535453796387,
            -0.69843280315399169922,
            0.65618056058883666992,
            1.19869494438171386719,
            0.20384830236434936523,
            -0.68120056390762329102,
            0.99280774593353271484,
            1.93628275394439697266,
            0.10177509486675262451,
            -0.77325719594955444336,
            0.68735808134078979492,
            1.12575650215148925781,
            0.11116864532232284546,
            -0.74005103111267089844,
            1.01313638687133789063,
            1.68627476692199707031,
            -0.15497109293937683105,
            -0.77066504955291748047,
            0.67637747526168823242,
            1.03326725959777832031,
            -0.0110537530854344368,
            -0.70827174186706542969,
            0.98728907108306884766,
            1.21094214916229248047,
            -0.34290575981140136719,
            -0.84182637929916381836,
            0.70040053129196166992,
            1.00462090969085693359,
            -0.06468527019023895264,
            -0.79115355014801025391,
            1.03010153770446777344,
            0.91516339778900146484,
            -0.4564724266529083252,
            -0.85455381870269775391,
            0.699310302734375,
            0.94777470827102661133,
            -0.12111096084117889404,
            -0.80911421775817871094,
            1.02948927879333496094,
            0.47068566083908081055,
            -0.40652796626091003418,
            -0.87612462043762207031,
            0.70629155635833740234,
            0.76372563838958740234,
            -0.09134632349014282227,
            -0.8189595341682434082,
            1.04571676254272460938,
            0.1261860281229019165,
            -0.40302789211273193359,
            -0.89038133621215820313,
            0.71162575483322143555,
            0.75825995206832885742,
            -0.09435808658599853516,
            -0.83391535282135009766,
            1.05185425281524658203,
            0.08792793750762939453,
            -0.40457174181938171387,
            -0.90413045883178710938,
            0.71248757839202880859,
            0.76319545507431030273,
            -0.09224293380975723267,
            -0.85892182588577270508,
            1.04559302330017089844,
            0.08532156795263290405,
            -0.40132105350494384766,
            -0.90315347909927368164,
            0.69104462862014770508,
            0.79947131872177124023,
            -0.08596682548522949219,
            -0.85268056392669677734,
            1.02086949348449707031,
            0.11482931673526763916,
            -0.39980089664459228516,
            -0.88507199287414550781,
            0.69975626468658447266,
            0.82320296764373779297,
            -0.08911769837141036987,
            -0.82958519458770751953,
            1.03393125534057617188,
            0.16919703781604766846,
            -0.40874442458152770996,
            -0.89420014619827270508,
            0.70040917396545410156,
            0.82923752069473266602,
            -0.09894140809774398804,
            -0.85089933872222900391,
            1.03272521495819091797,
            0.16323180496692657471,
            -0.40425726771354675293,
            -0.91326028108596801758,
            0.69061982631683349609,
            0.81096452474594116211,
            -0.0904619172215461731,
            -0.86884272098541259766,
            1.02942609786987304688,
            0.16785740852355957031,
            -0.40529915690422058105
          ],
          "timeTags": [
            48.34399999864399433136,
            165.19840000011026859283,
            281.19510000012814998627,
            399.27199999988079071045,
            515.23449999839067459106,
            627.20679999887943267822,
            742.26369999907910823822,
            860.76830000057816505432,
            968.72389999963343143463,
            1076.56149999983608722687,
            1190.84769999980926513672,
            1306.23359999991953372955,
            1419.37309999763965606689,
            1534.91789999976754188538,
            1644.97359999828040599823,
            1767.89010000042617321014,
            1878.88659999892115592957,
            1990.58079999871551990509
          ],
          "info": [
            "FileName",
            "2020-06-30_15-13-39_8376d3d0-bad3-11ea-9f5b-8df294b31e94.mubu",
            "gui",
            "autobounds minmax, shape envelopebpf, interface multibpf, opacity 1, colormode rainbow, hidenotforemost 1"
          ]
        }
      ]
    }
  ]
}