{
  "format": "mubujson1",
  "numBuffers": 1,
  "numTracks": 1,
  "bufferNames": [
    "identifier:percussions 2"
  ],
  "bufferInfos": [
    [
      "label",
      "identifier:percussions"
    ]
  ],
  "tracks": [
    {
      "name": "posenet_normalized_selection",
      "mxCols": 8,
      "mxRows": 1,
      "hasVarRows": false,
      "hasTimeTags": true,
      "nonNumType": "none",
      "maxSize": 5000,
      "buffers": [
        {
          "maxSize": 5000,
          "size": 23,
          "sampleRate": 1000.0,
          "sampleOffset": 0.0,
          "mxRows": 1,
          "mxCols": 8,
          "mxData": [
            -0.79514563083648681641,
            0.68958944082260131836,
            0.54049170017242431641,
            0.68982177972793579102,
            -0.77273613214492797852,
            1.04440164566040039063,
            0.4765052497386932373,
            1.02521574497222900391,
            -0.82803142070770263672,
            0.68284171819686889648,
            0.52087503671646118164,
            0.69147592782974243164,
            -0.79999011754989624023,
            1.04109585285186767578,
            0.48172706365585327148,
            1.02949488162994384766,
            -0.81202006340026855469,
            0.68398034572601318359,
            0.54096734523773193359,
            0.68683838844299316406,
            -0.77873873710632324219,
            1.04188430309295654297,
            0.48959147930145263672,
            1.02571928501129150391,
            -0.79241788387298583984,
            0.6775372624397277832,
            0.54935204982757568359,
            0.68478643894195556641,
            -0.76564157009124755859,
            1.04164302349090576172,
            0.50858998298645019531,
            1.02946412563323974609,
            -0.8096650242805480957,
            0.6755478978157043457,
            0.53349775075912475586,
            0.68011814355850219727,
            -0.78818839788436889648,
            1.02213680744171142578,
            0.49773752689361572266,
            1.02132391929626464844,
            -0.7890192866325378418,
            0.68236464262008666992,
            0.58044666051864624023,
            0.68860703706741333008,
            -0.76784408092498779297,
            1.02950823307037353516,
            0.45671534538269042969,
            1.01596593856811523438,
            -0.75493824481964111328,
            0.66206961870193481445,
            0.55378186702728271484,
            0.65966534614562988281,
            -0.7262935638427734375,
            1.0211009979248046875,
            0.18748541176319122314,
            0.95714318752288818359,
            -0.77796351909637451172,
            0.62703585624694824219,
            0.58809059858322143555,
            0.63637697696685791016,
            -0.73907500505447387695,
            0.95993751287460327148,
            -0.08799147605895996094,
            0.82198101282119750977,
            -0.81498968601226806641,
            0.66298019886016845703,
            0.44750565290451049805,
            0.63891583681106567383,
            -0.78482890129089355469,
            0.98807084560394287109,
            -0.28062987327575683594,
            0.64148432016372680664,
            -0.841705322265625,
            0.64168149232864379883,
            0.24380844831466674805,
            0.61730921268463134766,
            -0.80925923585891723633,
            0.97557771205902099609,
            -0.4990825951099395752,
            0.51510602235794067383,
            -0.91814529895782470703,
            0.65612649917602539063,
            0.25930079817771911621,
            0.61720520257949829102,
            -0.90231561660766601563,
            1.00605523586273193359,
            -0.67441070079803466797,
            0.46650475263595581055,
            -0.94289135932922363281,
            0.64604145288467407227,
            0.27463555335998535156,
            0.61112463474273681641,
            -0.90362465381622314453,
            1.00765192508697509766,
            -0.60649621486663818359,
            0.43748176097869873047,
            -0.90243971347808837891,
            0.67333126068115234375,
            0.29954135417938232422,
            0.63385170698165893555,
            -0.8875128626823425293,
            1.05301749706268310547,
            -0.59754931926727294922,
            0.44561964273452758789,
            -0.85519492626190185547,
            0.6588897705078125,
            0.33516591787338256836,
            0.62451922893524169922,
            -0.84353518486022949219,
            1.03051412105560302734,
            -0.56500315666198730469,
            0.43396779894828796387,
            -0.85216879844665527344,
            0.65464705228805541992,
            0.304637908935546875,
            0.62222284078598022461,
            -0.83941239118576049805,
            1.02336621284484863281,
            -0.52493727207183837891,
            0.44353264570236206055,
            -0.8601443171501159668,
            0.66296058893203735352,
            0.30597487092018127441,
            0.62083977460861206055,
            -0.8423315882682800293,
            1.03224337100982666016,
            -0.54543471336364746094,
            0.44346335530281066895,
            -0.85267907381057739258,
            0.65911585092544555664,
            0.30802375078201293945,
            0.621379852294921875,
            -0.831424713134765625,
            1.02402269840240478516,
            -0.51262629032135009766,
            0.44592785835266113281,
            -0.83455699682235717773,
            0.666103363037109375,
            0.34031599760055541992,
            0.62803578376770019531,
            -0.80642354488372802734,
            1.03996586799621582031,
            -0.49855217337608337402,
            0.44820514321327209473,
            -0.86175405979156494141,
            0.66765725612640380859,
            0.30394729971885681152,
            0.63110941648483276367,
            -0.83714854717254638672,
            1.04017245769500732422,
            -0.53072786331176757813,
            0.44643852114677429199,
            -0.86510521173477172852,
            0.66352832317352294922,
            0.30733337998390197754,
            0.63096940517425537109,
            -0.84494060277938842773,
            1.03955066204071044922,
            -0.54529643058776855469,
            0.44509267807006835938,
            -0.86278736591339111328,
            0.66066879034042358398,
            0.30182480812072753906,
            0.62738156318664550781,
            -0.85012549161911010742,
            1.03013503551483154297,
            -0.54239743947982788086,
            0.45172104239463806152,
            -0.88009750843048095703,
            0.66886240243911743164,
            0.3085059821605682373,
            0.63416993618011474609,
            -0.8598423004150390625,
            1.04065775871276855469,
            -0.55370938777923583984,
            0.44564196467399597168,
            -0.88142615556716918945,
            0.66382300853729248047,
            0.28906288743019104004,
            0.62534272670745849609,
            -0.86503392457962036133,
            1.03198671340942382813,
            -0.55501842498779296875,
            0.44849383831024169922
          ],