{
  "format": "mubujson1",
  "numBuffers": 1,
  "numTracks": 1,
  "bufferNames": [
    "identifier:wholegroup 3"
  ],
  "bufferInfos": [
    [
      "label",
      "identifier:wholegroup"
    ]
  ],
  "tracks": [
    {
      "name": "posenet_normalized_selection",
      "mxCols": 8,
      "mxRows": 1,
      "hasVarRows": false,
      "hasTimeTags": true,
      "nonNumType": "none",
      "maxSize": 5000,
      "buffers": [
        {
          "maxSize": 5000,
          "size": 20,
          "sampleRate": 1000.0,
          "sampleOffset": 1918.73090000450611114502,
          "mxRows": 1,
          "mxCols": 8,
          "mxData": [
            -0.79994654655456542969,
            0.66286450624465942383,
            0.53956037759780883789,
            0.68043190240859985352,
            -0.67855280637741088867,
            1.04053890705108642578,
            0.52389502525329589844,
            1.06595361232757568359,
            -0.81922888755798339844,
            0.6600233912467956543,
            0.53372144699096679688,
            0.68501752614974975586,
            -0.68414360284805297852,
            1.04325830936431884766,
            0.5200755000114440918,
            1.07006859779357910156,
            -0.78818154335021972656,
            0.6679598689079284668,
            0.53103226423263549805,
            0.68323546648025512695,
            -0.67375737428665161133,
            1.04690158367156982422,
            0.51028388738632202148,
            1.07024943828582763672,
            -0.81408393383026123047,
            0.65442836284637451172,
            0.54176843166351318359,
            0.68999052047729492188,
            -0.68408083915710449219,
            1.02938580513000488281,
            0.53957653045654296875,
            1.07175910472869873047,
            -0.8054656982421875,
            0.64867001771926879883,
            0.5680325627326965332,
            0.67821806669235229492,
            -0.69205445051193237305,
            1.01682114601135253906,
            0.58468621969223022461,
            1.05250442028045654297,
            -0.83599710464477539063,
            0.62809139490127563477,
            0.69845807552337646484,
            0.63647365570068359375,
            -0.94095528125762939453,
            0.98242348432540893555,
            0.86871743202209472656,
            0.98671293258666992188,
            -1.06102311611175537109,
            0.57758653163909912109,
            1.04983222484588623047,
            0.5306103825569152832,
            -1.66249024868011474609,
            0.82738387584686279297,
            1.70367479324340820313,
            0.82231515645980834961,
            -1.19888126850128173828,
            0.49381741881370544434,
            1.17220890522003173828,
            0.46153420209884643555,
            -1.95203089714050292969,
            0.66195821762084960938,
            2.00251126289367675781,
            0.61296844482421875,
            -1.32108509540557861328,
            0.20898038148880004883,
            1.24231696128845214844,
            0.21987639367580413818,
            -2.01075124740600585938,
            0.1080203130841255188,
            1.93669390678405761719,
            0.08245244622230529785,
            -1.33104479312896728516,
            0.06999182701110839844,
            1.1041011810302734375,
            0.10236029326915740967,
            -1.9055004119873046875,
            -0.11566255241632461548,
            1.68037211894989013672,
            -0.16770824790000915527,
            -1.13423299789428710938,
            -0.0638880804181098938,
            1.02036333084106445313,
            -0.01992868073284626007,
            -1.28615283966064453125,
            -0.43869698047637939453,
            1.19196021556854248047,
            -0.38253730535507202148,
            -1.259456634521484375,
            -0.10626901686191558838,
            1.14978945255279541016,
            -0.0499676242470741272,
            -1.08821868896484375,
            -0.43682658672332763672,
            1.00945782661437988281,
            -0.37435951828956604004,
            -1.07716858386993408203,
            -0.12220987677574157715,
            0.97182542085647583008,
            -0.1381466984748840332,
            -0.57976096868515014648,
            -0.4381726384162902832,
            0.34277871251106262207,
            -0.44700419902801513672,
            -1.08604037761688232422,
            -0.11976055800914764404,
            0.95631015300750732422,
            -0.15494295954704284668,
            -0.54479140043258666992,
            -0.44382876157760620117,
            0.27702677249908447266,
            -0.47035878896713256836,
            -1.03463637828826904297,
            -0.11970741301774978638,
            0.90340822935104370117,
            -0.17110370099544525146,
            -0.49663841724395751953,
            -0.45401030778884887695,
            0.19169747829437255859,
            -0.48465341329574584961,
            -1.02883636951446533203,
            -0.12371387332677841187,
            0.90934646129608154297,
            -0.16273614764213562012,
            -0.49186852574348449707,
            -0.45131137967109680176,
            0.2297697216272354126,
            -0.48907059431076049805,
            -1.04962956905364990234,
            -0.12095122039318084717,
            0.94271653890609741211,
            -0.1580231785774230957,
            -0.46267208456993103027,
            -0.45793509483337402344,
            0.25803080201148986816,
            -0.49695801734924316406,
            -1.01729893684387207031,
            -0.11889584362506866455,
            0.93911570310592651367,
            -0.15687903761863708496,
            -0.451877593994140625,
            -0.45273852348327636719,
            0.27554327249526977539,
            -0.49103435873985290527,
            -1.01239848136901855469,
            -0.12385883927345275879,
            0.95662277936935424805,
            -0.16237322986125946045,
            -0.44307225942611694336,
            -0.45644143223762512207,
            0.2859452366828918457,
            -0.49924993515014648438,
            -1.03286242485046386719,
            -0.12246793508529663086,
            0.94036662578582763672,
            -0.16083128750324249268,
            -0.47682714462280273438,
            -0.44867369532585144043,
            0.25634500384330749512,
            -0.48208859562873840332
          ],
          "timeTags": [
            4.94519999995827674866,
            111.36340000107884407043,
            220.35400000214576721191,
            324.10659999772906303406,
            435.49640000239014625549,
            535.3370000012218952179,
            640.11879999935626983643,
            744.9636000022292137146,
            849.9483999982476234436,
            952.59329999983310699463,
            1046.27010000124573707581,
            1143.95230000093579292297,
            1241.10530000180006027222,
            1336.91620000079274177551,
            1443.57220000028610229492,
            1544.35070000216364860535,
            1647.73220000043511390686,
            1753.21610000357031822205,
            1858.5822999998927116394,
            1958.37780000269412994385
          ],
          "info": [
            "FileName",
            "2020-06-30_15-13-39_8376d3d0-bad3-11ea-9f5b-8df294b31e94.mubu",
            "gui",
            "autobounds minmax, shape envelopebpf, interface multibpf, opacity 1, colormode rainbow, hidenotforemost 1"
          ]
        }
      ]
    }
  ]
}