{
  "format": "mubujson1",
  "numBuffers": 1,
  "numTracks": 1,
  "bufferNames": [
    "identifier:singers 2"
  ],
  "bufferInfos": [
    [
      "label",
      "identifier:singers"
    ]
  ],
  "tracks": [
    {
      "name": "posenet_normalized_selection",
      "mxCols": 8,
      "mxRows": 1,
      "hasVarRows": false,
      "hasTimeTags": true,
      "nonNumType": "none",
      "maxSize": 5000,
      "buffers": [
        {
          "maxSize": 5000,
          "size": 24,
          "sampleRate": 1000.0,
          "sampleOffset": 1990.58079999871551990509,
          "mxRows": 1,
          "mxCols": 8,
          "mxData": [
            -0.75263100862503051758,
            0.67949771881103515625,
            0.61365199089050292969,
            0.68556791543960571289,
            -0.73570019006729125977,
            1.04582512378692626953,
            0.57199686765670776367,
            1.01957440376281738281,
            -0.77336865663528442383,
            0.67737549543380737305,
            0.59879678487777709961,
            0.67706513404846191406,
            -0.74575406312942504883,
            1.04233884811401367188,
            0.55415803194046020508,
            1.02229928970336914063,
            -0.78748673200607299805,
            0.67517352104187011719,
            0.58099782466888427734,
            0.69975322484970092773,
            -0.76742398738861083984,
            1.04242432117462158203,
            0.54089510440826416016,
            1.0428943634033203125,
            -0.74925434589385986328,
            0.68119192123413085938,
            0.62595283985137939453,
            0.68717312812805175781,
            -0.73307770490646362305,
            1.04791104793548583984,
            0.58096039295196533203,
            1.02510190010070800781,
            -0.76666599512100219727,
            0.67606115341186523438,
            0.59055668115615844727,
            0.6964352726936340332,
            -0.7446339726448059082,
            1.04177033901214599609,
            0.55367004871368408203,
            1.04414868354797363281,
            -0.77220016717910766602,
            0.67390459775924682617,
            0.63976550102233886719,
            0.68277329206466674805,
            -0.75469183921813964844,
            1.04144644737243652344,
            0.63171619176864624023,
            1.0137653350830078125,
            -0.78647381067276000977,
            0.66311341524124145508,
            0.61321163177490234375,
            0.65770399570465087891,
            -0.76034015417098999023,
            1.0183811187744140625,
            0.52211773395538330078,
            0.94271719455718994141,
            -0.84330266714096069336,
            0.67796355485916137695,
            0.59382289648056030273,
            0.64975160360336303711,
            -0.81522327661514282227,
            1.03717899322509765625,
            0.55801934003829956055,
            0.66108262538909912109,
            -0.9239413142204284668,
            0.68275976181030273438,
            0.55826324224472045898,
            0.69264924526214599609,
            -0.90104854106903076172,
            1.05577719211578369141,
            0.21137318015098571777,
            0.45476797223091125488,
            -0.98826277256011962891,
            0.70505040884017944336,
            0.46818393468856811523,
            0.68048006296157836914,
            -0.9660275578498840332,
            1.07969903945922851563,
            0.06686214357614517212,
            0.32501086592674255371,
            -0.95396530628204345703,
            0.71051919460296630859,
            0.39310926198959350586,
            0.67316031455993652344,
            -0.95632266998291015625,
            1.08416903018951416016,
            0.03929312527179718018,
            0.31394398212432861328,
            -0.95142608880996704102,
            0.70043790340423583984,
            0.40197959542274475098,
            0.67754369974136352539,
            -0.94774991273880004883,
            1.07202994823455810547,
            0.05832453817129135132,
            0.33307716250419616699,
            -0.92040973901748657227,
            0.70016372203826904297,
            0.41878718137741088867,
            0.69454431533813476563,
            -0.92118310928344726563,
            1.07832944393157958984,
            0.12033738940954208374,
            0.45582118630409240723,
            -0.93452447652816772461,
            0.69593828916549682617,
            0.38601785898208618164,
            0.68823778629302978516,
            -0.93639981746673583984,
            1.06306612491607666016,
            0.26385551691055297852,
            0.56904995441436767578,
            -0.94345700740814208984,
            0.7083098292350769043,
            0.374675750732421875,
            0.70052200555801391602,
            -0.92180049419403076172,
            1.08662188053131103516,
            0.3791027367115020752,
            0.56594836711883544922,
            -0.94694179296493530273,
            0.7095387578010559082,
            0.40435364842414855957,
            0.69510197639465332031,
            -0.93839061260223388672,
            1.08205163478851318359,
            0.41070696711540222168,
            0.56951296329498291016,
            -0.95278877019882202148,
            0.69433450698852539063,
            0.42606958746910095215,
            0.68114173412322998047,
            -0.94846004247665405273,
            1.06264674663543701172,
            0.42126181721687316895,
            0.556858062744140625,
            -0.93623840808868408203,
            0.69438052177429199219,
            0.43376949429512023926,
            0.67938226461410522461,
            -0.92234510183334350586,
            1.06098949909210205078,
            0.42618837952613830566,
            0.55992275476455688477,
            -0.93295818567276000977,
            0.69468206167221069336,
            0.43469414114952087402,
            0.68388313055038452148,
            -0.90421664714813232422,
            1.05821704864501953125,
            0.43299317359924316406,
            0.57558894157409667969,
            -0.91944140195846557617,
            0.70538747310638427734,
            0.46878165006637573242,
            0.68984639644622802734,
            -0.89828914403915405273,
            1.07303094863891601563,
            0.46939828991889953613,
            0.57781118154525756836,
            -0.92434275150299072266,
            0.70389592647552490234,
            0.43875461816787719727,
            0.69715666770935058594,
            -0.91231465339660644531,
            1.07389783859252929688,
            0.44205635786056518555,
            0.58294314146041870117,
            -0.90151137113571166992,
            0.70075821876525878906,
            0.48411643505096435547,
            0.69326364994049072266,
            -0.89182502031326293945,
            1.06835019588470458984,
            0.47725957632064819336,
            0.57811456918716430664,
            -0.8941885828971862793,
            0.69868081808090209961,
            0.47711852192878723145,
            0.69036430120468139648,
            -0.89479690790176391602,
            1.06006169319152832031,
            0.47107386589050292969,
            0.59237116575241088867,
            -0.87041413784027099609,
            0.70188128948211669922,
            0.48247823119163513184,
            0.69517117738723754883,
            -0.8620821833610534668,
            1.0746307373046875,
            0.48147431015968322754,
            0.58496749401092529297
          ],