{
  "format": "mubujson1",
  "numBuffers": 1,
  "numTracks": 1,
  "bufferNames": [
    "identifier:numerics 4"
  ],
  "bufferInfos": [
    [
      "label",
      "identifier:numerics"
    ]
  ],
  "tracks": [
    {
      "name": "posenet_normalized_selection",
      "mxCols": 8,
      "mxRows": 1,
      "hasVarRows": false,
      "hasTimeTags": true,
      "nonNumType": "none",
      "maxSize": 5000,
      "buffers": [
        {
          "maxSize": 5000,
          "size": 24,
          "sampleRate": 1000.0,
          "sampleOffset": 1990.58079999871551990509,
          "mxRows": 1,
          "mxCols": 8,
          "mxData": [
            -0.81304341554641723633,
            0.67907130718231201172,
            0.58445811271667480469,
            0.66304630041122436523,
            -0.77378350496292114258,
            1.03085386753082275391,
            0.53983396291732788086,
            1.00202977657318115234,
            -0.8050416111946105957,
            0.68154913187026977539,
            0.57968693971633911133,
            0.66744530200958251953,
            -0.77065348625183105469,
            1.03559112548828125,
            0.53143489360809326172,
            1.0090885162353515625,
            -0.79967641830444335938,
            0.68759208917617797852,
            0.60169947147369384766,
            0.6701590418815612793,
            -0.76331055164337158203,
            1.04903376102447509766,
            0.54364067316055297852,
            1.00906908512115478516,
            -0.78344178199768066406,
            0.6820812225341796875,
            0.60632812976837158203,
            0.6657733917236328125,
            -0.75446105003356933594,
            1.03987920284271240234,
            0.55446547269821166992,
            0.99763822555541992188,
            -0.78117579221725463867,
            0.67790889739990234375,
            0.60283571481704711914,
            0.66966962814331054688,
            -0.74253612756729125977,
            1.03561389446258544922,
            0.55691087245941162109,
            1.00414991378784179688,
            -0.809123992919921875,
            0.67131733894348144531,
            0.56918597221374511719,
            0.65973484516143798828,
            -0.77514016628265380859,
            1.02653050422668457031,
            0.51921170949935913086,
            0.99001163244247436523,
            -0.80987602472305297852,
            0.67417615652084350586,
            0.59365093708038330078,
            0.66560089588165283203,
            -0.77518063783645629883,
            1.03467381000518798828,
            0.54749876260757446289,
            1.00157415866851806641,
            -0.81905114650726318359,
            0.6677119135856628418,
            0.68868017196655273438,
            0.66364800930023193359,
            -0.79173517227172851563,
            1.02369749546051025391,
            0.68971383571624755859,
            0.98431342840194702148,
            -0.84105008840560913086,
            0.6746158599853515625,
            0.72484880685806274414,
            0.65411734580993652344,
            -0.87320691347122192383,
            1.036998748779296875,
            0.7797062993049621582,
            0.97692769765853881836,
            -0.85899507999420166016,
            0.64675539731979370117,
            0.8105576634407043457,
            0.61071288585662841797,
            -0.89695429801940917969,
            0.98765724897384643555,
            0.82638543844223022461,
            0.91855651140213012695,
            -0.91745042800903320313,
            0.58557426929473876953,
            0.92845666408538818359,
            0.56871062517166137695,
            -0.991405487060546875,
            0.73463732004165649414,
            0.81308752298355102539,
            0.76583105325698852539,
            -0.85428375005722045898,
            0.62195146083831787109,
            1.03120768070220947266,
            0.50804060697555541992,
            -0.88462990522384643555,
            0.63727200031280517578,
            0.7222728729248046875,
            0.60241186618804931641,
            -0.78835016489028930664,
            0.63207113742828369141,
            0.96341902017593383789,
            0.45067688822746276855,
            -0.76096856594085693359,
            0.41293570399284362793,
            0.45637825131416320801,
            0.35001739859580993652,
            -0.85336518287658691406,
            0.58083230257034301758,
            0.91841298341751098633,
            0.39801836013793945313,
            -0.71499812602996826172,
            0.29907602071762084961,
            0.39477685093879699707,
            0.2819010317325592041,
            -0.76918882131576538086,
            0.57963484525680541992,
            0.81584894657135009766,
            0.3595841526985168457,
            -0.53391540050506591797,
            0.25583183765411376953,
            0.19483669102191925049,
            0.18097856640815734863,
            -0.83523350954055786133,
            0.59265303611755371094,
            0.87015509605407714844,
            0.36562171578407287598,
            -0.51380312442779541016,
            0.25745108723640441895,
            0.30220335721969604492,
            0.14915968477725982666,
            -0.88667500019073486328,
            0.59808546304702758789,
            0.93819153308868408203,
            0.36666813492774963379,
            -0.53671675920486450195,
            0.26492112874984741211,
            0.34303560853004455566,
            0.14881919324398040771,
            -0.88006269931793212891,
            0.60853618383407592773,
            0.89601576328277587891,
            0.37203773856163024902,
            -0.53455328941345214844,
            0.26696297526359558105,
            0.31763741374015808105,
            0.13702577352523803711,
            -0.88880872726440429688,
            0.59186708927154541016,
            0.90354645252227783203,
            0.35950997471809387207,
            -0.52326434850692749023,
            0.2638759315013885498,
            0.31647726893424987793,
            0.13748735189437866211,
            -0.86117351055145263672,
            0.58964610099792480469,
            0.95589858293533325195,
            0.35262724757194519043,
            -0.49778351187705993652,
            0.25916787981986999512,
            0.35771650075912475586,
            0.1393547356128692627,
            -0.86537575721740722656,
            0.59221440553665161133,
            0.93640208244323730469,
            0.36769098043441772461,
            -0.48495832085609436035,
            0.2733573615550994873,
            0.35736694931983947754,
            0.16329319775104522705,
            -0.87302762269973754883,
            0.60057687759399414063,
            0.93649691343307495117,
            0.36811909079551696777,
            -0.4895896613597869873,
            0.2960230410099029541,
            0.35974931716918945313,
            0.16224530339241027832,
            -0.87795871496200561523,
            0.59944754838943481445,
            0.95582813024520874023,
            0.36464440822601318359,
            -0.50601333379745483398,
            0.2747631371021270752,
            0.34110367298126220703,
            0.15395976603031158447,
            -0.86944586038589477539,
            0.58433520793914794922,
            0.93061566352844238281,
            0.35243850946426391602,
            -0.52348995208740234375,
            0.26409587264060974121,
            0.32533612847328186035,
            0.15513606369495391846
          ],