{
  "format": "mubujson1",
  "numBuffers": 1,
  "numTracks": 1,
  "bufferNames": [
    "identifer:birds 1"
  ],
  "bufferInfos": [
    [
      "label",
      "identifer:birds"
    ]
  ],
  "tracks": [
    {
      "name": "posenet_normalized_selection",
      "mxCols": 8,
      "mxRows": 1,
      "hasVarRows": false,
      "hasTimeTags": true,
      "nonNumType": "none",
      "maxSize": 5000,
      "buffers": [
        {
          "maxSize": 5000,
          "size": 19,
          "sampleRate": 1000.0,
          "sampleOffset": 0.0,
          "mxRows": 1,
          "mxCols": 8,
          "mxData": [
            -0.75178182125091552734,
            0.67841833829879760742,
            0.65106171369552612305,
            0.67257636785507202148,
            -0.72826868295669555664,
            1.02950167655944824219,
            0.62863361835479736328,
            1.05215001106262207031,
            -0.75140976905822753906,
            0.67815381288528442383,
            0.67283648252487182617,
            0.66853892803192138672,
            -0.72663426399230957031,
            1.02941644191741943359,
            0.68360537290573120117,
            1.06143820285797119141,
            -0.76067101955413818359,
            0.66589158773422241211,
            0.7145379185676574707,
            0.66589605808258056641,
            -0.73272353410720825195,
            1.01633226871490478516,
            0.70065444707870483398,
            1.06626689434051513672,
            -0.86010956764221191406,
            0.64459288120269775391,
            0.83869564533233642578,
            0.62667864561080932617,
            -0.85624480247497558594,
            1.01299703121185302734,
            0.90243053436279296875,
            0.98056381940841674805,
            -1.08567142486572265625,
            0.51568961143493652344,
            1.10269045829772949219,
            0.51090079545974731445,
            -1.22141039371490478516,
            0.87343132495880126953,
            1.28198730945587158203,
            0.83798670768737792969,
            -1.17994892597198486328,
            0.37195098400115966797,
            1.24481320381164550781,
            0.3633454740047454834,
            -1.50148451328277587891,
            0.58129632472991943359,
            1.55966222286224365234,
            0.56346517801284790039,
            -1.24567461013793945313,
            0.19811694324016571045,
            1.29246973991394042969,
            0.24929517507553100586,
            -1.91814100742340087891,
            0.23265415430068969727,
            1.90295183658599853516,
            0.19895727932453155518,
            -1.06765830516815185547,
            0.23808459937572479248,
            1.20978724956512451172,
            0.25765311717987060547,
            -1.79199719429016113281,
            0.11301808059215545654,
            1.77141463756561279297,
            0.08530761301517486572,
            -1.24055933952331542969,
            0.29663619399070739746,
            1.19193494319915771484,
            0.33579531311988830566,
            -1.84886074066162109375,
            0.14998315274715423584,
            1.83520030975341796875,
            0.16436265408992767334,
            -1.32139813899993896484,
            0.38556835055351257324,
            1.08508765697479248047,
            0.43547952175140380859,
            -1.89679539203643798828,
            0.23067165911197662354,
            1.88637113571166992188,
            0.3143113255500793457,
            -1.04622662067413330078,
            0.51582640409469604492,
            1.01367890834808349609,
            0.5329850316047668457,
            -1.79027915000915527344,
            0.58985155820846557617,
            1.87124407291412353516,
            0.66872715950012207031,
            -0.99642992019653320313,
            0.61691123247146606445,
            0.91630524396896362305,
            0.60482561588287353516,
            -1.40688717365264892578,
            0.92720079421997070313,
            1.3966217041015625,
            0.91132223606109619141,
            -0.99544864892959594727,
            0.59234642982482910156,
            0.90249294042587280273,
            0.588764190673828125,
            -1.38386785984039306641,
            0.88741230964660644531,
            1.35503077507019042969,
            0.89332026243209838867,
            -1.03287255764007568359,
            0.41117909550666809082,
            1.12248384952545166016,
            0.45110124349594116211,
            -1.65538728237152099609,
            0.62994009256362915039,
            1.63867211341857910156,
            0.64456009864807128906,
            -1.20308518409729003906,
            0.2811139523983001709,
            1.13893687725067138672,
            0.27812185883522033691,
            -1.85091328620910644531,
            0.33031201362609863281,
            1.74459564685821533203,
            0.29860061407089233398,
            -1.20313346385955810547,
            0.19450570642948150635,
            1.21787238121032714844,
            0.23790128529071807861,
            -1.81742799282073974609,
            0.17012538015842437744,
            1.76601040363311767578,
            0.17931917309761047363,
            -1.12129914760589599609,
            0.24494668841361999512,
            1.26402008533477783203,
            0.24665772914886474609,
            -1.82807946205139160156,
            0.12082742154598236084,
            1.82545304298400878906,
            0.09852544218301773071,
            -1.26456713676452636719,
            0.33450809121131896973,
            1.16141533851623535156,
            0.3240515291690826416,
            -1.76504755020141601563,
            0.20566798746585845947,
            1.88191854953765869141,
            0.20735217630863189697,
            -1.13136112689971923828,
            0.54132354259490966797,
            1.02949655055999755859,
            0.51452857255935668945,
            -1.89678227901458740234,
            0.53001219034194946289,
            1.88747942447662353516,
            0.58880674839019775391
          ],
          "timeTags": [
            92.34010000014677643776,
            197.31650000018998980522,
            294.14380000019446015358,
            391.6947000003419816494,
            500.79210000019520521164,
            604.71659999992698431015,
            698.40529999975115060806,
            798.23600000003352761269,
            901.21910000033676624298,
            996.52419999986886978149,
            1096.0765999997965991497,
            1210.07759999996051192284,
            1314.45190000021830201149,
            1415.10570000018924474716,
            1513.34899999992921948433,
            1612.81009999988600611687,
            1715.42969999974593520164,
            1828.47820000024512410164,
            1924.30219999980181455612
          ],
          "info": [
            "gui",
            "autobounds minmax, shape envelopebpf, interface multibpf, opacity 1, colormode rainbow, hidenotforemost 1"
          ]
        }
      ]
    }
  ]
}