{
  "format": "mubujson1",
  "numBuffers": 1,
  "numTracks": 1,
  "bufferNames": [
    "identifier:singers 4"
  ],
  "bufferInfos": [
    [
      "label",
      "identifier:singers"
    ]
  ],
  "tracks": [
    {
      "name": "posenet_normalized_selection",
      "mxCols": 8,
      "mxRows": 1,
      "hasVarRows": false,
      "hasTimeTags": true,
      "nonNumType": "none",
      "maxSize": 5000,
      "buffers": [
        {
          "maxSize": 5000,
          "size": 23,
          "sampleRate": 1000.0,
          "sampleOffset": 1990.58079999871551990509,
          "mxRows": 1,
          "mxCols": 8,
          "mxData": [
            -0.74217522144317626953,
            0.65045958757400512695,
            0.57406067848205566406,
            0.6592515110969543457,
            -0.67346787452697753906,
            1.02336227893829345703,
            0.52186048030853271484,
            1.00109148025512695313,
            -0.75540673732757568359,
            0.65603858232498168945,
            0.56136655807495117188,
            0.65921950340270996094,
            -0.68662148714065551758,
            1.02619731426239013672,
            0.51414734125137329102,
            0.99541395902633666992,
            -0.73883020877838134766,
            0.65547794103622436523,
            0.57079464197158813477,
            0.65495288372039794922,
            -0.6747462153434753418,
            1.0270252227783203125,
            0.53050208091735839844,
            0.99378335475921630859,
            -0.75740510225296020508,
            0.64921396970748901367,
            0.56204867362976074219,
            0.66181969642639160156,
            -0.69250822067260742188,
            1.02066552639007568359,
            0.50691354274749755859,
            0.99908846616744995117,
            -0.75385779142379760742,
            0.64671164751052856445,
            0.58541160821914672852,
            0.65831542015075683594,
            -0.69689232110977172852,
            1.02343130111694335938,
            0.49847280979156494141,
            0.9863637089729309082,
            -0.79501521587371826172,
            0.65078949928283691406,
            0.58390945196151733398,
            0.6640408635139465332,
            -0.74263632297515869141,
            1.02873539924621582031,
            0.46714901924133300781,
            0.96265256404876708984,
            -0.77580398321151733398,
            0.65674161911010742188,
            0.54600250720977783203,
            0.69613528251647949219,
            -0.71999925374984741211,
            1.02598047256469726563,
            0.26019147038459777832,
            0.73267352581024169922,
            -0.76662814617156982422,
            0.66025692224502563477,
            0.51586884260177612305,
            0.68264168500900268555,
            -0.74972003698348999023,
            1.03561425209045410156,
            0.10797661542892456055,
            0.38286763429641723633,
            -0.80917900800704956055,
            0.64643514156341552734,
            0.39407590031623840332,
            0.61740833520889282227,
            -0.8070380091667175293,
            1.00409829616546630859,
            0.04955052211880683899,
            0.26661646366119384766,
            -0.89783865213394165039,
            0.65593045949935913086,
            0.32192519307136535645,
            0.61155545711517333984,
            -0.93827342987060546875,
            1.01510882377624511719,
            -0.00757600599899888039,
            0.2605997920036315918,
            -0.97688943147659301758,
            0.65981894731521606445,
            0.3204899132251739502,
            0.6072356104850769043,
            -1.02630627155303955078,
            1.01671421527862548828,
            -0.04467834904789924622,
            0.2527878880500793457,
            -0.95845675468444824219,
            0.64938277006149291992,
            0.31532078981399536133,
            0.60663044452667236328,
            -1.01447284221649169922,
            1.01431357860565185547,
            -0.01988855749368667603,
            0.26417610049247741699,
            -0.87228280305862426758,
            0.64016205072402954102,
            0.32810503244400024414,
            0.61457216739654541016,
            -0.9316418766975402832,
            1.00200784206390380859,
            0.02614537440240383148,
            0.26760536432266235352,
            -0.88186502456665039063,
            0.63063162565231323242,
            0.3483855128288269043,
            0.63550829887390136719,
            -0.9452940821647644043,
            1.00461530685424804688,
            0.07081283628940582275,
            0.3212960660457611084,
            -0.84112793207168579102,
            0.66738122701644897461,
            0.3489055335521697998,
            0.63429915904998779297,
            -0.89253383874893188477,
            1.01990711688995361328,
            0.26755049824714660645,
            0.56655782461166381836,
            -0.81811583042144775391,
            0.65063261985778808594,
            0.3361212313175201416,
            0.61904430389404296875,
            -0.87305837869644165039,
            1.00223267078399658203,
            0.26793983578681945801,
            0.57474249601364135742,
            -0.7949733734130859375,
            0.65568196773529052734,
            0.36467024683952331543,
            0.62437063455581665039,
            -0.85912919044494628906,
            0.9998149871826171875,
            0.28383749723434448242,
            0.59468621015548706055,
            -0.80072098970413208008,
            0.65444844961166381836,
            0.34768137335777282715,
            0.61600738763809204102,
            -0.86635440587997436523,
            1.00468397140502929688,
            0.26685851812362670898,
            0.58023446798324584961,
            -0.80016756057739257813,
            0.65490561723709106445,
            0.36536541581153869629,
            0.61944991350173950195,
            -0.869716644287109375,
            1.00975584983825683594,
            0.28513100743293762207,
            0.59718972444534301758,
            -0.78689026832580566406,
            0.65358310937881469727,
            0.36703497171401977539,
            0.62261307239532470703,
            -0.84285914897918701172,
            1.00695967674255371094,
            0.28386637568473815918,
            0.57853579521179199219,
            -0.77454042434692382813,
            0.6532039642333984375,
            0.37435615062713623047,
            0.63223993778228759766,
            -0.82794493436813354492,
            1.00606989860534667969,
            0.29776072502136230469,
            0.58910357952117919922,
            -0.79203408956527709961,
            0.65173488855361938477,
            0.36667135357856750488,
            0.6178531646728515625,
            -0.84426003694534301758,
            1.00169634819030761719,
            0.29266011714935302734,
            0.58850830793380737305,
            -0.78950643539428710938,
            0.65492016077041625977,
            0.37184873223304748535,
            0.61332309246063232422,
            -0.84297263622283935547,
            1.00320720672607421875,
            0.2951494753360748291,
            0.59704476594924926758
          ],