{
  "format": "mubujson1",
  "numBuffers": 1,
  "numTracks": 1,
  "bufferNames": [
    "neutral:neutral 4"
  ],
  "bufferInfos": [
    [
      "label",
      "neutral:neutral"
    ]
  ],
  "tracks": [
    {
      "name": "posenet_normalized_selection",
      "mxCols": 8,
      "mxRows": 1,
      "hasVarRows": false,
      "hasTimeTags": true,
      "nonNumType": "none",
      "maxSize": 5000,
      "buffers": [
        {
          "maxSize": 5000,
          "size": 21,
          "sampleRate": 1000.0,
          "sampleOffset": 0.0,
          "mxRows": 1,
          "mxCols": 8,
          "mxData": [
            -0.79024332761764526367,
            0.66867417097091674805,
            0.56068778038024902344,
            0.71320056915283203125,
            -0.74251782894134521484,
            1.03993046283721923828,
            0.52450776100158691406,
            1.06349074840545654297,
            -0.79769027233123779297,
            0.66671156883239746094,
            0.55789327621459960938,
            0.71400243043899536133,
            -0.74392497539520263672,
            1.03623485565185546875,
            0.52596682310104370117,
            1.05903983116149902344,
            -0.79235666990280151367,
            0.68472260236740112305,
            0.56306588649749755859,
            0.72992533445358276367,
            -0.74943792819976806641,
            1.06398427486419677734,
            0.53063142299652099609,
            1.08136737346649169922,
            -0.80076795816421508789,
            0.69493091106414794922,
            0.57590281963348388672,
            0.71891570091247558594,
            -0.73708689212799072266,
            1.0608272552490234375,
            0.54546034336090087891,
            1.07191133499145507813,
            -0.78993844985961914063,
            0.67526513338088989258,
            0.59179466962814331055,
            0.71407675743103027344,
            -0.74776190519332885742,
            1.05132699012756347656,
            0.56700074672698974609,
            1.07450711727142333984,
            -0.79524618387222290039,
            0.65819287300109863281,
            0.59772801399230957031,
            0.69829821586608886719,
            -0.76011222600936889648,
            1.02376794815063476563,
            0.59595096111297607422,
            1.05366885662078857422,
            -0.7896474003791809082,
            0.67259997129440307617,
            0.61409354209899902344,
            0.7021935582160949707,
            -0.76676535606384277344,
            1.04505717754364013672,
            0.63486695289611816406,
            1.06594681739807128906,
            -0.82280761003494262695,
            0.67561286687850952148,
            0.65510094165802001953,
            0.6759808659553527832,
            -0.80700027942657470703,
            1.04154813289642333984,
            0.71249216794967651367,
            1.05276644229888916016,
            -0.82006543874740600586,
            0.67677348852157592773,
            0.66042613983154296875,
            0.6680743098258972168,
            -0.80876296758651733398,
            1.04089510440826416016,
            0.72330743074417114258,
            1.05208706855773925781,
            -0.79592078924179077148,
            0.68178838491439819336,
            0.66897052526473999023,
            0.67795133590698242188,
            -0.78222167491912841797,
            1.04641854763031005859,
            0.76008421182632446289,
            1.05166208744049072266,
            -0.80026823282241821289,
            0.67788088321685791016,
            0.65875148773193359375,
            0.67085832357406616211,
            -0.79051744937896728516,
            1.04659664630889892578,
            0.74631124734878540039,
            1.04164707660675048828,
            -0.81025075912475585938,
            0.67044556140899658203,
            0.65104442834854125977,
            0.67856675386428833008,
            -0.79141563177108764648,
            1.03610718250274658203,
            0.72721457481384277344,
            1.04387676715850830078,
            -0.8023026585578918457,
            0.67450356483459472656,
            0.62597805261611938477,
            0.69777989387512207031,
            -0.77039456367492675781,
            1.04434311389923095703,
            0.70049595832824707031,
            1.06619286537170410156,
            -0.80262845754623413086,
            0.68274927139282226563,
            0.61174178123474121094,
            0.70432841777801513672,
            -0.75988852977752685547,
            1.05562913417816162109,
            0.67747557163238525391,
            1.07148396968841552734,
            -0.80120825767517089844,
            0.67078828811645507813,
            0.61322957277297973633,
            0.68840974569320678711,
            -0.74721056222915649414,
            1.04885661602020263672,
            0.64504426717758178711,
            1.05485117435455322266,
            -0.78323954343795776367,
            0.68447965383529663086,
            0.60897141695022583008,
            0.69784086942672729492,
            -0.71412116289138793945,
            1.06426155567169189453,
            0.62094259262084960938,
            1.06352543830871582031,
            -0.7774441838264465332,
            0.68867117166519165039,
            0.60758680105209350586,
            0.70167112350463867188,
            -0.7092120051383972168,
            1.06352221965789794922,
            0.61307811737060546875,
            1.06663668155670166016,
            -0.78016096353530883789,
            0.69369751214981079102,
            0.61921250820159912109,
            0.71739405393600463867,
            -0.71210891008377075195,
            1.06529295444488525391,
            0.61070960760116577148,
            1.08160758018493652344,
            -0.75545865297317504883,
            0.68642902374267578125,
            0.60286813974380493164,
            0.71748393774032592773,
            -0.68364834785461425781,
            1.06071913242340087891,
            0.57994657754898071289,
            1.07739233970642089844,
            -0.75726723670959472656,
            0.69260483980178833008,
            0.6166985630989074707,
            0.71123790740966796875,
            -0.69278055429458618164,
            1.06059801578521728516,
            0.6015351414680480957,
            1.07478892803192138672,
            -0.74841386079788208008,
            0.69831001758575439453,
            0.5953051447868347168,
            0.7200438380241394043,
            -0.67734700441360473633,
            1.07019329071044921875,
            0.58470356464385986328,
            1.08555150032043457031
          ],
          "timeTags": [
            43.92930000089108943939,
            138.94780000112950801849,
            230.97230000235140323639,
            327.87820000015199184418,
            424.18370000086724758148,
            511.9461000002920627594,
            611.56790000014007091522,
            702.77270000055432319641,
            802.45160000026226043701,
            893.63719999976456165314,
            983.55650000274181365967,
            1076.6521000005304813385,
            1169.50689999945461750031,
            1258.60320000164210796356,
            1353.2116000000387430191,
            1446.12030000053346157074,
            1537.32380000129342079163,
            1638.61850000172853469849,
            1738.35480000078678131104,
            1825.61969999969005584717,
            1921.99499999918043613434
          ],
          "info": [
            "FileName",
            "2020-06-30_15-13-39_8376d3d0-bad3-11ea-9f5b-8df294b31e94.mubu",
            "gui",
            "autobounds minmax, shape envelopebpf, interface multibpf, opacity 1, colormode rainbow, hidenotforemost 1"
          ]
        }
      ]
    }
  ]
}