{
  "format": "mubujson1",
  "numBuffers": 1,
  "numTracks": 1,
  "bufferNames": [
    "neutral:neutral 3"
  ],
  "bufferInfos": [
    [
      "label",
      "neutral:neutral"
    ]
  ],
  "tracks": [
    {
      "name": "posenet_normalized_selection",
      "mxCols": 8,
      "mxRows": 1,
      "hasVarRows": false,
      "hasTimeTags": true,
      "nonNumType": "none",
      "maxSize": 5000,
      "buffers": [
        {
          "maxSize": 5000,
          "size": 23,
          "sampleRate": 1000.0,
          "sampleOffset": 0.0,
          "mxRows": 1,
          "mxCols": 8,
          "mxData": [
            -0.83384263515472412109,
            0.64440989494323730469,
            0.54740262031555175781,
            0.65986973047256469727,
            -0.79291105270385742188,
            0.99959695339202880859,
            0.5975920557975769043,
            0.99745965003967285156,
            -0.82819318771362304688,
            0.64330285787582397461,
            0.56763988733291625977,
            0.65540242195129394531,
            -0.78746598958969116211,
            0.99631667137145996094,
            0.60313653945922851563,
            0.99181634187698364258,
            -0.77044761180877685547,
            0.65405213832855224609,
            0.60751920938491821289,
            0.65868604183197021484,
            -0.7423165440559387207,
            0.99717658758163452148,
            0.613475799560546875,
            1.00863063335418701172,
            -0.75877958536148071289,
            0.65096992254257202148,
            0.61748349666595458984,
            0.65561425685882568359,
            -0.73471510410308837891,
            0.99773484468460083008,
            0.6368948817253112793,
            0.99519258737564086914,
            -0.75699621438980102539,
            0.65115541219711303711,
            0.63263070583343505859,
            0.6525338292121887207,
            -0.73494589328765869141,
            0.99191892147064208984,
            0.65085875988006591797,
            0.99385583400726318359,
            -0.74179512262344360352,
            0.66039687395095825195,
            0.63020360469818115234,
            0.66393029689788818359,
            -0.71270084381103515625,
            1.00588321685791015625,
            0.66589635610580444336,
            1.00893199443817138672,
            -0.73849391937255859375,
            0.66526532173156738281,
            0.64633607864379882813,
            0.65599656105041503906,
            -0.70810168981552124023,
            1.00749599933624267578,
            0.68048429489135742188,
            1.00008606910705566406,
            -0.74309372901916503906,
            0.66872620582580566406,
            0.63868308067321777344,
            0.66256242990493774414,
            -0.72306674718856811523,
            1.00779080390930175781,
            0.66236215829849243164,
            1.00967097282409667969,
            -0.71860957145690917969,
            0.67577034235000610352,
            0.64329588413238525391,
            0.65758872032165527344,
            -0.71039974689483642578,
            1.01631402969360351563,
            0.68176120519638061523,
            1.00298798084259033203,
            -0.72277241945266723633,
            0.66268002986907958984,
            0.64763361215591430664,
            0.65433257818222045898,
            -0.7231343388557434082,
            1.00621044635772705078,
            0.72957605123519897461,
            0.98816192150115966797,
            -0.70981109142303466797,
            0.66785413026809692383,
            0.66043841838836669922,
            0.66216570138931274414,
            -0.71559154987335205078,
            1.01288855075836181641,
            0.76338982582092285156,
            1.004474639892578125,
            -0.70793360471725463867,
            0.66741663217544555664,
            0.68004906177520751953,
            0.6601937413215637207,
            -0.72686284780502319336,
            1.00825107097625732422,
            0.78791439533233642578,
            1.00250935554504394531,
            -0.69782125949859619141,
            0.66016685962677001953,
            0.67356342077255249023,
            0.66179251670837402344,
            -0.7213351130485534668,
            1.00193262100219726563,
            0.79333323240280151367,
            1.00219869613647460938,
            -0.70866304636001586914,
            0.66626036167144775391,
            0.66899979114532470703,
            0.65834605693817138672,
            -0.72881197929382324219,
            1.00190937519073486328,
            0.76864820718765258789,
            0.99607664346694946289,
            -0.70628541707992553711,
            0.66519808769226074219,
            0.67066293954849243164,
            0.66371703147888183594,
            -0.70836973190307617188,
            1.00408864021301269531,
            0.74390637874603271484,
            1.0014705657958984375,
            -0.7313486933708190918,
            0.67353713512420654297,
            0.6264712214469909668,
            0.66705399751663208008,
            -0.71849149465560913086,
            1.01432776451110839844,
            0.68649923801422119141,
            1.01215696334838867188,
            -0.74064284563064575195,
            0.67131173610687255859,
            0.62493491172790527344,
            0.67100054025650024414,
            -0.72201633453369140625,
            1.01172745227813720703,
            0.66327834129333496094,
            1.01739144325256347656,
            -0.72844105958938598633,
            0.67579114437103271484,
            0.61888480186462402344,
            0.67559230327606201172,
            -0.71407532691955566406,
            1.01368594169616699219,
            0.66449582576751708984,
            1.02007496356964111328,
            -0.73562335968017578125,
            0.67412000894546508789,
            0.61801946163177490234,
            0.67404907941818237305,
            -0.7409458160400390625,
            1.01461827754974365234,
            0.68153911828994750977,
            1.01950907707214355469,
            -0.7268893122673034668,
            0.66855335235595703125,
            0.6362336277961730957,
            0.67004036903381347656,
            -0.7262369990348815918,
            1.00945699214935302734,
            0.68546432256698608398,
            1.01843178272247314453,
            -0.7583987116813659668,
            0.6605675816535949707,
            0.62513953447341918945,
            0.66691035032272338867,
            -0.75205862522125244141,
            1.00406539440155029297,
            0.70083701610565185547,
            1.00780558586120605469,
            -0.75395596027374267578,
            0.65750092267990112305,
            0.63027757406234741211,
            0.66182613372802734375,
            -0.74804985523223876953,
            0.9986565709114074707,
            0.72747427225112915039,
            1.003276824951171875,
            -0.74236732721328735352,
            0.65908855199813842773,
            0.64391368627548217773,
            0.66190737485885620117,
            -0.73515200614929199219,
            0.99657708406448364258,
            0.74396151304244995117,
            0.99998426437377929688
          ],