{
  "format": "mubujson1",
  "numBuffers": 1,
  "numTracks": 1,
  "bufferNames": [
    "off:off 10"
  ],
  "bufferInfos": [
    [
      "label",
      "off:off"
    ]
  ],
  "tracks": [
    {
      "name": "posenet_normalized_selection",
      "mxCols": 8,
      "mxRows": 1,
      "hasVarRows": false,
      "hasTimeTags": true,
      "nonNumType": "none",
      "maxSize": 5000,
      "buffers": [
        {
          "maxSize": 5000,
          "size": 32,
          "sampleRate": 1000.0,
          "sampleOffset": 1974.22730000130832195282,
          "mxRows": 1,
          "mxCols": 8,
          "mxData": [
            -0.68451792001724243164,
            0.74420255422592163086,
            0.62864077091217041016,
            0.70609956979751586914,
            -0.60109692811965942383,
            1.10431909561157226563,
            0.61493599414825439453,
            1.07092750072479248047,
            -0.66980856657028198242,
            0.7513129115104675293,
            0.63501781225204467773,
            0.70682203769683837891,
            -0.58247476816177368164,
            1.11803865432739257813,
            0.62051761150360107422,
            1.08013653755187988281,
            -0.65181392431259155273,
            0.75860846042633056641,
            0.65397465229034423828,
            0.70705956220626831055,
            -0.54029941558837890625,
            1.13236021995544433594,
            0.65297269821166992188,
            1.06926941871643066406,
            -0.63136476278305053711,
            0.73469102382659912109,
            0.70714819431304931641,
            0.69821113348007202148,
            -0.50339233875274658203,
            1.11853146553039550781,
            0.78166729211807250977,
            1.06330275535583496094,
            -0.63681322336196899414,
            0.68765598535537719727,
            0.77317124605178833008,
            0.67795026302337646484,
            -0.37760207056999206543,
            1.05958890914916992188,
            0.91122841835021972656,
            1.00699198246002197266,
            -0.60149312019348144531,
            0.68769216537475585938,
            0.78991365432739257813,
            0.56619167327880859375,
            -0.35784682631492614746,
            0.93901813030242919922,
            0.89060109853744506836,
            0.88710373640060424805,
            -0.62123656272888183594,
            0.64974886178970336914,
            0.74167180061340332031,
            0.48682042956352233887,
            -0.53644770383834838867,
            0.85310471057891845703,
            0.78740799427032470703,
            0.78245347738265991211,
            -0.44427260756492614746,
            0.68039536476135253906,
            0.56707990169525146484,
            0.27231973409652709961,
            -0.82107830047607421875,
            0.70020192861557006836,
            0.0990688130259513855,
            0.36355948448181152344,
            -0.46271499991416931152,
            0.74662423133850097656,
            -0.10564631223678588867,
            0.21993103623390197754,
            -1.26987206935882568359,
            0.7533289790153503418,
            -1.17580413818359375,
            0.29661068320274353027,
            -0.37937504053115844727,
            0.7795746922492980957,
            -0.19402557611465454102,
            0.1390809863805770874,
            -1.58811473846435546875,
            0.61834067106246948242,
            -1.71991646289825439453,
            0.13026063144207000732,
            -0.32010364532470703125,
            0.81620436906814575195,
            -0.08869044482707977295,
            0.15999864041805267334,
            -1.12352454662322998047,
            0.66342705488204956055,
            -1.51899385452270507813,
            0.15351732075214385986,
            -0.27716469764709472656,
            0.8465455174446105957,
            0.09157402068376541138,
            0.17506279051303863525,
            -1.14096879959106445313,
            0.71252804994583129883,
            -0.96357774734497070313,
            0.10926716774702072144,
            -0.29259139299392700195,
            0.81691265106201171875,
            0.67101639509201049805,
            0.1799723207950592041,
            -1.1921825408935546875,
            0.6729825139045715332,
            -0.56636369228363037109,
            0.18048276007175445557,
            -0.3655510246753692627,
            0.83563292026519775391,
            0.3469944298267364502,
            0.1681184619665145874,
            -1.14115452766418457031,
            0.68646419048309326172,
            -0.4090264439582824707,
            0.1978276669979095459,
            -0.19517065584659576416,
            0.83806771039962768555,
            0.68912321329116821289,
            0.13479325175285339355,
            -0.78401839733123779297,
            0.57641178369522094727,
            -0.14784505963325500488,
            0.09505673497915267944,
            -0.10927180200815200806,
            0.75577563047409057617,
            1.0204143524169921875,
            0.14907225966453552246,
            -0.21069929003715515137,
            0.51367205381393432617,
            0.24441935122013092041,
            0.08825148642063140869,
            0.9444459080696105957,
            0.68581527471542358398,
            1.68231606483459472656,
            0.19086571037769317627,
            3.39290761947631835938,
            0.6339537501335144043,
            3.14297556877136230469,
            0.08663875609636306763,
            0.86827242374420166016,
            0.56112718582153320313,
            1.66555535793304443359,
            0.13299489021301269531,
            2.97873210906982421875,
            0.60646396875381469727,
            3.27280879020690917969,
            0.09020525962114334106,
            0.98902612924575805664,
            0.47279870510101318359,
            1.4265117645263671875,
            0.12654155492782592773,
            2.6177997589111328125,
            0.53277564048767089844,
            2.91223955154418945313,
            0.09922261536121368408,
            0.98832041025161743164,
            0.43503612279891967773,
            1.33337688446044921875,
            0.151254311203956604,
            2.45607233047485351563,
            0.47636339068412780762,
            2.76744842529296875,
            0.09602688997983932495,
            1.24004435539245605469,
            0.43684446811676025391,
            1.37012958526611328125,
            0.19219852983951568604,
            3.16916656494140625,
            0.4665552973747253418,
            3.27254247665405273438,
            0.11495067179203033447,
            1.61466395854949951172,
            0.43613100051879882813,
            1.64360189437866210938,
            0.17857782542705535889,
            4.54441070556640625,
            0.48051536083221435547,
            4.53346586227416992188,
            0.1159121096134185791,
            2.77767682075500488281,
            0.44737988710403442383,
            3.12342000007629394531,
            0.21100518107414245605,
            9.3679351806640625,
            0.49087065458297729492,
            9.07363033294677734375,
            0.14125129580497741699,
            1.68844127655029296875,
            0.44190055131912231445,
            1.80930364131927490234,
            0.19785588979721069336,
            5.90418243408203125,
            0.48876273632049560547,
            5.67808818817138671875,
            0.12850731611251831055,
            1.95223510265350341797,
            0.44801503419876098633,
            2.15857028961181640625,
            0.209368094801902771,
            6.50578260421752929688,
            0.48902580142021179199,
            6.33661222457885742188,
            0.13443779945373535156,
            1.32653844356536865234,
            0.43689277768135070801,
            1.55021345615386962891,
            0.20246279239654541016,
            4.58774852752685546875,
