{
  "format": "mubujson1",
  "numBuffers": 1,
  "numTracks": 1,
  "bufferNames": [
    "off:off 4"
  ],
  "bufferInfos": [
    [
      "label",
      "off:off"
    ]
  ],
  "tracks": [
    {
      "name": "posenet_normalized_selection",
      "mxCols": 8,
      "mxRows": 1,
      "hasVarRows": false,
      "hasTimeTags": true,
      "nonNumType": "none",
      "maxSize": 5000,
      "buffers": [
        {
          "maxSize": 5000,
          "size": 21,
          "sampleRate": 1000.0,
          "sampleOffset": 2012.40619999542832374573,
          "mxRows": 1,
          "mxCols": 8,
          "mxData": [
            -0.96838128566741943359,
            0.67200076580047607422,
            0.24130885303020477295,
            0.21024408936500549316,
            -1.79788434505462646484,
            0.62290751934051513672,
            -1.16630339622497558594,
            0.2058032602071762085,
            -0.94369852542877197266,
            0.67041218280792236328,
            -0.08847234398126602173,
            0.21128328144550323486,
            -1.76234221458435058594,
            0.5905882716178894043,
            -1.25641214847564697266,
            0.22070030868053436279,
            -0.97106981277465820313,
            0.66815358400344848633,
            -0.05814114585518836975,
            0.21302478015422821045,
            -1.82831537723541259766,
            0.61901092529296875,
            -1.15637826919555664063,
            0.19592233002185821533,
            -0.95883047580718994141,
            0.66297197341918945313,
            -0.00608040066435933113,
            0.19945691525936126709,
            -1.83570003509521484375,
            0.60857892036437988281,
            -1.18810415267944335938,
            0.19659942388534545898,
            -0.99592244625091552734,
            0.66382718086242675781,
            0.00623547378927469254,
            0.20988795161247253418,
            -1.85955405235290527344,
            0.61337888240814208984,
            -1.19425082206726074219,
            0.22401264309883117676,
            -0.97020089626312255859,
            0.6710122227668762207,
            0.02964775823056697845,
            0.2034107595682144165,
            -1.84629034996032714844,
            0.61500793695449829102,
            -1.24873280525207519531,
            0.2176672816276550293,
            -1.01231026649475097656,
            0.66375911235809326172,
            0.02025591768324375153,
            0.20688550174236297607,
            -1.88176405429840087891,
            0.60913318395614624023,
            -1.16599321365356445313,
            0.21340675652027130127,
            -0.94422221183776855469,
            0.66330611705780029297,
            0.2968889772891998291,
            0.27152726054191589355,
            -1.86983942985534667969,
            0.63132506608963012695,
            -1.227756500244140625,
            0.20747654139995574951,
            -0.8958377838134765625,
            0.69847583770751953125,
            0.35643306374549865723,
            0.20368726551532745361,
            -1.76162934303283691406,
            0.80198574066162109375,
            -1.37015712261199951172,
            0.30658861994743347168,
            -0.41451463103294372559,
            0.65695160627365112305,
            0.30330884456634521484,
            0.18510706722736358643,
            -0.60900008678436279297,
            0.78855711221694946289,
            -0.56155097484588623047,
            0.18469178676605224609,
            -0.17468976974487304688,
            0.66168051958084106445,
            1.04140043258666992188,
            0.16851352155208587646,
            0.49276202917098999023,
            0.76333373785018920898,
            0.62373310327529907227,
            0.19648385047912597656,
            0.35484656691551208496,
            0.65630239248275756836,
            1.16547954082489013672,
            0.18590085208415985107,
            2.05094861984252929688,
            0.74677610397338867188,
            1.74347698688507080078,
            0.16443324089050292969,
            1.48605191707611083984,
            0.55146968364715576172,
            2.26477813720703125,
            0.19579651951789855957,
            4.13340997695922851563,
            0.6041443943977355957,
            3.88592886924743652344,
            0.16966083645820617676,
            1.54676544666290283203,
            0.46152901649475097656,
            1.79559946060180664063,
            0.15777347981929779053,
            3.76829600334167480469,
            0.52900481224060058594,
            4.03686857223510742188,
            0.14053609967231750488,
            2.39527773857116699219,
            0.47243821620941162109,
            2.92708826065063476563,
            0.20293505489826202393,
            7.07781171798706054688,
            0.53913795948028564453,
            6.548736572265625,
            0.20745281875133514404,
            1.95983099937438964844,
            0.46870100498199462891,
            2.97034287452697753906,
            0.26852273941040039063,
            6.309925079345703125,
            0.53414976596832275391,
            5.83285427093505859375,
            0.18353980779647827148,
            1.17738127708435058594,
            0.48112437129020690918,
            1.80880033969879150391,
            0.29746413230895996094,
            3.93723368644714355469,
            0.54722028970718383789,
            3.79561161994934082031,
            0.21798352897167205811,
            1.03943490982055664063,
            0.4836470484733581543,
            2.10827279090881347656,
            0.21613904833793640137,
            3.91913104057312011719,
            0.52830803394317626953,
            4.05869913101196289063,
            0.20529572665691375732,
            0.99306941032409667969,
            0.49349370598793029785,
            1.89795041084289550781,
            0.22796212136745452881,
            3.60221099853515625,
            0.55849778652191162109,
            3.49235606193542480469,
            0.18350483477115631104,
            1.01389622688293457031,
            0.4999230504035949707,
            1.31165552139282226563,
            0.28611737489700317383,
            3.2397632598876953125,
            0.58004844188690185547,
            3.04105520248413085938,
            0.21281985938549041748,
            0.76872217655181884766,
            0.48884442448616027832,
            1.45207524299621582031,
            0.23940487205982208252,
            3.00762939453125,
            0.5571435093879699707,
            2.86304235458374023438,
            0.21601893007755279541
          ],
          "timeTags": [
            51.48809999972581863403,
            137.79549999907612800598,
            235.3647999987006187439,
            338.89429999887943267822,
            433.92919999733567237854,
            535.75010000169277191162,
            630.63760000094771385193,
            734.99599999561905860901,
            828.11409999430179595947,
            920.14499999955296516418,
            1016.07969999685883522034,
            1114.07770000025629997253,
            1216.56469999998807907104,
            1307.02759999781847000122,
            1402.91880000010132789612,
            1499.85539999976754188538,
            1593.65609999746084213257,
            1679.6431999988853931427,
            1779.23059999942779541016,
            1883.52170000225305557251,
            1987.8121999986469745636
          ],
          "info": [
            "FileName",
            "2020-06-30_15-13-39_8376d3d0-bad3-11ea-9f5b-8df294b31e94.mubu",
            "gui",
            "autobounds minmax, shape envelopebpf, interface multibpf, opacity 1, colormode rainbow, hidenotforemost 1"
          ]
        }
      ]
    }
  ]
}