{
  "format": "mubujson1",
  "numBuffers": 1,
  "numTracks": 1,
  "bufferNames": [
    "off:off 2"
  ],
  "bufferInfos": [
    [
      "label",
      "off:off"
    ]
  ],
  "tracks": [
    {
      "name": "posenet_normalized_selection",
      "mxCols": 8,
      "mxRows": 1,
      "hasVarRows": false,
      "hasTimeTags": true,
      "nonNumType": "none",
      "maxSize": 5000,
      "buffers": [
        {
          "maxSize": 5000,
          "size": 31,
          "sampleRate": 1000.0,
          "sampleOffset": 0.0,
          "mxRows": 1,
          "mxCols": 8,
          "mxData": [
            -0.76359277963638305664,
            0.68854171037673950195,
            0.57235264778137207031,
            0.66667824983596801758,
            -0.71255350112915039063,
            1.05414056777954101563,
            0.58255791664123535156,
            1.04632091522216796875,
            -0.75228232145309448242,
            0.68384522199630737305,
            0.58525818586349487305,
            0.65742707252502441406,
            -0.71275317668914794922,
            1.05635654926300048828,
            0.60476893186569213867,
            1.03713476657867431641,
            -0.74793577194213867188,
            0.69097864627838134766,
            0.57271057367324829102,
            0.66412347555160522461,
            -0.70147782564163208008,
            1.06099653244018554688,
            0.58943802118301391602,
            1.04523468017578125,
            -0.74641758203506469727,
            0.70726984739303588867,
            0.58272725343704223633,
            0.65949416160583496094,
            -0.67395871877670288086,
            1.05827808380126953125,
            0.60926347970962524414,
            1.06358242034912109375,
            -0.72592824697494506836,
            0.68156063556671142578,
            0.63454079627990722656,
            0.65942102670669555664,
            -0.61153417825698852539,
            1.03238928318023681641,
            0.7219536900520324707,
            1.03982985019683837891,
            -0.70495855808258056641,
            0.63561326265335083008,
            0.75524818897247314453,
            0.61151236295700073242,
            -0.57461732625961303711,
            0.97468972206115722656,
            0.87222212553024291992,
            0.97270190715789794922,
            -0.57295453548431396484,
            0.59058052301406860352,
            0.67461407184600830078,
            0.49370074272155761719,
            -0.7673187255859375,
            0.82967269420623779297,
            0.52574741840362548828,
            0.80871790647506713867,
            -0.63868933916091918945,
            0.66487973928451538086,
            0.47935053706169128418,
            0.46967214345932006836,
            -1.03404629230499267578,
            0.79524272680282592773,
            0.06950094550848007202,
            0.6422017216682434082,
            -0.56361991167068481445,
            0.70852625370025634766,
            -0.1636120229959487915,
            0.24746076762676239014,
            -1.313518524169921875,
            0.70537734031677246094,
            -1.02383768558502197266,
            0.31039422750473022461,
            -0.56667596101760864258,
            0.71830767393112182617,
            -0.37536507844924926758,
            0.14723426103591918945,
            -1.75189876556396484375,
            0.57833456993103027344,
            -1.82929062843322753906,
            0.1386757194995880127,
            -0.53834933042526245117,
            0.73632758855819702148,
            -0.34084334969520568848,
            0.14865531027317047119,
            -1.67298197746276855469,
            0.60829144716262817383,
            -1.84033942222595214844,
            0.0974052920937538147,
            -0.57746785879135131836,
            0.77474361658096313477,
            -0.18720757961273193359,
            0.13639107346534729004,
            -1.81079113483428955078,
            0.62252783775329589844,
            -1.79448163509368896484,
            0.06230133399367332458,
            -0.65081179141998291016,
            0.81119418144226074219,
            0.01947566866874694824,
            0.16417185962200164795,
            -1.55843019485473632813,
            0.67266196012496948242,
            -1.42873775959014892578,
            0.09758081287145614624,
            -0.68956989049911499023,
            0.80996280908584594727,
            0.30191963911056518555,
            0.16380034387111663818,
            -1.86034739017486572266,
            0.6724688410758972168,
            -1.34804677963256835938,
            0.16422104835510253906,
            -0.51224946975708007813,
            0.8208510279655456543,
            0.3187770545482635498,
            0.13477423787117004395,
            -1.62738585472106933594,
            0.70782911777496337891,
            -1.16514551639556884766,
            0.21462079882621765137,
            -0.3306802213191986084,
            0.82311224937438964844,
            0.29625883698463439941,
            0.12089390307664871216,
            -1.23670268058776855469,
            0.69652271270751953125,
            -0.90365624427795410156,
            0.17044393718242645264,
            -0.14586228132247924805,
            0.77143108844757080078,
            0.54609358310699462891,
            0.09643264859914779663,
            -0.9078839421272277832,
            0.67444151639938354492,
            -0.44426354765892028809,
            0.00545290857553482056,
            0.12036426365375518799,
            0.62896823883056640625,
            1.27208495140075683594,
            0.0774900093674659729,
            1.04267251491546630859,
            0.60163605213165283203,
            0.81113457679748535156,
            0.03254292905330657959,
            1.47227740287780761719,
            0.58238315582275390625,
            2.27925610542297363281,
            0.12109129130840301514,
            4.27775287628173828125,
            0.53125095367431640625,
            3.9308929443359375,
            0.00989638827741146088,
            1.64567053318023681641,
            0.45447880029678344727,
            1.98515486717224121094,
            0.18099062144756317139,
            3.81346678733825683594,
            0.46235078573226928711,
            3.87942075729370117188,
            0.07634807378053665161,
            1.66771042346954345703,
            0.43504810333251953125,
            1.79457902908325195313,
            0.15660262107849121094,
            4.06687641143798828125,
            0.45439505577087402344,
            3.96686816215515136719,
            0.16521373391151428223,
            3.53342580795288085938,
            0.45240947604179382324,
            2.73477458953857421875,
            0.14103010296821594238,
            7.13861608505249023438,
            0.44550618529319763184,
            6.63887357711791992188,
            0.12886145710945129395,
            26.167415618896484375,
            0.46431472897529602051,
            15.4691524505615234375,
            0.14861792325973510742,
            52.235286712646484375,
            0.4640916287899017334,
            48.151493072509765625,
            0.13762906193733215332,
            3.68677592277526855469,
            0.46613988280296325684,
            2.03059411048889160156,
            0.17705868184566497803,
            7.79414224624633789063,
            0.47518399357795715332,
            5.74012470245361328125,
            0.34692054986953735352,
            20.0919094085693359375,
            0.47361639142036437988,
            10.4610958099365234375,
            0.20597259700298309326,
            47.286884307861328125,
            0.48880860209465026855,
            35.295787811279296875,
            0.38034549355506896973,
            21.390361785888671875,
            0.47915366291999816895,
            11.357852935791015625,
            0.18270131945610046387,
            48.250576019287109375,
