{
  "format": "mubujson1",
  "numBuffers": 1,
  "numTracks": 1,
  "bufferNames": [
    "off:off 3"
  ],
  "bufferInfos": [
    [
      "label",
      "off:off"
    ]
  ],
  "tracks": [
    {
      "name": "posenet_normalized_selection",
      "mxCols": 8,
      "mxRows": 1,
      "hasVarRows": false,
      "hasTimeTags": true,
      "nonNumType": "none",
      "maxSize": 5000,
      "buffers": [
        {
          "maxSize": 5000,
          "size": 31,
          "sampleRate": 1000.0,
          "sampleOffset": 1974.22730000130832195282,
          "mxRows": 1,
          "mxCols": 8,
          "mxData": [
            -0.75313454866409301758,
            0.72732460498809814453,
            0.54764795303344726563,
            0.67400264739990234375,
            -0.71076810359954833984,
            1.09286022186279296875,
            0.55265611410140991211,
            1.02515661716461181641,
            -0.74831521511077880859,
            0.736480712890625,
            0.56011378765106201172,
            0.6772848963737487793,
            -0.61178261041641235352,
            1.07730722427368164063,
            0.57181823253631591797,
            1.04010331630706787109,
            -0.71983408927917480469,
            0.71998286247253417969,
            0.58365619182586669922,
            0.65898531675338745117,
            -0.5794696807861328125,
            1.05679929256439208984,
            0.60743248462677001953,
            1.01847791671752929688,
            -0.64458739757537841797,
            0.70788770914077758789,
            0.72164368629455566406,
            0.65655231475830078125,
            -0.48249948024749755859,
            1.04240465164184570313,
            0.826335906982421875,
            1.03512680530548095703,
            -0.67699980735778808594,
            0.66989380121231079102,
            0.77146774530410766602,
            0.61869180202484130859,
            -0.52366650104522705078,
            0.99625831842422485352,
            0.89181435108184814453,
            0.99163317680358886719,
            -0.71860152482986450195,
            0.64706885814666748047,
            0.80363333225250244141,
            0.60505843162536621094,
            -0.4299125373363494873,
            0.99499672651290893555,
            0.89730864763259887695,
            0.9601459503173828125,
            -0.60156857967376708984,
            0.59926468133926391602,
            0.69926738739013671875,
            0.48963108658790588379,
            -0.69006764888763427734,
            0.81485170125961303711,
            0.647159576416015625,
            0.78916162252426147461,
            -0.64109188318252563477,
            0.63933289051055908203,
            0.61999088525772094727,
            0.39114645123481750488,
            -1.00541806221008300781,
            0.79350483417510986328,
            0.18601500988006591797,
            0.56799167394638061523,
            -0.66284942626953125,
            0.71276998519897460938,
            -0.02826780639588832855,
            0.3008568882942199707,
            -1.45779478549957275391,
            0.70467483997344970703,
            -0.72809821367263793945,
            0.27758833765983581543,
            -0.43804857134819030762,
            0.74186885356903076172,
            -0.21244800090789794922,
            0.12417987734079360962,
            -1.40364754199981689453,
            0.59616392850875854492,
            -1.55648410320281982422,
            0.12380217760801315308,
            -0.5078690648078918457,
            0.78432977199554443359,
            -0.43677037954330444336,
            0.14191654324531555176,
            -1.53291833400726318359,
            0.62998491525650024414,
            -1.86458039283752441406,
            0.12436381727457046509,
            -0.52375680208206176758,
            0.80825072526931762695,
            -0.36274930834770202637,
            0.1561921238899230957,
            -1.60109043121337890625,
            0.67931348085403442383,
            -1.70432817935943603516,
            0.10324884951114654541,
            -0.5956268310546875,
            0.82407271862030029297,
            -0.25903198122978210449,
            0.17440481483936309814,
            -1.66694700717926025391,
            0.67989486455917358398,
            -1.60235452651977539063,
            0.09432838112115859985,
            -0.7544714808464050293,
            0.78600466251373291016,
            0.44824865460395812988,
            0.17475907504558563232,
            -2.14932370185852050781,
            0.66865956783294677734,
            -1.50078272819519042969,
            0.15661630034446716309,
            -0.35265916585922241211,
            0.7994213104248046875,
            0.33602100610733032227,
            0.11501400917768478394,
            -1.51836740970611572266,
            0.68493372201919555664,
            -1.05933129787445068359,
            0.1584234386682510376,
            -0.03114520013332366943,
            0.8017546534538269043,
            0.49613299965858459473,
            0.10254604369401931763,
            -1.01853847503662109375,
            0.71885496377944946289,
            -0.77310764789581298828,
            0.1412175595760345459,
            -0.12755940854549407959,
            0.64152646064758300781,
            0.94063335657119750977,
            0.09117775410413742065,
            0.01073104701936244965,
            0.62636154890060424805,
            -0.01140424702316522598,
            0.03067792207002639771,
            0.84511333703994750977,
            0.66790467500686645508,
            1.37986648082733154297,
            0.148561134934425354,
            2.85707068443298339844,
            0.60274308919906616211,
            2.37138843536376953125,
            0.0670407712459564209,
            1.73149800300598144531,
            0.47731217741966247559,
            2.42273592948913574219,
            0.1356853097677230835,
            4.39242696762084960938,
            0.47402471303939819336,
            4.47068262100219726563,
            0.07446221262216567993,
            1.82392895221710205078,
            0.43736225366592407227,
            1.90283882617950439453,
            0.18414570391178131104,
            4.05981588363647460938,
            0.43944445252418518066,
            3.93819284439086914063,
            0.06512950360774993896,
            1.79541826248168945313,
            0.44939130544662475586,
            1.72470247745513916016,
            0.14543664455413818359,
            4.17754507064819335938,
            0.44873037934303283691,
            3.76811623573303222656,
            0.13207033276557922363,
            2.49537110328674316406,
            0.45610189437866210938,
            2.23380947113037109375,
            0.13598321378231048584,
            5.78913450241088867188,
            0.45819935202598571777,
            5.47664165496826171875,
            0.11719227582216262817,
            2.33818364143371582031,
            0.45874577760696411133,
            2.0721797943115234375,
            0.11219872534275054932,
            5.84175872802734375,
            0.51341468095779418945,
            5.36440277099609375,
            0.11231565475463867188,
            2.20673060417175292969,
            0.44889965653419494629,
            2.2524776458740234375,
            0.18828549981117248535,
            5.40373849868774414063,
            0.47921487689018249512,
            5.8844738006591796875,
            0.16261306405067443848,
            2.18595266342163085938,
            0.45878159999847412109,
            2.49698734283447265625,
            0.18537724018096923828,
            5.60212278366088867188,
            0.51858258247375488281,
            5.8386287689208984375,
            0.15703271329402923584,
            2.80055904388427734375,
            0.46158042550086975098,
            3.18450403213500976563,
            0.20446814596652984619,
            6.48684024810791015625,
