{
  "format": "mubujson1",
  "numBuffers": 1,
  "numTracks": 1,
  "bufferNames": [
    "off:off 7"
  ],
  "bufferInfos": [
    [
      "label",
      "off:off"
    ]
  ],
  "tracks": [
    {
      "name": "posenet_normalized_selection",
      "mxCols": 8,
      "mxRows": 1,
      "hasVarRows": false,
      "hasTimeTags": true,
      "nonNumType": "none",
      "maxSize": 5000,
      "buffers": [
        {
          "maxSize": 5000,
          "size": 21,
          "sampleRate": 1000.0,
          "sampleOffset": 1974.22730000130832195282,
          "mxRows": 1,
          "mxCols": 8,
          "mxData": [
            -0.68606799840927124023,
            0.72966581583023071289,
            0.61357367038726806641,
            0.69074273109436035156,
            -0.59687674045562744141,
            1.08606517314910888672,
            0.59399229288101196289,
            1.07686138153076171875,
            -0.70783329010009765625,
            0.73076426982879638672,
            0.64703148603439331055,
            0.68218320608139038086,
            -0.60673081874847412109,
            1.08178508281707763672,
            0.58254873752593994141,
            1.05395472049713134766,
            -0.66905140876770019531,
            0.72560739517211914063,
            0.69005006551742553711,
            0.66451340913772583008,
            -0.55939584970474243164,
            1.08046901226043701172,
            0.65541499853134155273,
            1.02491247653961181641,
            -0.63185811042785644531,
            0.72245025634765625,
            0.75519412755966186523,
            0.67544978857040405273,
            -0.53505587577819824219,
            1.08122181892395019531,
            0.73472487926483154297,
            1.04540216922760009766,
            -0.69413197040557861328,
            0.6729723811149597168,
            0.79904437065124511719,
            0.66002130508422851563,
            -0.53168052434921264648,
            1.0394763946533203125,
            0.8484516143798828125,
            1.01908850669860839844,
            -0.69296544790267944336,
            0.66281628608703613281,
            0.80379664897918701172,
            0.64076071977615356445,
            -0.58141034841537475586,
            1.01272332668304443359,
            0.85959523916244506836,
            0.98293310403823852539,
            -0.62247371673583984375,
            0.60874575376510620117,
            0.64207887649536132813,
            0.50542992353439331055,
            -0.80167973041534423828,
            0.86259150505065917969,
            0.52376520633697509766,
            0.78689414262771606445,
            -0.62161213159561157227,
            0.67161923646926879883,
            0.31175985932350158691,
            0.36026477813720703125,
            -1.38453340530395507813,
            0.82176738977432250977,
            -0.31003415584564208984,
            0.45298147201538085938,
            -0.7069689631462097168,
            0.63782322406768798828,
            -0.20775561034679412842,
            0.19082078337669372559,
            -1.48780548572540283203,
            0.73888415098190307617,
            -1.37896931171417236328,
            0.16986848413944244385,
            -0.4674625098705291748,
            0.71699470281600952148,
            -0.31913435459136962891,
            0.1282978355884552002,
            -1.51015436649322509766,
            0.67857569456100463867,
            -1.91163277626037597656,
            0.07362032681703567505,
            -0.5268509984016418457,
            0.77303415536880493164,
            -0.40180411934852600098,
            0.14032295346260070801,
            -1.50484406948089599609,
            0.63380980491638183594,
            -1.83335423469543457031,
            0.07190936803817749023,
            -0.45666083693504333496,
            0.78058934211730957031,
            -0.12573005259037017822,
            0.15178188681602478027,
            -1.37613427639007568359,
            0.63904374837875366211,
            -1.44106793403625488281,
            0.09500139206647872925,
            -0.72725343704223632813,
            0.81752741336822509766,
            0.25921425223350524902,
            0.18535543978214263916,
            -1.87191128730773925781,
            0.72849369049072265625,
            -1.39849579334259033203,
            0.15995763242244720459,
            -0.5911051630973815918,
            0.79503911733627319336,
            0.1794891059398651123,
            0.16744656860828399658,
            -1.56631588935852050781,
            0.72525006532669067383,
            -1.02989292144775390625,
            0.14952629804611206055,
            -0.62675386667251586914,
            0.78566509485244750977,
            0.27138459682464599609,
            0.10644516348838806152,
            -1.65483951568603515625,
            0.68727296590805053711,
            -1.17847371101379394531,
            0.12432691454887390137,
            -0.10814292728900909424,
            0.78418213129043579102,
            0.82812070846557617188,
            0.1608460843563079834,
            -0.17761236429214477539,
            0.64198321104049682617,
            0.19557985663414001465,
            0.04157456755638122559,
            0.37155908346176147461,
            0.68829274177551269531,
            1.06417751312255859375,
            0.12273925542831420898,
            1.35828506946563720703,
            0.61456632614135742188,
            1.52471518516540527344,
            0.01978074014186859131,
            1.63954043388366699219,
            0.45959383249282836914,
            2.49327325820922851563,
            0.16700288653373718262,
            4.36077976226806640625,
            0.42923232913017272949,
            4.45818662643432617188,
            0.0719582289457321167,
            1.69901025295257568359,
            0.41214734315872192383,
            2.10460448265075683594,
            0.22397495806217193604,
            3.53904175758361816406,
            0.43048465251922607422,
            3.76315450668334960938,
            0.16924344003200531006,
            1.88010942935943603516,
            0.43779063224792480469,
            1.67069792747497558594,
            0.18940466642379760742,
            4.0152034759521484375,
            0.44385349750518798828,
            3.87036991119384765625,
            0.20691135525703430176,
            8.95307064056396484375,
            0.44369667768478393555,
            6.342128753662109375,
            0.14847828447818756104,
            17.90789794921875,
            0.44350641965866088867,
            16.9909877777099609375,
            0.16977232694625854492
          ],
          "timeTags": [
            63.22530000098049640656,
            161.03040000051259994507,
            259.41330000013113021851,
            357.8327000010758638382,
            463.78399999998509883881,
            558.28240000084042549133,
            645.37379999831318855286,
            747.5154999997466802597,
            843.05030000023543834686,
            936.90579999983310699463,
            1028.63539999909698963165,
            1127.45890000090003013611,
            1229.99259999953210353851,
            1328.69329999946057796478,
            1419.53820000216364860535,
            1513.68250000104308128357,
            1607.79729999974370002747,
            1711.57560000009834766388,
            1803.90320000052452087402,
            1893.36810000054538249969,
            1992.99049999937415122986
          ],
          "info": [
            "FileName",
            "2020-06-30_15-13-39_8376d3d0-bad3-11ea-9f5b-8df294b31e94.mubu",
            "gui",
            "autobounds minmax, shape envelopebpf, interface multibpf, opacity 1, colormode rainbow, hidenotforemost 1"
          ]
        }
      ]
    }
  ]
}