{
  "format": "mubujson1",
  "numBuffers": 1,
  "numTracks": 1,
  "bufferNames": [
    "off:off 8"
  ],
  "bufferInfos": [
    [
      "label",
      "off:off"
    ]
  ],
  "tracks": [
    {
      "name": "posenet_normalized_selection",
      "mxCols": 8,
      "mxRows": 1,
      "hasVarRows": false,
      "hasTimeTags": true,
      "nonNumType": "none",
      "maxSize": 5000,
      "buffers": [
        {
          "maxSize": 5000,
          "size": 21,
          "sampleRate": 1000.0,
          "sampleOffset": 0.0,
          "mxRows": 1,
          "mxCols": 8,
          "mxData": [
            -0.65898138284683227539,
            0.70573526620864868164,
            0.71892684698104858398,
            0.71223467588424682617,
            -0.60379523038864135742,
            1.09444653987884521484,
            0.63945800065994262695,
            1.05274617671966552734,
            -0.73270493745803833008,
            0.67781168222427368164,
            0.69341933727264404297,
            0.73179423809051513672,
            -0.63153898715972900391,
            1.07402169704437255859,
            0.47595253586769104004,
            1.0675449371337890625,
            -0.74706423282623291016,
            0.65169221162796020508,
            0.69453442096710205078,
            0.70980650186538696289,
            -0.65023225545883178711,
            1.03560888767242431641,
            0.39825952053070068359,
            1.03807342052459716797,
            -0.79168468713760375977,
            0.60338896512985229492,
            0.61737734079360961914,
            0.70240426063537597656,
            -0.87872493267059326172,
            0.99163913726806640625,
            0.19556158781051635742,
            1.01790761947631835938,
            -0.8509299159049987793,
            0.53302276134490966797,
            0.08873528242111206055,
            0.59221041202545166016,
            -1.18650746345520019531,
            0.80588775873184204102,
            -0.60093528032302856445,
            0.8394305109977722168,
            -0.86540138721466064453,
            0.47003677487373352051,
            -0.06097989901900291443,
            0.5495713353157043457,
            -1.30956959724426269531,
            0.69301015138626098633,
            -1.10608243942260742188,
            0.65460348129272460938,
            -0.91381466388702392578,
            0.45226022601127624512,
            -0.37414315342903137207,
            0.41084939241409301758,
            -1.42482709884643554688,
            0.56382340192794799805,
            -1.44570398330688476563,
            0.51083570718765258789,
            -1.01698756217956542969,
            0.4542185664176940918,
            -0.38606321811676025391,
            0.32314690947532653809,
            -2.08466553688049316406,
            0.45534217357635498047,
            -2.0939464569091796875,
            0.41223204135894775391,
            -1.14481461048126220703,
            0.39986541867256164551,
            -0.46281793713569641113,
            0.24634376168251037598,
            -2.20959877967834472656,
            0.2968603968620300293,
            -1.79216670989990234375,
            0.19697119295597076416,
            -1.11586856842041015625,
            0.46624106168746948242,
            -0.67400723695755004883,
            0.21455512940883636475,
            -2.465984344482421875,
            0.31632602214813232422,
            -2.08782696723937988281,
            0.17421285808086395264,
            -0.9618924260139465332,
            0.59080213308334350586,
            -0.705410003662109375,
            0.28854641318321228027,
            -2.50773119926452636719,
            0.37995457649230957031,
            -2.28245043754577636719,
            0.14667528867721557617,
            -1.16638708114624023438,
            0.61183989048004150391,
            -0.41635951399803161621,
            0.20931152999401092529,
            -2.651523590087890625,
            0.40565136075019836426,
            -2.00919985771179199219,
            0.17088901996612548828,
            -1.00026178359985351563,
            0.68654811382293701172,
            -0.08033186197280883789,
            0.14076064527034759521,
            -2.27019286155700683594,
            0.49877887964248657227,
            -1.40597391128540039063,
            0.15535193681716918945,
            -0.90991795063018798828,
            0.68219470977783203125,
            0.22045177221298217773,
            0.14038909971714019775,
            -2.03383708000183105469,
            0.58117270469665527344,
            -0.69538700580596923828,
            0.12573574483394622803,
            -0.60972189903259277344,
            0.70431560277938842773,
            0.60357427597045898438,
            0.15566249191761016846,
            -1.55822932720184326172,
            0.68428748846054077148,
            -0.43606448173522949219,
            0.09248631447553634644,
            -0.24620532989501953125,
            0.70571118593215942383,
            0.43551310896873474121,
            0.13133916258811950684,
            -0.79365891218185424805,
            0.77844095230102539063,
            -0.20977614820003509521,
            0.09691043943166732788,
            0.35721859335899353027,
            0.72487604618072509766,
            1.35221564769744873047,
            0.12348479777574539185,
            1.40407049655914306641,
            0.7305215001106262207,
            0.90122282505035400391,
            0.07496303319931030273,
            1.18416774272918701172,
            0.59223705530166625977,
            1.75462055206298828125,
            0.09948522597551345825,
            2.69530224800109863281,
            0.62827932834625244141,
            2.70330357551574707031,
            0.04880679771304130554,
            1.62254071235656738281,
            0.5731207728385925293,
            2.42916202545166015625,
            0.12069547176361083984,
            4.0118560791015625,
            0.55845087766647338867,
            4.08764791488647460938,
            0.02249177359044551849,
            1.15354561805725097656,
            0.53023767471313476563,
            1.65114200115203857422,
            0.11185719072818756104,
            3.09308910369873046875,
            0.48446950316429138184,
            3.04351806640625,
            0.03503937646746635437,
            1.22630417346954345703,
            0.49592199921607971191,
            1.56490731239318847656,
            0.17072154581546783447,
            3.33334040641784667969,
            0.50888895988464355469,
            3.03968572616577148438,
            0.03607045114040374756
          ],
          "timeTags": [
            45.83159999921917915344,
            142.75519999489188194275,
            239.7420999966561794281,
            339.80009999871253967285,
            439.08579999953508377075,
            528.15419999882578849792,
            620.05939999595284461975,
            720.53389999642968177795,
            817.73639999702572822571,
            918.69539999589323997498,
            1014.32759999856352806091,
            1105.10529999807476997375,
            1199.75909999758005142212,
            1291.82809999957680702209,
            1386.02469999715685844421,
            1487.84109999611973762512,
            1579.3415999971330165863,
            1668.94899999350309371948,
            1763.81399999558925628662,
            1850.31559999659657478333,
            1937.18499999865889549255
          ],
          "info": [
            "FileName",
            "2020-06-30_15-13-39_8376d3d0-bad3-11ea-9f5b-8df294b31e94.mubu",
            "gui",
            "autobounds minmax, shape envelopebpf, interface multibpf, opacity 1, colormode rainbow, hidenotforemost 1"
          ]
        }
      ]
    }
  ]
}