{
  "format": "mubujson1",
  "numBuffers": 1,
  "numTracks": 1,
  "bufferNames": [
    "off:off 12"
  ],
  "bufferInfos": [
    [
      "label",
      "off:off"
    ]
  ],
  "tracks": [
    {
      "name": "posenet_normalized_selection",
      "mxCols": 8,
      "mxRows": 1,
      "hasVarRows": false,
      "hasTimeTags": true,
      "nonNumType": "none",
      "maxSize": 5000,
      "buffers": [
        {
          "maxSize": 5000,
          "size": 32,
          "sampleRate": 1000.0,
          "sampleOffset": 1974.22730000130832195282,
          "mxRows": 1,
          "mxCols": 8,
          "mxData": [
            -0.77560216188430786133,
            0.75458890199661254883,
            0.54401105642318725586,
            0.70391637086868286133,
            -0.68132460117340087891,
            1.10235857963562011719,
            0.54050022363662719727,
            1.07095563411712646484,
            -0.76912957429885864258,
            0.74317747354507446289,
            0.55198496580123901367,
            0.68852156400680541992,
            -0.67719227075576782227,
            1.09839451313018798828,
            0.56879329681396484375,
            1.04229867458343505859,
            -0.72843599319458007813,
            0.74942427873611450195,
            0.59246802330017089844,
            0.71522021293640136719,
            -0.62089228630065917969,
            1.09870254993438720703,
            0.6104895472526550293,
            1.08045423030853271484,
            -0.68769168853759765625,
            0.72455018758773803711,
            0.71604210138320922852,
            0.6865355372428894043,
            -0.53748565912246704102,
            1.09540092945098876953,
            0.75365889072418212891,
            1.07942509651184082031,
            -0.79474294185638427734,
            0.65970212221145629883,
            0.74384087324142456055,
            0.67210537195205688477,
            -0.59019291400909423828,
            1.01699399948120117188,
            0.77067428827285766602,
            1.02883982658386230469,
            -0.70194566249847412109,
            0.65825420618057250977,
            0.75468790531158447266,
            0.61770641803741455078,
            -0.60709202289581298828,
            0.95509821176528930664,
            0.75441461801528930664,
            0.96231168508529663086,
            -0.53225660324096679688,
            0.6204064488410949707,
            0.61881625652313232422,
            0.56366825103759765625,
            -0.69775700569152832031,
            0.85440552234649658203,
            0.394222259521484375,
            0.84649962186813354492,
            -0.36531424522399902344,
            0.66698205471038818359,
            0.33322161436080932617,
            0.37755846977233886719,
            -1.05606997013092041016,
            0.72571325302124023438,
            -0.63107162714004516602,
            0.6280816197395324707,
            -0.52882802486419677734,
            0.67896926403045654297,
            -0.20154218375682830811,
            0.28648677468299865723,
            -1.20764839649200439453,
            0.62061905860900878906,
            -1.20205962657928466797,
            0.49984091520309448242,
            -0.35912841558456420898,
            0.72801756858825683594,
            0.02029279433190822601,
            0.13439276814460754395,
            -1.49373972415924072266,
            0.54628318548202514648,
            -1.75721812248229980469,
            0.18108429014682769775,
            -0.36844712495803833008,
            0.79942333698272705078,
            -0.26819142699241638184,
            0.15679179131984710693,
            -1.52433574199676513672,
            0.57898956537246704102,
            -1.98474144935607910156,
            0.15004856884479522705,
            -0.28929311037063598633,
            0.82495158910751342773,
            0.02897762879729270935,
            0.14233358204364776611,
            -1.44453120231628417969,
            0.65694290399551391602,
            -1.49172961711883544922,
            0.14257954061031341553,
            -0.16409721970558166504,
            0.82564139366149902344,
            0.15984553098678588867,
            0.10936959832906723022,
            -1.39014327526092529297,
            0.74530750513076782227,
            -1.12821531295776367188,
            0.13215808570384979248,
            -0.2687606513500213623,
            0.87378352880477905273,
            0.56114983558654785156,
            0.10137797147035598755,
            -1.80887734889984130859,
            0.79081541299819946289,
            -0.62502473592758178711,
            0.09684749692678451538,
            -0.09378262609243392944,
            0.84628319740295410156,
            0.68867522478103637695,
            0.0819682776927947998,
            -1.36594998836517333984,
            0.74257504940032958984,
            -0.64012390375137329102,
            0.12610891461372375488,
            0.28629729151725769043,
            0.80031400918960571289,
            1.13214075565338134766,
            0.09506490826606750488,
            -0.69423335790634155273,
            0.74058514833450317383,
            -0.55011117458343505859,
            0.18613198399543762207,
            0.50742852687835693359,
            0.65072011947631835938,
            1.4132289886474609375,
            0.06902542710304260254,
            1.42903852462768554688,
            0.66776573657989501953,
            0.72838622331619262695,
            0.03132227808237075806,
            1.14641308784484863281,
            0.65819936990737915039,
            1.73994839191436767578,
            0.15894925594329833984,
            3.43710017204284667969,
            0.54913383722305297852,
            3.16899800300598144531,
            0.04099436104297637939,
            1.69252073764801025391,
            0.47662389278411865234,
            1.91871273517608642578,
            0.10364283621311187744,
            4.05613040924072265625,
            0.52898108959197998047,
            4.12632703781127929688,
            0.08084899932146072388,
            2.68611693382263183594,
            0.43400657176971435547,
            2.70967268943786621094,
            0.1646932065486907959,
            6.41040802001953125,
            0.44276982545852661133,
            7.05820131301879882813,
            0.12885497510433197021,
            7.049381256103515625,
            0.4412409663200378418,
            4.36275196075439453125,
            0.17311452329158782959,
            20.127349853515625,
            0.45802447199821472168,
            16.7478122711181640625,
            0.06231869757175445557,
            3.87284398078918457031,
            0.46113088726997375488,
            0.92617696523666381836,
            0.18644766509532928467,
            9.82925128936767578125,
            0.47659265995025634766,
            7.32480573654174804688,
            0.06620447337627410889,
            1.29954850673675537109,
            0.47203519940376281738,
            0.16160476207733154297,
            0.19772750139236450195,
            3.87517690658569335938,
            0.49316397309303283691,
            2.92512798309326171875,
            0.08446020632982254028,
            1.20508253574371337891,
            0.47381609678268432617,
            0.23319874703884124756,
            0.19010116159915924072,
            3.04151439666748046875,
            0.45928591489791870117,
            2.33284282684326171875,
            0.08518787473440170288,
            1.07697069644927978516,
            0.45871090888977050781,
            -0.17301674187183380127,
            0.25480243563652038574,
            3.41980004310607910156,
            0.48797118663787841797,
            1.40802752971649169922,
            0.35720765590667724609,
            1.07629489898681640625,
            0.45856466889381408691,
            0.25971880555152893066,
            0.23112916946411132813,
