{
  "format": "mubujson1",
  "numBuffers": 1,
  "numTracks": 1,
  "bufferNames": [
    "off:off 4"
  ],
  "bufferInfos": [
    [
      "label",
      "off:off"
    ]
  ],
  "tracks": [
    {
      "name": "posenet_normalized_selection",
      "mxCols": 8,
      "mxRows": 1,
      "hasVarRows": false,
      "hasTimeTags": true,
      "nonNumType": "none",
      "maxSize": 5000,
      "buffers": [
        {
          "maxSize": 5000,
          "size": 21,
          "sampleRate": 1000.0,
          "sampleOffset": 0.0,
          "mxRows": 1,
          "mxCols": 8,
          "mxData": [
            -0.7629941105842590332,
            0.72039401531219482422,
            0.55395150184631347656,
            0.69528347253799438477,
            -0.65274232625961303711,
            1.07468485832214355469,
            0.5667387843132019043,
            1.06017553806304931641,
            -0.7572180628776550293,
            0.72204136848449707031,
            0.54375600814819335938,
            0.69086843729019165039,
            -0.64627951383590698242,
            1.07513749599456787109,
            0.55461484193801879883,
            1.05025339126586914063,
            -0.75450402498245239258,
            0.72820442914962768555,
            0.55369603633880615234,
            0.69450736045837402344,
            -0.63544368743896484375,
            1.08200812339782714844,
            0.57045513391494750977,
            1.06302762031555175781,
            -0.75944823026657104492,
            0.72410750389099121094,
            0.61598962545394897461,
            0.69792711734771728516,
            -0.63998454809188842773,
            1.07604181766510009766,
            0.66682720184326171875,
            1.06547594070434570313,
            -0.79629790782928466797,
            0.68232285976409912109,
            0.68067967891693115234,
            0.68392509222030639648,
            -0.61914271116256713867,
            1.05518603324890136719,
            0.75159108638763427734,
            1.04689276218414306641,
            -0.81210184097290039063,
            0.67455565929412841797,
            0.70041513442993164063,
            0.6432005763053894043,
            -0.6014537811279296875,
            1.04082286357879638672,
            0.714572906494140625,
            1.00814068317413330078,
            -0.72155529260635375977,
            0.59448832273483276367,
            0.68294233083724975586,
            0.51891863346099853516,
            -1.00133943557739257813,
            0.7981395721435546875,
            0.38509055972099304199,
            0.78695088624954223633,
            -0.76552474498748779297,
            0.60808795690536499023,
            0.42132526636123657227,
            0.45608374476432800293,
            -1.21651279926300048828,
            0.73406684398651123047,
            -0.08264347165822982788,
            0.56610763072967529297,
            -0.73463606834411621094,
            0.64607995748519897461,
            0.21048006415367126465,
            0.35189065337181091309,
            -1.42313146591186523438,
            0.67874342203140258789,
            -0.61072623729705810547,
            0.41264986991882324219,
            -0.80045789480209350586,
            0.63708323240280151367,
            -0.26092389225959777832,
            0.22785943746566772461,
            -1.66078436374664306641,
            0.59048831462860107422,
            -1.26094567775726318359,
            0.2264467775821685791,
            -0.98426961898803710938,
            0.7066631317138671875,
            -0.43323448300361633301,
            0.19642756879329681396,
            -1.98542547225952148438,
            0.54727011919021606445,
            -1.63667702674865722656,
            0.16837540268898010254,
            -0.73640328645706176758,
            0.70524442195892333984,
            0.08292520046234130859,
            0.16138182580471038818,
            -1.62532806396484375,
            0.63721996545791625977,
            -1.30470204353332519531,
            0.16254022717475891113,
            -0.68484091758728027344,
            0.74180740118026733398,
            0.00705994432792067528,
            0.17188151180744171143,
            -1.69640040397644042969,
            0.70319736003875732422,
            -1.26077699661254882813,
            0.18409341573715209961,
            -0.3558610379695892334,
            0.80952799320220947266,
            0.14083680510520935059,
            0.1405029594898223877,
            -1.64769411087036132813,
            0.73372632265090942383,
            -1.41629505157470703125,
            0.18176077306270599365,
            0.09444481879472732544,
            0.82970857620239257813,
            0.79348862171173095703,
            0.11866612732410430908,
            -0.94061434268951416016,
            0.64675736427307128906,
            -0.71491003036499023438,
            0.11264635622501373291,
            0.87785708904266357422,
            0.67706984281539916992,
            1.36842262744903564453,
            0.09254004806280136108,
            1.92452800273895263672,
            0.55553108453750610352,
            1.35007929801940917969,
            0.07285280525684356689,
            1.57991540431976318359,
            0.59016001224517822266,
            1.55359721183776855469,
            0.1658134162425994873,
            3.43739271163940429688,
            0.47716692090034484863,
            2.90483212471008300781,
            0.02307395823299884796,
            1.69316470623016357422,
            0.44342088699340820313,
            2.07448506355285644531,
            0.15703713893890380859,
            3.88666677474975585938,
            0.52123105525970458984,
            3.95593047142028808594,
            0.13673448562622070313,
            2.87078952789306640625,
            0.37487694621086120605,
            2.70114088058471679688,
            0.15448458492755889893,
            5.86588907241821289063,
            0.43858641386032104492,
            5.64981889724731445313,
            0.11040700227022171021,
            2.57499480247497558594,
            0.37784600257873535156,
            1.88985288143157958984,
            0.1985225677490234375,
            5.34068918228149414063,
            0.44138190150260925293,
            4.69128131866455078125,
            0.13227042555809020996,
            2.66094541549682617188,
            0.37309014797210693359,
            1.76603531837463378906,
            0.20431017875671386719,
            5.8023128509521484375,
            0.44256877899169921875,
            4.90977525711059570313,
            0.11482361704111099243
          ],
          "timeTags": [
            45.11199999973177909851,
            133.91009999997913837433,
            223.54890000075101852417,
            317.49420000240206718445,
            409.42200000211596488953,
            505.43890000134706497192,
            598.47740000113844871521,
            694.09380000084638595581,
            782.55940000154078006744,
            878.20100000128149986267,
            982.43090000003576278687,
            1082.87080000154674053192,
            1178.08080000057816505432,
            1279.71730000153183937073,
            1382.3564999997615814209,
            1471.47830000147223472595,
            1564.69920000061392784119,
            1658.25799999944865703583,
            1750.23620000109076499939,
            1842.1163999997079372406,
            1935.7179000023752450943
          ],
          "info": [
            "FileName",
            "2020-06-30_15-13-39_8376d3d0-bad3-11ea-9f5b-8df294b31e94.mubu",
            "gui",
            "autobounds minmax, shape envelopebpf, interface multibpf, opacity 1, colormode rainbow, hidenotforemost 1"
          ]
        }
      ]
    }
  ]
}