{
  "format": "mubujson1",
  "numBuffers": 1,
  "numTracks": 1,
  "bufferNames": [
    "off:off 1"
  ],
  "bufferInfos": [
    [
      "label",
      "off:off"
    ]
  ],
  "tracks": [
    {
      "name": "posenet_normalized_selection",
      "mxCols": 8,
      "mxRows": 1,
      "hasVarRows": false,
      "hasTimeTags": true,
      "nonNumType": "none",
      "maxSize": 5000,
      "buffers": [
        {
          "maxSize": 5000,
          "size": 21,
          "sampleRate": 1000.0,
          "sampleOffset": 0.0,
          "mxRows": 1,
          "mxCols": 8,
          "mxData": [
            -0.71584933996200561523,
            0.69942003488540649414,
            0.55843138694763183594,
            0.66281914710998535156,
            -0.70704215764999389648,
            1.02727866172790527344,
            0.53602045774459838867,
            1.03550696372985839844,
            -0.71146678924560546875,
            0.69721776247024536133,
            0.56035220623016357422,
            0.66314029693603515625,
            -0.69981783628463745117,
            1.02539944648742675781,
            0.53005003929138183594,
            1.03688740730285644531,
            -0.72308909893035888672,
            0.68085533380508422852,
            0.56137698888778686523,
            0.64549207687377929688,
            -0.70742285251617431641,
            1.00421082973480224609,
            0.54037481546401977539,
            1.02360188961029052734,
            -0.72402971982955932617,
            0.66285508871078491211,
            0.58739930391311645508,
            0.64256328344345092773,
            -0.68762677907943725586,
            0.996746063232421875,
            0.56116425991058349609,
            1.02235865592956542969,
            -0.71951967477798461914,
            0.64780080318450927734,
            0.69084703922271728516,
            0.64451199769973754883,
            -0.67622345685958862305,
            0.98832279443740844727,
            0.74804872274398803711,
            1.00287234783172607422,
            -0.76758056879043579102,
            0.61964792013168334961,
            0.71615397930145263672,
            0.65594142675399780273,
            -0.85508632659912109375,
            0.95033305883407592773,
            0.68828022480010986328,
            1.00092315673828125,
            -0.69939076900482177734,
            0.61212253570556640625,
            0.64610302448272705078,
            0.60166060924530029297,
            -0.94564485549926757813,
            0.90528947114944458008,
            0.4744046628475189209,
            0.95482742786407470703,
            -0.68350648880004882813,
            0.66652417182922363281,
            0.19965663552284240723,
            0.44127374887466430664,
            -1.28082692623138427734,
            0.78295612335205078125,
            -0.4392318427562713623,
            0.64467793703079223633,
            -0.6675274968147277832,
            0.67990738153457641602,
            -0.35625496506690979004,
            0.2554753422737121582,
            -1.41709864139556884766,
            0.64187842607498168945,
            -1.43863904476165771484,
            0.34071791172027587891,
            -0.56587404012680053711,
            0.72638016939163208008,
            -0.50759869813919067383,
            0.18291780352592468262,
            -1.67282998561859130859,
            0.59672075510025024414,
            -1.845127105712890625,
            0.19857390224933624268,
            -0.44378823041915893555,
            0.7832927703857421875,
            -0.47825771570205688477,
            0.1783847808837890625,
            -1.37444388866424560547,
            0.67452597618103027344,
            -1.93470215797424316406,
            0.15716266632080078125,
            -0.4184468686580657959,
            0.81004935503005981445,
            -0.31597110629081726074,
            0.16771200299263000488,
            -1.30022931098937988281,
            0.67612344026565551758,
            -1.28699517250061035156,
            0.11793287843465805054,
            -0.53079229593276977539,
            0.81683534383773803711,
            -0.28874236345291137695,
            0.19656677544116973877,
            -1.55000066757202148438,
            0.69068521261215209961,
            -1.30427789688110351563,
            0.16339638829231262207,
            -0.61263042688369750977,
            0.82249635457992553711,
            0.06271839141845703125,
            0.23316328227519989014,
            -1.5899562835693359375,
            0.72645777463912963867,
            -1.25961291790008544922,
            0.21882686018943786621,
            -0.88027930259704589844,
            0.81257063150405883789,
            0.00790984183549880981,
            0.13890440762042999268,
            -1.94478166103363037109,
            0.74569368362426757813,
            -1.10600376129150390625,
            0.16610954701900482178,
            -0.52622264623641967773,
            0.79232639074325561523,
            0.61917144060134887695,
            0.16650751233100891113,
            -1.19261503219604492188,
            0.63816714286804199219,
            -0.1294835507869720459,
            0.08599821478128433228,
            -0.51079261302947998047,
            0.69451469182968139648,
            0.82687604427337646484,
            0.1602137833833694458,
            -0.41235825419425964355,
            0.71004557609558105469,
            0.25425934791564941406,
            0.06400466710329055786,
            0.70549976825714111328,
            0.68749237060546875,
            1.17226159572601318359,
            0.13572558760643005371,
            2.40144443511962890625,
            0.55685067176818847656,
            2.23992943763732910156,
            -0.00488316407427191734,
            2.705234527587890625,
            0.51138156652450561523,
            2.42449831962585449219,
            0.14833435416221618652,
            6.00871181488037109375,
            0.4469369351863861084,
            5.28362035751342773438,
            0.04033332690596580505,
            2.27762293815612792969,
            0.37394091486930847168,
            1.89166045188903808594,
            0.19970993697643280029,
            5.1515827178955078125,
            0.42677098512649536133,
            5.1248722076416015625,
            0.18223275244235992432,
            6.0370426177978515625,
            0.43780967593193054199,
            1.56612503528594970703,
            0.22939521074295043945,
            10.99444484710693359375,
            0.41889321804046630859,
            8.16747379302978515625,
            0.31088918447494506836
          ],
          "timeTags": [
            56.98960000090301036835,
            154.96929999999701976776,
            257.08110000006854534149,
            352.64670000039041042328,
            449.22699999995529651642,
            547.47389999963343143463,
            644.18619999848306179047,
            740.21310000121593475342,
            835.63279999978840351105,
            929.90150000154972076416,
            1019.22749999910604401521,
            1109.02430000156164169312,
            1199.56830000132322311401,
            1295.58310000039637088776,
            1385.42879999987781047821,
            1479.75070000067353248596,
            1576.87790000066161155701,
            1676.28050000034272670746,
            1772.88240000233054161072,
            1866.91449999995529651642,
            1958.89390000142157077789
          ],
          "info": [
            "FileName",
            "2020-06-30_15-13-39_8376d3d0-bad3-11ea-9f5b-8df294b31e94.mubu",
            "gui",
            "autobounds minmax, shape envelopebpf, interface multibpf, opacity 1, colormode rainbow, hidenotforemost 1"
          ]
        }
      ]
    }
  ]
}