{
  "format": "mubujson1",
  "numBuffers": 1,
  "numTracks": 1,
  "bufferNames": [
    "off:off 8"
  ],
  "bufferInfos": [
    [
      "label",
      "off:off"
    ]
  ],
  "tracks": [
    {
      "name": "posenet_normalized_selection",
      "mxCols": 8,
      "mxRows": 1,
      "hasVarRows": false,
      "hasTimeTags": true,
      "nonNumType": "none",
      "maxSize": 5000,
      "buffers": [
        {
          "maxSize": 5000,
          "size": 20,
          "sampleRate": 1000.0,
          "sampleOffset": 0.0,
          "mxRows": 1,
          "mxCols": 8,
          "mxData": [
            -0.72381269931793212891,
            0.7548205256462097168,
            0.59583675861358642578,
            0.69241040945053100586,
            -0.56774044036865234375,
            1.11389482021331787109,
            0.58651906251907348633,
            1.05782735347747802734,
            -0.71435111761093139648,
            0.75848639011383056641,
            0.63509088754653930664,
            0.67892509698867797852,
            -0.53715491294860839844,
            1.10331940650939941406,
            0.64199841022491455078,
            1.06341814994812011719,
            -0.71295070648193359375,
            0.72486406564712524414,
            0.75500518083572387695,
            0.67834401130676269531,
            -0.54771941900253295898,
            1.04976773262023925781,
            0.8542487025260925293,
            1.06000649929046630859,
            -0.75326484441757202148,
            0.67093616724014282227,
            0.7941074371337890625,
            0.63444298505783081055,
            -0.57475554943084716797,
            1.00905323028564453125,
            0.91509699821472167969,
            1.00119984149932861328,
            -0.80760151147842407227,
            0.65747153759002685547,
            0.78450661897659301758,
            0.60536170005798339844,
            -0.65323138236999511719,
            0.96017426252365112305,
            0.83031415939331054688,
            0.95176291465759277344,
            -0.745761871337890625,
            0.6180083155632019043,
            0.66852706670761108398,
            0.52441030740737915039,
            -0.93967688083648681641,
            0.83987450599670410156,
            0.57651048898696899414,
            0.81674307584762573242,
            -0.72112518548965454102,
            0.65975302457809448242,
            0.34018296003341674805,
            0.38838636875152587891,
            -1.31198704242706298828,
            0.74425244331359863281,
            -0.18446710705757141113,
            0.56243401765823364258,
            -0.78388357162475585938,
            0.6527932286262512207,
            -0.38117384910583496094,
            0.30990555882453918457,
            -1.62747800350189208984,
            0.63489168882369995117,
            -1.40693652629852294922,
            0.54749333858489990234,
            -0.57768261432647705078,
            0.72532784938812255859,
            -0.58308911323547363281,
            0.20828545093536376953,
            -1.56432342529296875,
            0.57808971405029296875,
            -1.77731692790985107422,
            0.14521588385105133057,
            -0.55129301548004150391,
            0.74206191301345825195,
            -0.5593121647834777832,
            0.19722785055637359619,
            -1.43429148197174072266,
            0.63441348075866699219,
            -1.68106126785278320313,
            0.12227488309144973755,
            -0.7190723419189453125,
            0.80445599555969238281,
            -0.34638655185699462891,
            0.22433859109878540039,
            -1.83906316757202148438,
            0.70726823806762695313,
            -1.42263436317443847656,
            0.15121152997016906738,
            -0.73333394527435302734,
            0.81467193365097045898,
            -0.11518157273530960083,
            0.23666723072528839111,
            -1.76601147651672363281,
            0.71282434463500976563,
            -1.58891522884368896484,
            0.21572679281234741211,
            -0.93924564123153686523,
            0.813892364501953125,
            -0.02345935814082622528,
            0.1445891261100769043,
            -2.20583415031433105469,
            0.71750253438949584961,
            -1.73086500167846679688,
            0.21022643148899078369,
            -0.63215392827987670898,
            0.80687344074249267578,
            0.01359438151121139526,
            0.15916512906551361084,
            -1.79418814182281494141,
            0.69508624076843261719,
            -1.40003752708435058594,
            0.2520205080509185791,
            -0.31698220968246459961,
            0.59761750698089599609,
            0.62428796291351318359,
            0.12541118264198303223,
            -0.37993764877319335938,
            0.76242792606353759766,
            -0.1109296754002571106,
            0.06275521963834762573,
            0.10224419087171554565,
            0.62303918600082397461,
            1.22028827667236328125,
            0.14986905455589294434,
            0.91813600063323974609,
            0.6402714848518371582,
            0.6558087468147277832,
            0.15640710294246673584,
            1.21975278854370117188,
            0.53584599494934082031,
            2.34928965568542480469,
            0.13311812281608581543,
            3.47814655303955078125,
            0.49979260563850402832,
            4.09188222885131835938,
            0.11341179907321929932,
            1.00212407112121582031,
            0.47153580188751220703,
            2.00034475326538085938,
            0.12292869389057159424,
            2.93615174293518066406,
            0.45313361287117004395,
            3.67894959449768066406,
            0.084735088050365448,
            1.58386909961700439453,
            0.46027532219886779785,
            1.88380110263824462891,
            0.1596584618091583252,
            3.37030053138732910156,
            0.439167022705078125,
            3.72860789299011230469,
            0.12622003257274627686,
            2.25534415245056152344,
            0.44118198752403259277,
            2.24398040771484375,
            0.12060654163360595703,
            4.94690656661987304688,
            0.44311341643333435059,
            5.52455186843872070313,
            0.12498675286769866943
          ],
          "timeTags": [
            90.86099999770522117615,
            184.50109999999403953552,
            289.09109999798238277435,
            387.23139999993145465851,
            484.29019999876618385315,
            576.5892999991774559021,
            669.2827000003308057785,
            763.82680000178515911102,
            861.17679999954998493195,
            959.97980000078678131104,
            1052.35410000011324882507,
            1151.77999999932944774628,
            1248.60960000008344650269,
            1336.01690000109374523163,
            1426.25409999862313270569,
            1524.41159999929368495941,
            1619.09009999968111515045,
            1713.33140000142157077789,
            1810.30910000018775463104,
            1903.9672999996691942215
          ],
          "info": [
            "FileName",
            "2020-06-30_15-13-39_8376d3d0-bad3-11ea-9f5b-8df294b31e94.mubu",
            "gui",
            "autobounds minmax, shape envelopebpf, interface multibpf, opacity 1, colormode rainbow, hidenotforemost 1"
          ]
        }
      ]
    }
  ]
}