{
  "format": "mubujson1",
  "numBuffers": 1,
  "numTracks": 1,
  "bufferNames": [
    "off:off 6"
  ],
  "bufferInfos": [
    [
      "label",
      "off:off"
    ]
  ],
  "tracks": [
    {
      "name": "posenet_normalized_selection",
      "mxCols": 8,
      "mxRows": 1,
      "hasVarRows": false,
      "hasTimeTags": true,
      "nonNumType": "none",
      "maxSize": 5000,
      "buffers": [
        {
          "maxSize": 5000,
          "size": 21,
          "sampleRate": 1000.0,
          "sampleOffset": 1983.37009999901056289673,
          "mxRows": 1,
          "mxCols": 8,
          "mxData": [
            -0.7189381718635559082,
            0.7232754826545715332,
            0.57046723365783691406,
            0.69928282499313354492,
            -0.63681453466415405273,
            1.09666049480438232422,
            0.59339118003845214844,
            1.06478905677795410156,
            -0.71100288629531860352,
            0.72474360466003417969,
            0.57401740550994873047,
            0.6986224055290222168,
            -0.61673444509506225586,
            1.09599065780639648438,
            0.59670972824096679688,
            1.06177556514739990234,
            -0.71168750524520874023,
            0.72570377588272094727,
            0.60522949695587158203,
            0.6963227391242980957,
            -0.60766416788101196289,
            1.09437119960784912109,
            0.61662733554840087891,
            1.05753862857818603516,
            -0.72385549545288085938,
            0.71009600162506103516,
            0.63024252653121948242,
            0.69260847568511962891,
            -0.59719806909561157227,
            1.08436906337738037109,
            0.68274021148681640625,
            1.05580294132232666016,
            -0.75255143642425537109,
            0.67199432849884033203,
            0.72132909297943115234,
            0.69602769613265991211,
            -0.51822179555892944336,
            1.07018053531646728516,
            0.7898247838020324707,
            1.05885946750640869141,
            -0.80493807792663574219,
            0.66787821054458618164,
            0.74553608894348144531,
            0.6802476048469543457,
            -0.60460752248764038086,
            0.99649333953857421875,
            0.79984021186828613281,
            1.00081634521484375,
            -0.81605523824691772461,
            0.63592988252639770508,
            0.67830336093902587891,
            0.61881303787231445313,
            -0.6336008906364440918,
            0.91687935590744018555,
            0.75591194629669189453,
            0.97195726633071899414,
            -0.73741346597671508789,
            0.53234630823135375977,
            0.50932633876800537109,
            0.39661476016044616699,
            -1.02426981925964355469,
            0.6940377354621887207,
            -0.02571752853691577911,
            0.63616377115249633789,
            -0.64238280057907104492,
            0.70733094215393066406,
            0.02689957059919834137,
            0.30080848932266235352,
            -1.29977726936340332031,
            0.67355495691299438477,
            -1.05408108234405517578,
            0.44266560673713684082,
            -0.73564982414245605469,
            0.63668602705001831055,
            -0.30847576260566711426,
            0.15819925069808959961,
            -1.60131812095642089844,
            0.44299513101577758789,
            -1.52963662147521972656,
            0.06991034746170043945,
            -0.76843547821044921875,
            0.70613706111907958984,
            -0.48338580131530761719,
            0.11789947748184204102,
            -1.51726698875427246094,
            0.44930326938629150391,
            -1.66464745998382568359,
            -0.02831416018307209015,
            -0.78622215986251831055,
            0.7210547327995300293,
            -0.18031033873558044434,
            0.10930106043815612793,
            -1.48474431037902832031,
            0.47681051492691040039,
            -1.24048852920532226563,
            -0.02163450606167316437,
            -0.73557555675506591797,
            0.76307606697082519531,
            0.26368159055709838867,
            0.10995724797248840332,
            -1.70882260799407958984,
            0.52995735406875610352,
            -1.06832742691040039063,
            0.07296841591596603394,
            -0.18346609175205230713,
            0.80418020486831665039,
            0.63833254575729370117,
            0.10651641339063644409,
            -1.21878480911254882813,
            0.58274322748184204102,
            -0.80861228704452514648,
            0.06864468753337860107,
            0.13635762035846710205,
            0.63825505971908569336,
            0.82629477977752685547,
            0.08500539511442184448,
            -0.32409101724624633789,
            0.46145474910736083984,
            -0.56555193662643432617,
            0.07106709480285644531,
            1.25613987445831298828,
            0.54295361042022705078,
            1.10279798507690429688,
            0.12958885729312896729,
            2.24219226837158203125,
            0.35250833630561828613,
            1.91034603118896484375,
            -0.02821533754467964172,
            1.32192814350128173828,
            0.39517343044281005859,
            1.79487383365631103516,
            0.16111856698989868164,
            2.99175548553466796875,
            0.14214842021465301514,
            3.29641079902648925781,
            0.02132082171738147736,
            1.07451283931732177734,
            0.37449684739112854004,
            1.79199945926666259766,
            0.14541514217853546143,
            2.6100482940673828125,
            0.36885216832160949707,
            3.43187475204467773438,
            0.09845501184463500977,
            1.18780815601348876953,
            0.38183280825614929199,
            1.68172955513000488281,
            0.11637776345014572144,
            3.21785783767700195313,
            0.40612247586250305176,
            3.28547763824462890625,
            0.03303356468677520752,
            4.1918811798095703125,
            0.4065335392951965332,
            3.66766023635864257813,
            0.08772365003824234009,
            8.61985015869140625,
            0.41908401250839233398,
            7.53071069717407226563,
            0.00985135603696107864,
            7.25009965896606445313,
            0.40470737218856811523,
            5.76534557342529296875,
            0.09840606898069381714,
            15.50574779510498046875,
            0.40938171744346618652,
            13.57698822021484375,
            0.02696867473423480988
          ],
          "timeTags": [
            36.41640000045299530029,
            122.93310000002384185791,
            223.69370000064373016357,
            317.33149999938905239105,
            407.74490000121295452118,
            503.37450000084936618805,
            594.01480000093579292297,
            686.61569999903440475464,
            781.47399999946355819702,
            883.14460000023245811462,
            978.33880000188946723938,
            1070.49400000087916851044,
            1168.48129999823868274689,
            1258.24070000089704990387,
            1354.64609999954700469971,
            1453.48680000193417072296,
            1545.56230000033974647522,
            1636.45959999971091747284,
            1726.99599999934434890747,
            1821.72519999928772449493,
            1920.2258999999612569809
          ],
          "info": [
            "FileName",
            "2020-06-30_15-13-39_8376d3d0-bad3-11ea-9f5b-8df294b31e94.mubu",
            "gui",
            "autobounds minmax, shape envelopebpf, interface multibpf, opacity 1, colormode rainbow, hidenotforemost 1"
          ]
        }
      ]
    }
  ]
}