{
  "format": "mubujson1",
  "numBuffers": 1,
  "numTracks": 1,
  "bufferNames": [
    "off:off 2"
  ],
  "bufferInfos": [
    [
      "label",
      "off:off"
    ]
  ],
  "tracks": [
    {
      "name": "posenet_normalized_selection",
      "mxCols": 8,
      "mxRows": 1,
      "hasVarRows": false,
      "hasTimeTags": true,
      "nonNumType": "none",
      "maxSize": 5000,
      "buffers": [
        {
          "maxSize": 5000,
          "size": 23,
          "sampleRate": 1000.0,
          "sampleOffset": 0.0,
          "mxRows": 1,
          "mxCols": 8,
          "mxData": [
            -0.72251147031784057617,
            0.67755448818206787109,
            0.62207335233688354492,
            0.68522107601165771484,
            -0.68174546957015991211,
            1.03542232513427734375,
            0.65400141477584838867,
            1.02472710609436035156,
            -0.7120189666748046875,
            0.67431998252868652344,
            0.62255537509918212891,
            0.67943668365478515625,
            -0.68047744035720825195,
            1.03425276279449462891,
            0.64866566658020019531,
            1.01407229900360107422,
            -0.70400542020797729492,
            0.68156093358993530273,
            0.66050601005554199219,
            0.66997039318084716797,
            -0.6772022247314453125,
            1.04107773303985595703,
            0.65944647789001464844,
            0.99131214618682861328,
            -0.68724799156188964844,
            0.67704558372497558594,
            0.74861180782318115234,
            0.65539067983627319336,
            -0.6421998143196105957,
            1.03358185291290283203,
            0.77394431829452514648,
            1.00356781482696533203,
            -0.72297781705856323242,
            0.67278784513473510742,
            0.80301588773727416992,
            0.64350980520248413086,
            -0.68887543678283691406,
            1.01465940475463867188,
            0.80496501922607421875,
            1.03691887855529785156,
            -0.745594024658203125,
            0.62232220172882080078,
            0.88405007123947143555,
            0.55814176797866821289,
            -0.90720766782760620117,
            0.89738249778747558594,
            0.77807623147964477539,
            0.8873183131217956543,
            -0.72454649209976196289,
            0.61603617668151855469,
            0.94905984401702880859,
            0.5387325286865234375,
            -0.9745000004768371582,
            0.85691851377487182617,
            0.78430896997451782227,
            0.86902326345443725586,
            -0.60335367918014526367,
            0.60289859771728515625,
            0.5996551513671875,
            0.32643747329711914063,
            -1.16551959514617919922,
            0.67305415868759155273,
            0.00416517816483974457,
            0.46788319945335388184,
            -0.64735734462738037109,
            0.65729743242263793945,
            0.35233062505722045898,
            0.2576656043529510498,
            -1.50146996974945068359,
            0.57477074861526489258,
            -0.48409005999565124512,
            0.32572081685066223145,
            -0.4990082085132598877,
            0.63730007410049438477,
            0.11492543667554855347,
            0.18486547470092773438,
            -1.3697376251220703125,
            0.45591664314270019531,
            -0.79792255163192749023,
            0.10616065561771392822,
            -0.55917209386825561523,
            0.67371618747711181641,
            0.07997799664735794067,
            0.12688253819942474365,
            -1.33590066432952880859,
            0.47115376591682434082,
            -0.82026010751724243164,
            0.03759969770908355713,
            -0.60382217168807983398,
            0.65333139896392822266,
            0.04802078753709793091,
            0.12033338099718093872,
            -1.1968860626220703125,
            0.47863382101058959961,
            -0.80195707082748413086,
            0.01485096476972103119,
            -0.42566114664077758789,
            0.64158833026885986328,
            0.38404750823974609375,
            0.114930763840675354,
            -1.08975386619567871094,
            0.45494034886360168457,
            -0.31730148196220397949,
            0.02972589805722236633,
            -0.25518697500228881836,
            0.64580857753753662109,
            0.78426110744476318359,
            0.11270555108785629272,
            -0.97483414411544799805,
            0.43173968791961669922,
            -0.15365739166736602783,
            -0.016497025266289711,
            0.03961386904120445251,
            0.6528288722038269043,
            0.80768209695816040039,
            0.06439915299415588379,
            -0.8760445713996887207,
            0.26325437426567077637,
            -0.10050208121538162231,
            -0.02806512266397476196,
            0.57607269287109375,
            0.70767641067504882813,
            1.34484565258026123047,
            0.09241231530904769897,
            0.42349013686180114746,
            0.32563456892967224121,
            0.53309482336044311523,
            0.01059511583298444748,
            0.52707344293594360352,
            0.4877173006534576416,
            1.26500844955444335938,
            0.11755002290010452271,
            1.56563770771026611328,
            0.42431730031967163086,
            1.79447269439697265625,
            0.06524511426687240601,
            0.80228102207183837891,
            0.44217467308044433594,
            1.79425776004791259766,
            0.11697077006101608276,
            2.1678409576416015625,
            0.4504426121711730957,
            2.6031513214111328125,
            0.04652609676122665405,
            1.02575623989105224609,
            0.43444359302520751953,
            2.0084934234619140625,
            0.14724272489547729492,
            2.67139697074890136719,
            0.48638558387756347656,
            3.12487292289733886719,
            0.10697008669376373291,
            1.18068957328796386719,
            0.41839477419853210449,
            1.75910532474517822266,
            0.12118003517389297485,
            2.94925951957702636719,
            0.49988734722137451172,
            2.92505764961242675781,
            0.13300329446792602539,
            1.15736103057861328125,
            0.43621072173118591309,
            1.61524057388305664063,
            0.16093958914279937744,
            3.15283131599426269531,
            0.52500957250595092773,
            3.11241388320922851563,
            0.14497810602188110352,
            1.10251903533935546875,
            0.44167381525039672852,
            1.81833207607269287109,
            0.16649609804153442383,
            3.29060983657836914063,
            0.52803850173950195313,
            3.37610006332397460938,
            0.1351353079080581665,
            0.97116357088088989258,
            0.45039275288581848145,
            1.63861238956451416016,
            0.15644869208335876465,
            2.84237647056579589844,
            0.52386701107025146484,
            2.93918156623840332031,
            0.14611630141735076904
          ],