{
  "format": "mubujson1",
  "numBuffers": 1,
  "numTracks": 1,
  "bufferNames": [
    "off:off 9"
  ],
  "bufferInfos": [
    [
      "label",
      "off:off"
    ]
  ],
  "tracks": [
    {
      "name": "posenet_normalized_selection",
      "mxCols": 8,
      "mxRows": 1,
      "hasVarRows": false,
      "hasTimeTags": true,
      "nonNumType": "none",
      "maxSize": 5000,
      "buffers": [
        {
          "maxSize": 5000,
          "size": 21,
          "sampleRate": 1000.0,
          "sampleOffset": 0.0,
          "mxRows": 1,
          "mxCols": 8,
          "mxData": [
            -0.82238876819610595703,
            0.58135426044464111328,
            -0.35313308238983154297,
            0.20821209251880645752,
            -2.01808667182922363281,
            0.49954357743263244629,
            -1.97873485088348388672,
            0.19614945352077484131,
            -0.93172192573547363281,
            0.61449378728866577148,
            -0.29574689269065856934,
            0.15478466451168060303,
            -2.08332228660583496094,
            0.4743149876594543457,
            -1.68099641799926757813,
            0.16094459593296051025,
            -0.94849699735641479492,
            0.6736895442008972168,
            -0.20114612579345703125,
            0.1537542194128036499,
            -1.996768951416015625,
            0.50947767496109008789,
            -1.42368054389953613281,
            0.17602533102035522461,
            -0.97100442647933959961,
            0.68097549676895141602,
            -0.05241370201110839844,
            0.14106912910938262939,
            -1.91134011745452880859,
            0.54163861274719238281,
            -1.13183474540710449219,
            0.16953209042549133301,
            -0.90258175134658813477,
            0.66788011789321899414,
            0.01039907056838274002,
            0.12118418514728546143,
            -1.85415434837341308594,
            0.55473232269287109375,
            -0.96182644367218017578,
            0.15236543118953704834,
            -1.17133879661560058594,
            0.62386792898178100586,
            -0.137429848313331604,
            0.10345478355884552002,
            -2.26688098907470703125,
            0.593982696533203125,
            -1.16518187522888183594,
            0.14282390475273132324,
            -1.09793519973754882813,
            0.77275770902633666992,
            0.06394553184509277344,
            0.10461355000734329224,
            -2.16196703910827636719,
            0.65068525075912475586,
            -1.31319415569305419922,
            0.09211156517267227173,
            -1.00348949432373046875,
            0.64854228496551513672,
            0.32344186305999755859,
            0.10631509870290756226,
            -2.25964903831481933594,
            0.70224487781524658203,
            -0.53887647390365600586,
            0.08125559985637664795,
            -0.63809728622436523438,
            0.72423350811004638672,
            0.2779146730899810791,
            0.15512433648109436035,
            -1.64715886116027832031,
            0.73907762765884399414,
            -0.5168316960334777832,
            0.12120936810970306396,
            -0.15495440363883972168,
            0.68376260995864868164,
            1.31771647930145263672,
            0.15980660915374755859,
            0.00174816162325441837,
            0.82124990224838256836,
            1.02430570125579833984,
            0.05438708141446113586,
            0.12372665852308273315,
            0.66603243350982666016,
            1.28001368045806884766,
            0.17758163809776306152,
            1.22821283340454101563,
            0.762714385986328125,
            1.28712296485900878906,
            0.14152488112449645996,
            0.93513959646224975586,
            0.5905825495719909668,
            1.84263932704925537109,
            0.13592728972434997559,
            2.67515087127685546875,
            0.67274671792984008789,
            2.84739446640014648438,
            0.11567238718271255493,
            1.08053600788116455078,
            0.58811306953430175781,
            1.92392420768737792969,
            0.23948289453983306885,
            2.91341257095336914063,
            0.63490325212478637695,
            3.183673858642578125,
            0.16697224974632263184,
            0.94644272327423095703,
            0.55833739042282104492,
            1.67329430580139160156,
            0.24513070285320281982,
            2.71253800392150878906,
            0.53189384937286376953,
            2.74629712104797363281,
            0.19500616192817687988,
            0.90521585941314697266,
            0.51262277364730834961,
            1.40506398677825927734,
            0.23795206844806671143,
            2.71269631385803222656,
            0.53022992610931396484,
            2.27934956550598144531,
            0.1792039722204208374,
            1.54088461399078369141,
            0.50491642951965332031,
            1.85072648525238037109,
            0.20442397892475128174,
            4.8520336151123046875,
            0.59608763456344604492,
            3.795627593994140625,
            0.16571779549121856689,
            4.20977115631103515625,
            0.49126148223876953125,
            5.16070127487182617188,
            0.27756282687187194824,
            12.45106983184814453125,
            0.6258118748664855957,
            9.578098297119140625,
            0.17298948764801025391,
            19.8185100555419921875,
            0.48459711670875549316,
            23.664859771728515625,
            0.30700910091400146484,
            61.17642974853515625,
            0.64038103818893432617,
            46.8694915771484375,
            0.19336286187171936035,
            32.73311614990234375,
            0.50090056657791137695,
            38.528545379638671875,
            0.31981155276298522949,
            103.86080169677734375,
            0.63814711570739746094,
            80.52465057373046875,
            0.21170035004615783691,
            7.34053277969360351563,
            0.49748629331588745117,
            10.7800464630126953125,
            0.30099338293075561523,
            24.1147613525390625,
            0.62971895933151245117,
            20.727214813232421875,
            0.19970285892486572266,
            2.73425769805908203125,
            0.50311464071273803711,
            3.98015999794006347656,
            0.3048159182071685791,
            9.1398220062255859375,
            0.62310558557510375977,
            7.642902374267578125,
            0.1957724839448928833
          ],
          "timeTags": [
            75.48339999839663505554,
            165.02899999544024467468,
            255.67089999839666347725,
            345.8469000011682510376,
            445.42749999836087226868,
            533.84099999815225601196,
            627.81549999862909317017,
            718.20999999716877937317,
            809.98990000039339065552,
            911.53149999678134918213,
            1000.2510999962688629239,
            1099.42039999738335609436,
            1195.37369999662041664124,
            1288.23629999533295631409,
            1389.19700000062584877014,
            1474.49519999697804450989,
            1576.73929999768733978271,
            1666.06049999594688415527,
            1766.64629999548196792603,
            1855.56739999726414680481,
            1948.9391000010073184967
          ],
          "info": [
            "FileName",
            "2020-06-30_15-13-39_8376d3d0-bad3-11ea-9f5b-8df294b31e94.mubu",
            "gui",
            "autobounds minmax, shape envelopebpf, interface multibpf, opacity 1, colormode rainbow, hidenotforemost 1"
          ]
        }
      ]
    }
  ]
}