{
  "format": "mubujson1",
  "numBuffers": 1,
  "numTracks": 1,
  "bufferNames": [
    "off:off 3"
  ],
  "bufferInfos": [
    [
      "label",
      "off:off"
    ]
  ],
  "tracks": [
    {
      "name": "posenet_normalized_selection",
      "mxCols": 8,
      "mxRows": 1,
      "hasVarRows": false,
      "hasTimeTags": true,
      "nonNumType": "none",
      "maxSize": 5000,
      "buffers": [
        {
          "maxSize": 5000,
          "size": 21,
          "sampleRate": 1000.0,
          "sampleOffset": 1983.37009999901056289673,
          "mxRows": 1,
          "mxCols": 8,
          "mxData": [
            -0.73136663436889648438,
            0.70320463180541992188,
            0.57854491472244262695,
            0.70978850126266479492,
            -0.66376292705535888672,
            1.10173058509826660156,
            0.61563551425933837891,
            1.08189928531646728516,
            -0.7495949864387512207,
            0.71011978387832641602,
            0.57067626714706420898,
            0.71614229679107666016,
            -0.66504323482513427734,
            1.10523962974548339844,
            0.61013501882553100586,
            1.07759714126586914063,
            -0.74847990274429321289,
            0.70025098323822021484,
            0.56482130289077758789,
            0.70294868946075439453,
            -0.67848646640777587891,
            1.09798884391784667969,
            0.61328786611557006836,
            1.07205057144165039063,
            -0.78067535161972045898,
            0.68335932493209838867,
            0.60467988252639770508,
            0.70287060737609863281,
            -0.65833896398544311523,
            1.08614945411682128906,
            0.62931793928146362305,
            1.06390631198883056641,
            -0.77411627769470214844,
            0.67126387357711791992,
            0.70206880569458007813,
            0.6934712529182434082,
            -0.58943200111389160156,
            1.09022808074951171875,
            0.7676932215690612793,
            1.05314528942108154297,
            -0.769863128662109375,
            0.67821621894836425781,
            0.78218698501586914063,
            0.68121325969696044922,
            -0.49290925264358520508,
            1.06084799766540527344,
            0.89409822225570678711,
            1.03035819530487060547,
            -0.73062014579772949219,
            0.64771360158920288086,
            0.83420366048812866211,
            0.64381366968154907227,
            -0.65920007228851318359,
            0.9320220947265625,
            0.97658902406692504883,
            0.94724774360656738281,
            -0.59973067045211791992,
            0.59126144647598266602,
            0.87291717529296875,
            0.55071967840194702148,
            -0.84899300336837768555,
            0.79187023639678955078,
            0.98950779438018798828,
            0.86873680353164672852,
            -0.50188094377517700195,
            0.6617119908332824707,
            -0.23353624343872070313,
            0.37658908963203430176,
            -1.40997135639190673828,
            0.63680100440979003906,
            -1.30199861526489257813,
            0.61054050922393798828,
            -0.55235767364501953125,
            0.76468527317047119141,
            -0.23251006007194519043,
            0.19329206645488739014,
            -1.71789622306823730469,
            0.58955532312393188477,
            -1.60675466060638427734,
            0.25603705644607543945,
            -0.89062368869781494141,
            0.69850981235504150391,
            -0.48556679487228393555,
            0.14580945670604705811,
            -1.88749158382415771484,
            0.51411908864974975586,
            -1.94831955432891845703,
            0.09110320359468460083,
            -0.73832368850708007813,
            0.75310653448104858398,
            -0.30625361204147338867,
            0.13572916388511657715,
            -1.68783831596374511719,
            0.50807976722717285156,
            -1.75686395168304443359,
            0.03928085416555404663,
            -0.51288419961929321289,
            0.75761121511459350586,
            -0.2091051638126373291,
            0.15082177519798278809,
            -1.29139232635498046875,
            0.56628662347793579102,
            -1.09453403949737548828,
            0.03709680214524269104,
            -0.31840828061103820801,
            0.81439530849456787109,
            0.26897639036178588867,
            0.10437261313199996948,
            -1.14845633506774902344,
            0.63221526145935058594,
            -0.79682725667953491211,
            0.16911751031875610352,
            -0.37637498974800109863,
            0.79276943206787109375,
            0.29811930656433105469,
            0.14841391146183013916,
            -1.24816036224365234375,
            0.63858902454376220703,
            -0.72197973728179931641,
            0.16635014116764068604,
            -0.27829077839851379395,
            0.5816605687141418457,
            0.97888559103012084961,
            0.14309895038604736328,
            -0.19096624851226806641,
            0.49526137113571166992,
            -0.2034317702054977417,
            0.06649116426706314087,
            0.52135217189788818359,
            0.58129775524139404297,
            1.14185082912445068359,
            0.12314138561487197876,
            1.63824570178985595703,
            0.51093566417694091797,
            1.34774518013000488281,
            0.03288871049880981445,
            0.66647499799728393555,
            0.36889326572418212891,
            1.5212345123291015625,
            0.14320774376392364502,
            2.43466997146606445313,
            0.2282329946756362915,
            2.56468272209167480469,
            0.03397155553102493286,
            0.69113153219223022461,
            0.38127341866493225098,
            1.7283954620361328125,
            0.15942172706127166748,
            1.95735728740692138672,
            0.35272783041000366211,
            3.19226169586181640625,
            0.11403254419565200806,
            3.03555202484130859375,
            0.28952315449714660645,
            1.92301392555236816406,
            0.23917855322360992432,
            5.8399486541748046875,
            0.2118702232837677002,
            5.16495847702026367188,
            0.12878307700157165527,
            1.7563266754150390625,
            0.35151183605194091797,
            0.65734577178955078125,
            0.22406630218029022217,
            2.95126867294311523438,
            0.23920914530754089355,
            3.06102967262268066406,
            0.17942886054515838623
          ],
          "timeTags": [
            62.28120000101625919342,
            155.96570000052452087402,
            258.07739999890327453613,
            348.54829999804496765137,
            445.84709999710321426392,
            539.68689999915659427643,
            629.68439999781548976898,
            723.29169999994337558746,
            812.36409999802708625793,
            907.93709999881684780121,
            996.4579999968409538269,
            1092.86349999904632568359,
            1183.0668000001460313797,
            1277.43929999880492687225,
            1368.84849999845027923584,
            1461.96799999848008155823,
            1555.85999999940395355225,
            1645.37509999983012676239,
            1738.08289999887347221375,
            1833.07619999907910823822,
            1925.91219999827444553375
          ],
          "info": [
            "FileName",
            "2020-06-30_15-13-39_8376d3d0-bad3-11ea-9f5b-8df294b31e94.mubu",
            "gui",
            "autobounds minmax, shape envelopebpf, interface multibpf, opacity 1, colormode rainbow, hidenotforemost 1"
          ]
        }
      ]
    }
  ]
}