{
  "format": "mubujson1",
  "numBuffers": 1,
  "numTracks": 1,
  "bufferNames": [
    "off:off 4"
  ],
  "bufferInfos": [
    [
      "label",
      "off:off"
    ]
  ],
  "tracks": [
    {
      "name": "posenet_normalized_selection",
      "mxCols": 8,
      "mxRows": 1,
      "hasVarRows": false,
      "hasTimeTags": true,
      "nonNumType": "none",
      "maxSize": 5000,
      "buffers": [
        {
          "maxSize": 5000,
          "size": 21,
          "sampleRate": 1000.0,
          "sampleOffset": 1974.22730000130832195282,
          "mxRows": 1,
          "mxCols": 8,
          "mxData": [
            -0.73129880428314208984,
            0.73028284311294555664,
            0.57736200094223022461,
            0.67573189735412597656,
            -0.59946620464324951172,
            1.08866643905639648438,
            0.55244904756546020508,
            1.03053903579711914063,
            -0.70531690120697021484,
            0.72415220737457275391,
            0.60419625043869018555,
            0.66547244787216186523,
            -0.59850049018859863281,
            1.09230005741119384766,
            0.57870876789093017578,
            1.02879106998443603516,
            -0.68113243579864501953,
            0.71294683218002319336,
            0.69207423925399780273,
            0.67693614959716796875,
            -0.59584975242614746094,
            1.07674515247344970703,
            0.70607167482376098633,
            1.05504047870635986328,
            -0.75010818243026733398,
            0.6865596771240234375,
            0.68938541412353515625,
            0.68754857778549194336,
            -0.66991835832595825195,
            1.04526507854461669922,
            0.72661817073822021484,
            1.06605851650238037109,
            -0.78475093841552734375,
            0.65996509790420532227,
            0.65041995048522949219,
            0.68618535995483398438,
            -0.83617395162582397461,
            1.00167143344879150391,
            0.66919106245040893555,
            1.01601731777191162109,
            -0.70812332630157470703,
            0.6167519688606262207,
            0.5814310908317565918,
            0.59753602743148803711,
            -0.99534821510314941406,
            0.87646490335464477539,
            0.40245988965034484863,
            0.91436731815338134766,
            -0.80058234930038452148,
            0.65739172697067260742,
            0.26921248435974121094,
            0.42298522591590881348,
            -1.31479144096374511719,
            0.79598015546798706055,
            -0.3469524383544921875,
            0.67696642875671386719,
            -0.83364760875701904297,
            0.64930540323257446289,
            -0.61106634140014648438,
            0.44408455491065979004,
            -1.64974451065063476563,
            0.66075605154037475586,
            -1.62901234626770019531,
            0.62012815475463867188,
            -0.65029847621917724609,
            0.71935665607452392578,
            -0.69327485561370849609,
            0.19444102048873901367,
            -1.53996562957763671875,
            0.54226934909820556641,
            -1.60608375072479248047,
            0.19890695810317993164,
            -0.82512402534484863281,
            0.74970668554306030273,
            -0.88058525323867797852,
            0.1880181729793548584,
            -1.77969336509704589844,
            0.55869841575622558594,
            -1.95291495323181152344,
            0.10870518535375595093,
            -0.74150073528289794922,
            0.75677800178527832031,
            -0.65901786088943481445,
            0.18416886031627655029,
            -1.51350843906402587891,
            0.61050611734390258789,
            -1.54555916786193847656,
            0.11374928802251815796,
            -0.68478447198867797852,
            0.76855838298797607422,
            -0.15418964624404907227,
            0.15822137892246246338,
            -1.42783606052398681641,
            0.63201230764389038086,
            -1.21130192279815673828,
            0.1258675307035446167,
            -0.65422654151916503906,
            0.80410313606262207031,
            -0.0225758776068687439,
            0.19583120942115783691,
            -1.49433660507202148438,
            0.65132147073745727539,
            -1.08635675907135009766,
            0.20127320289611816406,
            -0.50847756862640380859,
            0.79537534713745117188,
            0.12522462010383605957,
            0.20295003056526184082,
            -1.20613121986389160156,
            0.64675235748291015625,
            -0.93799978494644165039,
            0.22028546035289764404,
            -0.48804435133934020996,
            0.71078920364379882813,
            0.6077868342399597168,
            0.21403579413890838623,
            -0.76760238409042358398,
            0.65612560510635375977,
            0.11288207769393920898,
            0.10290844738483428955,
            0.19450391829013824463,
            0.65830183029174804688,
            1.23228132724761962891,
            0.25031203031539916992,
            1.59491860866546630859,
            0.69970250129699707031,
            1.53581488132476806641,
            0.20132818818092346191,
            0.63601869344711303711,
            0.57307112216949462891,
            1.68317401409149169922,
            0.19548885524272918701,
            2.22444748878479003906,
            0.56372797489166259766,
            2.54600191116333007813,
            0.17747583985328674316,
            0.6764824986457824707,
            0.49750864505767822266,
            1.70408666133880615234,
            0.22254699468612670898,
            2.0942363739013671875,
            0.47533005475997924805,
            2.86876654624938964844,
            0.17820118367671966553,
            0.84845507144927978516,
            0.47606652975082397461,
            1.4479732513427734375,
            0.26917234063148498535,
            2.09007382392883300781,
            0.46421089768409729004,
            2.51833224296569824219,
            0.16691888868808746338,
            0.97623974084854125977,
            0.45409369468688964844,
            1.38734924793243408203,
            0.26289653778076171875,
            2.40158534049987792969,
            0.4581299126148223877,
            2.79845142364501953125,
            0.18702046573162078857,
            1.06803679466247558594,
            0.47098848223686218262,
            1.38891553878784179688,
            0.31575593352317810059,
            3.00371050834655761719,
            0.46199938654899597168,
            2.93972992897033691406,
            0.34363400936126708984
          ],
          "timeTags": [
            64.90159999951720237732,
            164.55399999953806400299,
            263.39889999851584434509,
            367.37360000051558017731,
            460.97030000016093254089,
            555.35869999974966049194,
            652.94600000046193599701,
            747.04480000026524066925,
            835.74220000021159648895,
            931.3922000005841255188,
            1027.15809999965131282806,
            1124.76960000023245811462,
            1220.52630000002682209015,
            1308.09909999929368495941,
            1399.67300000041723251343,
            1495.98090000078082084656,
            1584.3789999987930059433,
            1674.30459999851882457733,
            1767.20429999940097332001,
            1857.23890000022947788239,
            1960.97360000014305114746
          ],
          "info": [
            "FileName",
            "2020-06-30_15-13-39_8376d3d0-bad3-11ea-9f5b-8df294b31e94.mubu",
            "gui",
            "autobounds minmax, shape envelopebpf, interface multibpf, opacity 1, colormode rainbow, hidenotforemost 1"
          ]
        }
      ]
    }
  ]
}