{
  "format": "mubujson1",
  "numBuffers": 1,
  "numTracks": 1,
  "bufferNames": [
    "off:off 10"
  ],
  "bufferInfos": [
    [
      "label",
      "off:off"
    ]
  ],
  "tracks": [
    {
      "name": "posenet_normalized_selection",
      "mxCols": 8,
      "mxRows": 1,
      "hasVarRows": false,
      "hasTimeTags": true,
      "nonNumType": "none",
      "maxSize": 5000,
      "buffers": [
        {
          "maxSize": 5000,
          "size": 21,
          "sampleRate": 1000.0,
          "sampleOffset": 0.0,
          "mxRows": 1,
          "mxCols": 8,
          "mxData": [
            -0.76742023229598999023,
            0.76536846160888671875,
            0.55096060037612915039,
            0.69377064704895019531,
            -0.63700020313262939453,
            1.10614514350891113281,
            0.54402697086334228516,
            1.05554020404815673828,
            -0.75604915618896484375,
            0.76949262619018554688,
            0.56871879100799560547,
            0.69402766227722167969,
            -0.61122995615005493164,
            1.10869610309600830078,
            0.56531965732574462891,
            1.06391203403472900391,
            -0.75026947259902954102,
            0.75189918279647827148,
            0.58243668079376220703,
            0.67484420537948608398,
            -0.58785927295684814453,
            1.09249806404113769531,
            0.61642092466354370117,
            1.06336271762847900391,
            -0.7392578125,
            0.70273107290267944336,
            0.74881875514984130859,
            0.65888446569442749023,
            -0.57140421867370605469,
            1.04765546321868896484,
            0.85369622707366943359,
            1.04147613048553466797,
            -0.80193239450454711914,
            0.66305834054946899414,
            0.76896065473556518555,
            0.64495837688446044922,
            -0.51801824569702148438,
            1.00503277778625488281,
            0.89271396398544311523,
            1.01437032222747802734,
            -0.72432607412338256836,
            0.61556810140609741211,
            0.65602540969848632813,
            0.57984822988510131836,
            -0.74517077207565307617,
            0.88711190223693847656,
            0.75877320766448974609,
            0.87767308950424194336,
            -0.76142424345016479492,
            0.62465006113052368164,
            0.50354045629501342773,
            0.55091577768325805664,
            -1.02481782436370849609,
            0.84134942293167114258,
            0.44878938794136047363,
            0.81291532516479492188,
            -0.71216636896133422852,
            0.6846764683723449707,
            -0.19655346870422363281,
            0.26552000641822814941,
            -1.41350924968719482422,
            0.70860028266906738281,
            -1.15603029727935791016,
            0.44141235947608947754,
            -0.68549841642379760742,
            0.7155144810676574707,
            -0.46031656861305236816,
            0.19941008090972900391,
            -1.78637528419494628906,
            0.58069616556167602539,
            -1.74122667312622070313,
            0.2016531825065612793,
            -0.53682613372802734375,
            0.7611319422721862793,
            -0.49480652809143066406,
            0.16373941302299499512,
            -1.40779435634613037109,
            0.63691693544387817383,
            -1.89010250568389892578,
            0.10749366879463195801,
            -0.41435563564300537109,
            0.79666185379028320313,
            -0.32813686132431030273,
            0.18842042982578277588,
            -1.24252927303314208984,
            0.65601700544357299805,
            -1.51227009296417236328,
            0.10418380051851272583,
            -0.63435453176498413086,
            0.8210251927375793457,
            -0.02672596648335456848,
            0.23315487802028656006,
            -1.59867298603057861328,
            0.67079246044158935547,
            -1.29582583904266357422,
            0.17609785497188568115,
            -0.8204714655876159668,
            0.83822023868560791016,
            -0.25924578309059143066,
            0.2002423405647277832,
            -1.76181125640869140625,
            0.71217834949493408203,
            -1.21693825721740722656,
            0.16882815957069396973,
            -0.62452375888824462891,
            0.83325809240341186523,
            0.36636844277381896973,
            0.19396711885929107666,
            -1.75353276729583740234,
            0.63840568065643310547,
            -1.32532322406768798828,
            0.23186655342578887939,
            -0.42549148201942443848,
            0.69224208593368530273,
            0.59552025794982910156,
            0.200894966721534729,
            -0.8870055079460144043,
            0.59456837177276611328,
            -0.10025633871555328369,
            0.08528588712215423584,
            0.20173165202140808105,
            0.63869112730026245117,
            1.09411346912384033203,
            0.18791095912456512451,
            1.31251633167266845703,
            0.60433787107467651367,
            1.19510054588317871094,
            0.08948578685522079468,
            0.57179343700408935547,
            0.60542899370193481445,
            1.67324483394622802734,
            0.1500135958194732666,
            2.4475307464599609375,
            0.59026724100112915039,
            2.744335174560546875,
            0.08665324002504348755,
            0.92049801349639892578,
            0.52080208063125610352,
            1.84824812412261962891,
            0.18390333652496337891,
            2.66323447227478027344,
            0.54270321130752563477,
            3.25787472724914550781,
            0.14992451667785644531,
            0.89616686105728149414,
            0.48727357387542724609,
            1.36312031745910644531,
            0.2567850649356842041,
            2.24177575111389160156,
            0.4953339993953704834,
            2.18552851676940917969,
            0.3012822270393371582,
            0.97576308250427246094,
            0.4812908172607421875,
            1.47399246692657470703,
            0.35115066170692443848,
            2.75089788436889648438,
            0.49087512493133544922,
            2.52459573745727539063,
            0.38345119357109069824,
            1.48923623561859130859,
            0.47578582167625427246,
            1.69843661785125732422,
            0.37891075015068054199,
            4.210559844970703125,
            0.50565624237060546875,
            3.42065286636352539063,
            0.40686020255088806152
          ],
          "timeTags": [
            27.14969999901950359344,
            124.27659999765455722809,
            223.77359999902546405792,
            318.56969999894499778748,
            410.88599999807775020599,
            509.46079999953508377075,
            606.17079999856650829315,
            702.37229999713599681854,
            802.3065999988466501236,
            893.3491999991238117218,
            985.58459999971091747284,
            1086.0733999982476234436,
            1185.85749999992549419403,
            1279.46889999881386756897,
            1371.98659999668598175049,
            1460.87079999968409538269,
            1557.31079999916255474091,
            1654.02039999887347221375,
            1747.54589999839663505554,
            1840.43529999814927577972,
            1927.71759999729692935944
          ],
          "info": [
            "FileName",
            "2020-06-30_15-13-39_8376d3d0-bad3-11ea-9f5b-8df294b31e94.mubu",
            "gui",
            "autobounds minmax, shape envelopebpf, interface multibpf, opacity 1, colormode rainbow, hidenotforemost 1"
          ]
        }
      ]
    }
  ]
}