{
  "format": "mubujson1",
  "numBuffers": 1,
  "numTracks": 1,
  "bufferNames": [
    "off:off 9"
  ],
  "bufferInfos": [
    [
      "label",
      "off:off"
    ]
  ],
  "tracks": [
    {
      "name": "posenet_normalized_selection",
      "mxCols": 8,
      "mxRows": 1,
      "hasVarRows": false,
      "hasTimeTags": true,
      "nonNumType": "none",
      "maxSize": 5000,
      "buffers": [
        {
          "maxSize": 5000,
          "size": 31,
          "sampleRate": 1000.0,
          "sampleOffset": 0.0,
          "mxRows": 1,
          "mxCols": 8,
          "mxData": [
            -0.65594720840454101563,
            0.7505512237548828125,
            0.67104601860046386719,
            0.70072561502456665039,
            -0.66201376914978027344,
            1.11030089855194091797,
            0.64489865303039550781,
            1.08088767528533935547,
            -0.65068584680557250977,
            0.74583506584167480469,
            0.68835860490798950195,
            0.70167046785354614258,
            -0.64441198110580444336,
            1.11537241935729980469,
            0.65970283746719360352,
            1.07822751998901367188,
            -0.65893483161926269531,
            0.73183411359786987305,
            0.69354867935180664063,
            0.69618839025497436523,
            -0.63094669580459594727,
            1.11127531528472900391,
            0.69642663002014160156,
            1.06198179721832275391,
            -0.67152112722396850586,
            0.71217107772827148438,
            0.7397543787956237793,
            0.68968611955642700195,
            -0.52771449089050292969,
            1.10690951347351074219,
            0.77924823760986328125,
            1.05257141590118408203,
            -0.67098563909530639648,
            0.6778119206428527832,
            0.79372334480285644531,
            0.65107250213623046875,
            -0.43081715703010559082,
            1.01638174057006835938,
            0.91120189428329467773,
            1.00275242328643798828,
            -0.67812120914459228516,
            0.67615187168121337891,
            0.83542871475219726563,
            0.56989902257919311523,
            -0.42323562502861022949,
            0.93212562799453735352,
            0.91307044029235839844,
            0.9124755859375,
            -0.5327422022819519043,
            0.63561362028121948242,
            0.72039330005645751953,
            0.45829564332962036133,
            -0.679767608642578125,
            0.73164021968841552734,
            0.62580311298370361328,
            0.67771661281585693359,
            -0.59313410520553588867,
            0.69379395246505737305,
            0.62434500455856323242,
            0.23523415625095367432,
            -0.93061411380767822266,
            0.71738588809967041016,
            0.23447299003601074219,
            0.39088127017021179199,
            -0.61471009254455566406,
            0.70222038030624389648,
            0.05967944487929344177,
            0.14277379214763641357,
            -1.38528192043304443359,
            0.58391392230987548828,
            -1.05067098140716552734,
            0.08513388782739639282,
            -0.55365669727325439453,
            0.76197528839111328125,
            -0.10245446860790252686,
            0.13268662989139556885,
            -1.55643939971923828125,
            0.5920785069465637207,
            -1.56908321380615234375,
            0.08891906589269638062,
            -0.33343645930290222168,
            0.83198004961013793945,
            -0.03218544647097587585,
            0.16344243288040161133,
            -1.23733365535736083984,
            0.65766859054565429688,
            -1.16527688503265380859,
            0.10109658539295196533,
            -0.28060707449913024902,
            0.84400141239166259766,
            -0.06093082204461097717,
            0.1729237288236618042,
            -1.14563655853271484375,
            0.65868717432022094727,
            -0.91367197036743164063,
            0.16373197734355926514,
            -0.27296504378318786621,
            0.8302109837532043457,
            0.48125696182250976563,
            0.18588411808013916016,
            -0.73074173927307128906,
            0.6045074462890625,
            -0.40600031614303588867,
            0.14349548518657684326,
            0.02820060402154922485,
            0.84517973661422729492,
            0.86218428611755371094,
            0.14101140201091766357,
            -0.54786342382431030273,
            0.57998496294021606445,
            0.09455841034650802612,
            0.06375623494386672974,
            0.75368094444274902344,
            0.66271072626113891602,
            1.45642840862274169922,
            0.11985934525728225708,
            1.87618482112884521484,
            0.57703095674514770508,
            1.26949274539947509766,
            0.04989953339099884033,
            1.10977864265441894531,
            0.61206984519958496094,
            1.64331948757171630859,
            0.14817535877227783203,
            2.97406744956970214844,
            0.55256515741348266602,
            3.03524827957153320313,
            0.0379232652485370636,
            1.18153107166290283203,
            0.47605538368225097656,
            1.66546106338500976563,
            0.13149581849575042725,
            2.77297449111938476563,
            0.53530639410018920898,
            3.14922547340393066406,
            0.11160213500261306763,
            1.17726910114288330078,
            0.4490827023983001709,
            1.37068080902099609375,
            0.17980204522609710693,
            2.66438722610473632813,
            0.47054812312126159668,
            2.73508715629577636719,
            0.12477977573871612549,
            1.95670008659362792969,
            0.42553082108497619629,
            2.16824102401733398438,
            0.17168834805488586426,
            4.12681102752685546875,
            0.46765613555908203125,
            4.29220628738403320313,
            0.13815402984619140625,
            2.20510458946228027344,
            0.4379908144474029541,
            2.13012027740478515625,
            0.1964091956615447998,
            4.78382158279418945313,
            0.46689549088478088379,
            4.7215423583984375,
            0.14355140924453735352,
            3.73019647598266601563,
            0.44062703847885131836,
            3.50445079803466796875,
            0.2055975794792175293,
            9.10263919830322265625,
            0.4595184624195098877,
            8.73525333404541015625,
            0.13562984764575958252,
            18.0295696258544921875,
            0.44033777713775634766,
            15.06462574005126953125,
            0.18489035964012145996,
            38.657207489013671875,
            0.46225365996360778809,
            36.15511322021484375,
            0.13675947487354278564,
            6.6055889129638671875,
            0.44862055778503417969,
            5.27929401397705078125,
            0.19808843731880187988,
            13.601146697998046875,
            0.47339624166488647461,
            12.59466838836669921875,
            0.13565647602081298828,
            6.38668966293334960938,
            0.44717437028884887695,
            5.26265382766723632813,
            0.20218266546726226807,
            13.95572376251220703125,
            0.47421979904174804688,
            12.77430057525634765625,
            0.13835550844669342041,
            5.2149791717529296875,
            0.44670498371124267578,
            4.2267055511474609375,
            0.19908805191516876221,
            10.507537841796875,
            0.47381800413131713867,
            10.27193546295166015625,
            0.13828703761100769043,
            3.34691524505615234375,
            0.45304849743843078613,
            2.90796542167663574219,
            0.21612496674060821533,
            7.204830169677734375,
