{
  "format": "mubujson1",
  "numBuffers": 1,
  "numTracks": 1,
  "bufferNames": [
    "off:off 2"
  ],
  "bufferInfos": [
    [
      "label",
      "off:off"
    ]
  ],
  "tracks": [
    {
      "name": "posenet_normalized_selection",
      "mxCols": 8,
      "mxRows": 1,
      "hasVarRows": false,
      "hasTimeTags": true,
      "nonNumType": "none",
      "maxSize": 5000,
      "buffers": [
        {
          "maxSize": 5000,
          "size": 20,
          "sampleRate": 1000.0,
          "sampleOffset": 1969.15480000153183937073,
          "mxRows": 1,
          "mxCols": 8,
          "mxData": [
            -0.76727795600891113281,
            0.67407006025314331055,
            0.55916678905487060547,
            0.67513746023178100586,
            -0.69233465194702148438,
            1.01067817211151123047,
            0.48505362868309020996,
            1.01151931285858154297,
            -0.77330034971237182617,
            0.67620253562927246094,
            0.54875725507736206055,
            0.67658752202987670898,
            -0.68932527303695678711,
            1.01559793949127197266,
            0.47501385211944580078,
            1.01301085948944091797,
            -0.77721554040908813477,
            0.66413122415542602539,
            0.5697237849235534668,
            0.66414314508438110352,
            -0.68877047300338745117,
            1.00755941867828369141,
            0.51259559392929077148,
            0.99498182535171508789,
            -0.77703994512557983398,
            0.65437227487564086914,
            0.61131024360656738281,
            0.65479254722595214844,
            -0.67598694562911987305,
            0.99038159847259521484,
            0.56399631500244140625,
            0.99307996034622192383,
            -0.80811512470245361328,
            0.62376427650451660156,
            0.66289979219436645508,
            0.62487739324569702148,
            -0.67990875244140625,
            0.9370257258415222168,
            0.57911348342895507813,
            0.95272374153137207031,
            -0.99922579526901245117,
            0.55931723117828369141,
            0.56496703624725341797,
            0.5503787994384765625,
            -0.85524863004684448242,
            0.80723029375076293945,
            0.32225343585014343262,
            0.77201110124588012695,
            -0.94321483373641967773,
            0.54353272914886474609,
            0.49361169338226318359,
            0.4736804664134979248,
            -1.14589524269104003906,
            0.69974470138549804688,
            -0.089350089430809021,
            0.63780170679092407227,
            -0.81045109033584594727,
            0.5994084477424621582,
            -0.02722269855439662933,
            0.2796166539192199707,
            -1.2823238372802734375,
            0.48613187670707702637,
            -0.91064810752868652344,
            0.13448135554790496826,
            -0.91063547134399414063,
            0.61453104019165039063,
            -0.06247998401522636414,
            0.17120365798473358154,
            -1.67771625518798828125,
            0.40535464882850646973,
            -1.27323365211486816406,
            0.09245319664478302002,
            -0.75460618734359741211,
            0.66793668270111083984,
            -0.00626075360924005508,
            0.12471760064363479614,
            -1.29612481594085693359,
            0.48692929744720458984,
            -1.00003421306610107422,
            0.12869183719158172607,
            -0.78287655115127563477,
            0.67547667026519775391,
            0.16358521580696105957,
            0.08091240376234054565,
            -1.34753644466400146484,
            0.46259662508964538574,
            -0.98640674352645874023,
            0.12242562323808670044,
            -0.90347981452941894531,
            0.72624510526657104492,
            0.12284795194864273071,
            0.14070057868957519531,
            -2.08466625213623046875,
            0.54987615346908569336,
            -1.28996777534484863281,
            0.14273099601268768311,
            -1.06112563610076904297,
            0.7575467228889465332,
            0.23873960971832275391,
            0.13518497347831726074,
            -2.42065882682800292969,
            0.58135443925857543945,
            -1.64730417728424072266,
            0.13235281407833099365,
            -0.95618367195129394531,
            0.72331261634826660156,
            0.17418305575847625732,
            0.13609141111373901367,
            -2.25934076309204101563,
            0.60118925571441650391,
            -1.60301685333251953125,
            0.11914437264204025269,
            -0.34995883703231811523,
            0.70899754762649536133,
            0.66157108545303344727,
            0.13589994609355926514,
            -0.81168663501739501953,
            0.66116976737976074219,
            -0.3729642331600189209,
            0.08589627593755722046,
            0.463367462158203125,
            0.64926499128341674805,
            1.03249800205230712891,
            0.1981322169303894043,
            1.48330330848693847656,
            0.55899256467819213867,
            1.17270755767822265625,
            0.07233505696058273315,
            1.01170146465301513672,
            0.5064156651496887207,
            1.63184237480163574219,
            0.13794384896755218506,
            2.6514720916748046875,
            0.45775917172431945801,
            2.45033621788024902344,
            0.00580174848437309265,
            1.67921674251556396484,
            0.44094693660736083984,
            2.18318128585815429688,
            0.20487076044082641602,
            3.94788503646850585938,
            0.41773846745491027832,
            3.86115884780883789063,
            0.1259565502405166626,
            1.79411053657531738281,
            0.50318139791488647461,
            1.58315336704254150391,
            0.16918168962001800537,
            3.56334996223449707031,
            0.4732723236083984375,
            3.24744868278503417969,
            0.10932862758636474609,
            2.60763287544250488281,
            0.51266461610794067383,
            2.30639314651489257813,
            0.19212615489959716797,
            5.618495941162109375,
            0.48842161893844604492,
            4.997341156005859375,
            0.1403903663158416748
          ],
          "timeTags": [
            68.63030000403523445129,
            173.41180000081658363342,
            267.27250000461935997009,
            366.16019999980926513672,
            464.6871000044047832489,
            570.43640000373125076294,
            663.36580000072717666626,
            762.14630000293254852295,
            858.38619999960064888,
            956.26390000060200691223,
            1054.62449999898672103882,
            1153.56239999830722808838,
            1255.39499999955296516418,
            1353.05760000273585319519,
            1451.21979999914765357971,
            1544.39520000293850898743,
            1641.6868000030517578125,
            1739.57260000333189964294,
            1835.47750000283122062683,
            1929.6230000033974647522
          ],
          "info": [
            "FileName",
            "2020-06-30_15-13-39_8376d3d0-bad3-11ea-9f5b-8df294b31e94.mubu",
            "gui",
            "autobounds minmax, shape envelopebpf, interface multibpf, opacity 1, colormode rainbow, hidenotforemost 1"
          ]
        }
      ]
    }
  ]
}