{
  "format": "mubujson1",
  "numBuffers": 1,
  "numTracks": 1,
  "bufferNames": [
    "off:off 11"
  ],
  "bufferInfos": [
    [
      "label",
      "off:off"
    ]
  ],
  "tracks": [
    {
      "name": "posenet_normalized_selection",
      "mxCols": 8,
      "mxRows": 1,
      "hasVarRows": false,
      "hasTimeTags": true,
      "nonNumType": "none",
      "maxSize": 5000,
      "buffers": [
        {
          "maxSize": 5000,
          "size": 21,
          "sampleRate": 1000.0,
          "sampleOffset": 1974.22730000130832195282,
          "mxRows": 1,
          "mxCols": 8,
          "mxData": [
            -0.77955138683319091797,
            0.76419264078140258789,
            0.53007608652114868164,
            0.70725882053375244141,
            -0.6300004124641418457,
            1.11060643196105957031,
            0.5053609013557434082,
            1.07715833187103271484,
            -0.77878594398498535156,
            0.75912743806838989258,
            0.52351111173629760742,
            0.70175129175186157227,
            -0.62404894828796386719,
            1.11058819293975830078,
            0.51341164112091064453,
            1.06612479686737060547,
            -0.77080899477005004883,
            0.74885195493698120117,
            0.56815141439437866211,
            0.69488942623138427734,
            -0.59345740079879760742,
            1.09483170509338378906,
            0.60225725173950195313,
            1.06851732730865478516,
            -0.81163501739501953125,
            0.72894442081451416016,
            0.63427621126174926758,
            0.67253637313842773438,
            -0.64351606369018554688,
            1.06937897205352783203,
            0.72750329971313476563,
            1.04338979721069335938,
            -0.85470050573348999023,
            0.64577519893646240234,
            0.74664032459259033203,
            0.63221895694732666016,
            -0.67360222339630126953,
            0.98569959402084350586,
            0.94015389680862426758,
            0.96182006597518920898,
            -0.85710710287094116211,
            0.64583218097686767578,
            0.73460984230041503906,
            0.59468388557434082031,
            -0.80457979440689086914,
            0.95610356330871582031,
            0.9348004460334777832,
            0.90873152017593383789,
            -0.7294337153434753418,
            0.62631690502166748047,
            0.57479071617126464844,
            0.46977445483207702637,
            -0.95390337705612182617,
            0.85220324993133544922,
            0.61621582508087158203,
            0.74061846733093261719,
            -0.58657991886138916016,
            0.63199609518051147461,
            0.10799768567085266113,
            0.36228108406066894531,
            -1.34715747833251953125,
            0.75456225872039794922,
            -1.14899206161499023438,
            0.70661729574203491211,
            -0.53540325164794921875,
            0.68631541728973388672,
            -0.38462111353874206543,
            0.20072126388549804688,
            -1.45129323005676269531,
            0.60117888450622558594,
            -1.40317225456237792969,
            0.23651230335235595703,
            -0.51524138450622558594,
            0.74613946676254272461,
            -0.58053106069564819336,
            0.17821553349494934082,
            -1.43400311470031738281,
            0.63016301393508911133,
            -1.89530301094055175781,
            0.12585751712322235107,
            -0.38679957389831542969,
            0.80003392696380615234,
            -0.3532314002513885498,
            0.18563134968280792236,
            -1.30871546268463134766,
            0.65837728977203369141,
            -1.57440149784088134766,
            0.12162378430366516113,
            -0.5017096400260925293,
            0.78853636980056762695,
            -0.3612346947193145752,
            0.18324162065982818604,
            -1.42999887466430664063,
            0.64426600933074951172,
            -1.39510762691497802734,
            0.08660032600164413452,
            -0.50100761651992797852,
            0.826427459716796875,
            -0.04036551713943481445,
            0.1948576122522354126,
            -1.76730489730834960938,
            0.67531156539916992188,
            -1.31540060043334960938,
            0.20777700841426849365,
            -0.62028151750564575195,
            0.83401942253112792969,
            -0.1371637880802154541,
            0.19612924754619598389,
            -1.77080810070037841797,
            0.79481792449951171875,
            -1.08334982395172119141,
            0.20646306872367858887,
            -0.67256832122802734375,
            0.77685642242431640625,
            0.64702332019805908203,
            0.15666835010051727295,
            -1.95949339866638183594,
            0.73473227024078369141,
            -1.93668532371520996094,
            0.18921118974685668945,
            -0.19757820665836334229,
            0.72424173355102539063,
            0.77931576967239379883,
            0.20540994405746459961,
            0.00458247167989611626,
            0.68074977397918701172,
            0.30948477983474731445,
            0.03057429194450378418,
            0.76451897621154785156,
            0.64768707752227783203,
            1.66580188274383544922,
            0.17533980309963226318,
            2.52472710609436035156,
            0.52136266231536865234,
            2.67345380783081054688,
            0.02602528221905231476,
            0.97504097223281860352,
            0.54788410663604736328,
            2.32949662208557128906,
            0.17999303340911865234,
            2.77881479263305664063,
            0.53553402423858642578,
            3.88368511199951171875,
            0.08383183926343917847,
            0.61472672224044799805,
            0.52576088905334472656,
            1.54066002368927001953,
            0.17816421389579772949,
            1.85463273525238037109,
            0.53405892848968505859,
            2.53525137901306152344,
            0.12436809390783309937,
            0.84283059835433959961,
            0.47695651650428771973,
            1.61209452152252197266,
            0.22229622304439544678,
            2.21327328681945800781,
            0.42687678337097167969,
            2.32958698272705078125,
            0.27745327353477478027,
            0.94135862588882446289,
            0.48667660355567932129,
            0.9890639185905456543,
            0.34620735049247741699,
            2.80835032463073730469,
            0.48209503293037414551,
            2.18709158897399902344,
            0.36661499738693237305
          ],
          "timeTags": [
            17.98179999738931655884,
            118.5288000013679265976,
            220.87740000151097774506,
            318.28820000030100345612,
            414.62679999880492687225,
            501.53199999779462814331,
            598.95260000042617321014,
            695.75879999995231628418,
            797.94460000097751617432,
            894.33159999921917915344,
            992.76589999906718730927,
            1089.45889999903738498688,
            1187.5495999995619058609,
            1284.33529999852180480957,
            1375.04930000007152557373,
            1462.78930000029504299164,
            1556.87719999998807907104,
            1650.5664999987930059433,
            1743.58280000090599060059,
            1835.47329999879002571106,
            1932.96710000000894069672
          ],
          "info": [
            "FileName",
            "2020-06-30_15-13-39_8376d3d0-bad3-11ea-9f5b-8df294b31e94.mubu",
            "gui",
            "autobounds minmax, shape envelopebpf, interface multibpf, opacity 1, colormode rainbow, hidenotforemost 1"
          ]
        }
      ]
    }
  ]
}