{
  "format": "mubujson1",
  "numBuffers": 1,
  "numTracks": 1,
  "bufferNames": [
    "off:off 2"
  ],
  "bufferInfos": [
    [
      "label",
      "off:off"
    ]
  ],
  "tracks": [
    {
      "name": "posenet_normalized_selection",
      "mxCols": 8,
      "mxRows": 1,
      "hasVarRows": false,
      "hasTimeTags": true,
      "nonNumType": "none",
      "maxSize": 5000,
      "buffers": [
        {
          "maxSize": 5000,
          "size": 21,
          "sampleRate": 1000.0,
          "sampleOffset": 0.0,
          "mxRows": 1,
          "mxCols": 8,
          "mxData": [
            -0.95911192893981933594,
            0.70148992538452148438,
            0.35674399137496948242,
            0.24592451751232147217,
            -1.82310998439788818359,
            0.54696685075759887695,
            -0.64733684062957763672,
            0.18222637474536895752,
            -0.96921187639236450195,
            0.69845110177993774414,
            0.16405707597732543945,
            0.21102666854858398438,
            -1.88876044750213623047,
            0.5758845210075378418,
            -0.76986896991729736328,
            0.16568875312805175781,
            -0.99613642692565917969,
            0.68873590230941772461,
            0.1806491166353225708,
            0.19376999139785766602,
            -1.92623090744018554688,
            0.65252768993377685547,
            -0.69939196109771728516,
            0.14067186415195465088,
            -0.93353068828582763672,
            0.72091144323348999023,
            0.03443025797605514526,
            0.16181509196758270264,
            -1.91771018505096435547,
            0.67976981401443481445,
            -0.8456929326057434082,
            0.11191306263208389282,
            -0.89312452077865600586,
            0.66852599382400512695,
            0.10508645325899124146,
            0.16010667383670806885,
            -1.96203696727752685547,
            0.66498792171478271484,
            -0.6968243718147277832,
            0.08168120682239532471,
            -1.09454035758972167969,
            0.71025049686431884766,
            -0.15704834461212158203,
            0.15626949071884155273,
            -2.32239937782287597656,
            0.68023240566253662109,
            -0.83526015281677246094,
            0.11661875247955322266,
            -1.01256275177001953125,
            0.75280237197875976563,
            0.13423912227153778076,
            0.18546199798583984375,
            -2.0788593292236328125,
            0.69286346435546875,
            -0.80335801839828491211,
            0.19501155614852905273,
            -0.52512705326080322266,
            0.76224410533905029297,
            0.62356448173522949219,
            0.18394568562507629395,
            -1.33359611034393310547,
            0.7591679692268371582,
            -0.13866424560546875,
            0.14134567975997924805,
            -0.18560731410980224609,
            0.78042608499526977539,
            1.06801259517669677734,
            0.18893039226531982422,
            -0.71191930770874023438,
            0.77473241090774536133,
            0.73864525556564331055,
            0.05983716249465942383,
            0.89614129066467285156,
            0.59717917442321777344,
            1.59154462814331054688,
            0.16176497936248779297,
            2.15840840339660644531,
            0.61805301904678344727,
            2.28204393386840820313,
            0.07390417903661727905,
            1.20586764812469482422,
            0.56949877738952636719,
            1.86604166030883789063,
            0.14694930613040924072,
            3.15868878364562988281,
            0.56829583644866943359,
            3.21892619132995605469,
            0.04931528493762016296,
            1.12103033065795898438,
            0.56965410709381103516,
            1.86603581905364990234,
            0.15621064603328704834,
            3.07630252838134765625,
            0.53769892454147338867,
            2.96035099029541015625,
            0.07398100942373275757,
            1.08340573310852050781,
            0.5552310943603515625,
            1.43555033206939697266,
            0.14913670718669891357,
            2.7796726226806640625,
            0.50148892402648925781,
            2.71835613250732421875,
            0.06795001775026321411,
            1.2008209228515625,
            0.52899479866027832031,
            1.65021920204162597656,
            0.14377129077911376953,
            3.41394138336181640625,
            0.51231741905212402344,
            3.17714834213256835938,
            0.08345454931259155273,
            1.40117895603179931641,
            0.51199030876159667969,
            1.84417319297790527344,
            0.14263984560966491699,
            4.04202747344970703125,
            0.49460256099700927734,
            3.75443029403686523438,
            0.0954573899507522583,
            1.47185969352722167969,
            0.51054376363754272461,
            2.37157416343688964844,
            0.14545044302940368652,
            4.34887552261352539063,
            0.49223875999450683594,
            4.2355632781982421875,
            0.10746347159147262573,
            1.13722705841064453125,
            0.51539319753646850586,
            2.03355526924133300781,
            0.16161771118640899658,
            3.48279285430908203125,
            0.48805582523345947266,
            3.5415821075439453125,
            0.11491391807794570923,
            1.00842905044555664063,
            0.51762211322784423828,
            1.80432021617889404297,
            0.16855286061763763428,
            3.19924879074096679688,
            0.53579115867614746094,
            3.10428333282470703125,
            0.12599381804466247559,
            0.99905312061309814453,
            0.52073067426681518555,
            1.80815899372100830078,
            0.17010162770748138428,
            3.15649938583374023438,
            0.51719820499420166016,
            3.09687685966491699219,
            0.11642604321241378784,
            0.90518563985824584961,
            0.52585333585739135742,
            1.61513113975524902344,
            0.17043511569499969482,
            3.02536416053771972656,
            0.52481412887573242188,
            2.97721242904663085938,
            0.12044759094715118408,
            0.92662090063095092773,
            0.53983819484710693359,
            1.63281679153442382813,
            0.19074742496013641357,
            3.10193705558776855469,
            0.54126316308975219727,
            3.02863645553588867188,
            0.13692010939121246338
          ],
          "timeTags": [
            35.31019999831914901733,
            135.56890000402927398682,
            246.29279999807476997375,
            342.49419999867677688599,
            432.07340000197291374207,
            523.81329999864101409912,
            623.01119999960064888,
            713.16560000181198120117,
            812.99430000036954879761,
            912.86809999868273735046,
            1001.13179999962449073792,
            1098.36829999834299087524,
            1194.54700000211596488953,
            1282.09160000458359718323,
            1381.92449999973177909851,
            1479.95210000127553939819,
            1576.60269999876618385315,
            1664.99570000171661376953,
            1768.41710000112652778625,
            1868.72580000013113021851,
            1968.76470000296831130981
          ],
          "info": [
            "FileName",
            "2020-06-30_15-13-39_8376d3d0-bad3-11ea-9f5b-8df294b31e94.mubu",
            "gui",
            "autobounds minmax, shape envelopebpf, interface multibpf, opacity 1, colormode rainbow, hidenotforemost 1"
          ]
        }
      ]
    }
  ]
}