{
  "format": "mubujson1",
  "numBuffers": 1,
  "numTracks": 1,
  "bufferNames": [
    "off:off 5"
  ],
  "bufferInfos": [
    [
      "label",
      "off:off"
    ]
  ],
  "tracks": [
    {
      "name": "posenet_normalized_selection",
      "mxCols": 8,
      "mxRows": 1,
      "hasVarRows": false,
      "hasTimeTags": true,
      "nonNumType": "none",
      "maxSize": 5000,
      "buffers": [
        {
          "maxSize": 5000,
          "size": 21,
          "sampleRate": 1000.0,
          "sampleOffset": 2012.40619999542832374573,
          "mxRows": 1,
          "mxCols": 8,
          "mxData": [
            -0.74957960844039916992,
            0.68632388114929199219,
            0.65928286314010620117,
            0.70259916782379150391,
            -0.64482516050338745117,
            1.06000673770904541016,
            0.59757375717163085938,
            1.037471771240234375,
            -0.73891127109527587891,
            0.69324445724487304688,
            0.67118775844573974609,
            0.70344012975692749023,
            -0.63941913843154907227,
            1.06643211841583251953,
            0.60519683361053466797,
            1.0399799346923828125,
            -0.71201592683792114258,
            0.69508188962936401367,
            0.66881692409515380859,
            0.70399457216262817383,
            -0.62005752325057983398,
            1.07025206089019775391,
            0.64707726240158081055,
            1.04361402988433837891,
            -0.70479464530944824219,
            0.67681521177291870117,
            0.69854205846786499023,
            0.70633298158645629883,
            -0.58506500720977783203,
            1.03988742828369140625,
            0.59417039155960083008,
            1.01817190647125244141,
            -0.70951503515243530273,
            0.65549051761627197266,
            0.70267063379287719727,
            0.69414931535720825195,
            -0.59333443641662597656,
            1.00869572162628173828,
            0.51076662540435791016,
            1.02481555938720703125,
            -0.677532196044921875,
            0.60664606094360351563,
            0.67039161920547485352,
            0.6287555694580078125,
            -0.78290659189224243164,
            0.94188410043716430664,
            0.31693056225776672363,
            0.87426316738128662109,
            -0.58987611532211303711,
            0.63053548336029052734,
            0.50029176473617553711,
            0.60566031932830810547,
            -0.90787196159362792969,
            0.90366286039352416992,
            0.01231964584439992905,
            0.77407675981521606445,
            -0.606594085693359375,
            0.60441088676452636719,
            0.28110527992248535156,
            0.36853894591331481934,
            -1.33185851573944091797,
            0.76569503545761108398,
            -0.79122978448867797852,
            0.61152189970016479492,
            -0.89118784666061401367,
            0.60056263208389282227,
            -0.00172968674451112747,
            0.27882716059684753418,
            -1.61193931102752685547,
            0.6484127044677734375,
            -1.41601479053497314453,
            0.34788984060287475586,
            -0.74397373199462890625,
            0.65048867464065551758,
            0.00821140594780445099,
            0.17617012560367584229,
            -1.68786668777465820313,
            0.50679177045822143555,
            -0.63209336996078491211,
            0.12395731359720230103,
            -0.80853760242462158203,
            0.65731054544448852539,
            -0.18762974441051483154,
            0.1498464047908782959,
            -1.77039194107055664063,
            0.51542299985885620117,
            -1.47122323513031005859,
            0.12444566190242767334,
            -0.80113178491592407227,
            0.67553150653839111328,
            0.01029104739427566528,
            0.14798037707805633545,
            -1.51357007026672363281,
            0.54684281349182128906,
            -0.65626156330108642578,
            0.06427899003028869629,
            -0.82119339704513549805,
            0.66849738359451293945,
            0.11680714040994644165,
            0.13891834020614624023,
            -1.48187243938446044922,
            0.55931711196899414063,
            -0.66659575700759887695,
            0.04461951181292533875,
            -0.90102624893188476563,
            0.68229794502258300781,
            0.17712806165218353271,
            0.13217516243457794189,
            -1.49868011474609375,
            0.58882117271423339844,
            -0.52456122636795043945,
            0.05307067930698394775,
            -0.79332113265991210938,
            0.7483628392219543457,
            0.23766522109508514404,
            0.14112675189971923828,
            -1.60035252571105957031,
            0.66249406337738037109,
            -0.50374788045883178711,
            0.06180370226502418518,
            -0.4956645965576171875,
            0.75179386138916015625,
            0.34659644961357116699,
            0.13216482102870941162,
            -1.83196055889129638672,
            0.82809334993362426758,
            -0.53169333934783935547,
            0.06705786287784576416,
            -0.10592010617256164551,
            0.75303220748901367188,
            0.73817807435989379883,
            0.14213567972183227539,
            -0.80079358816146850586,
            0.72009825706481933594,
            -0.23383539915084838867,
            0.15070220828056335449,
            0.04740969464182853699,
            0.66274684667587280273,
            1.52273249626159667969,
            0.15759907662868499756,
            0.52822858095169067383,
            0.6791712641716003418,
            0.92004102468490600586,
            0.08758458495140075684,
            0.86543357372283935547,
            0.5456892848014831543,
            1.66337537765502929688,
            0.16620002686977386475,
            2.4417743682861328125,
            0.58497869968414306641,
            2.79345655441284179688,
            0.11912310868501663208,
            0.89153438806533813477,
            0.51053178310394287109,
            1.91136479377746582031,
            0.17492651939392089844,
            2.87285017967224121094,
            0.53497445583343505859,
            3.22760462760925292969,
            0.12319234013557434082,
            1.05162549018859863281,
            0.57065093517303466797,
            1.5766620635986328125,
            0.20295448601245880127,
            2.8403167724609375,
            0.51126295328140258789,
            2.87384653091430664063,
            0.1431239694356918335
          ],
          "timeTags": [
            54.78380000218749046326,
            152.70490000024437904358,
            250.32740000262856483459,
            352.73570000007748603821,
            444.60089999809861183167,
            543.81160000339150428772,
            632.05620000138878822327,
            729.88760000094771385193,
            823.85679999738931655884,
            913.08140000328421592712,
            1005.74280000105500221252,
            1097.57919999957084655762,
            1187.36239999905228614807,
            1282.9438000023365020752,
            1375.93750000372529029846,
            1458.64570000022649765015,
            1564.07620000466704368591,
            1660.48250000178813934326,
            1755.48970000073313713074,
            1857.28260000422596931458,
            1958.71270000562071800232
          ],
          "info": [
            "FileName",
            "2020-06-30_15-13-39_8376d3d0-bad3-11ea-9f5b-8df294b31e94.mubu",
            "gui",
            "autobounds minmax, shape envelopebpf, interface multibpf, opacity 1, colormode rainbow, hidenotforemost 1"
          ]
        }
      ]
    }
  ]
}