{
  "format": "mubujson1",
  "numBuffers": 1,
  "numTracks": 1,
  "bufferNames": [
    "off:off 1"
  ],
  "bufferInfos": [
    [
      "label",
      "off:off"
    ]
  ],
  "tracks": [
    {
      "name": "posenet_normalized_selection",
      "mxCols": 8,
      "mxRows": 1,
      "hasVarRows": false,
      "hasTimeTags": true,
      "nonNumType": "none",
      "maxSize": 5000,
      "buffers": [
        {
          "maxSize": 5000,
          "size": 22,
          "sampleRate": 1000.0,
          "sampleOffset": 1974.22730000130832195282,
          "mxRows": 1,
          "mxCols": 8,
          "mxData": [
            -0.7411365509033203125,
            0.67582935094833374023,
            0.59993404150009155273,
            0.68895781040191650391,
            -0.69971460103988647461,
            1.06826817989349365234,
            0.57452905178070068359,
            1.07706868648529052734,
            -0.74524402618408203125,
            0.68877047300338745117,
            0.58823335170745849609,
            0.70247411727905273438,
            -0.69462734460830688477,
            1.08022975921630859375,
            0.56624168157577514648,
            1.09278976917266845703,
            -0.73907184600830078125,
            0.7019678950309753418,
            0.57736104726791381836,
            0.7127221226692199707,
            -0.68278580904006958008,
            1.08635818958282470703,
            0.56526315212249755859,
            1.09339392185211181641,
            -0.74548584222793579102,
            0.71160370111465454102,
            0.57139921188354492188,
            0.71493607759475708008,
            -0.70491325855255126953,
            1.07691335678100585938,
            0.56449258327484130859,
            1.09103548526763916016,
            -0.75248098373413085938,
            0.70696413516998291016,
            0.58190304040908813477,
            0.71698880195617675781,
            -0.70424157381057739258,
            1.06960499286651611328,
            0.56488686800003051758,
            1.08979249000549316406,
            -0.81600898504257202148,
            0.66789174079895019531,
            0.62045109272003173828,
            0.67532885074615478516,
            -0.70726168155670166016,
            1.06694078445434570313,
            0.583911895751953125,
            1.07370150089263916016,
            -0.93396759033203125,
            0.64738118648529052734,
            0.75670289993286132813,
            0.68943667411804199219,
            -0.75479918718338012695,
            0.95297616720199584961,
            0.42639759182929992676,
            0.96013116836547851563,
            -0.95709991455078125,
            0.58436983823776245117,
            0.75517457723617553711,
            0.63371390104293823242,
            -0.86045795679092407227,
            0.89834684133529663086,
            0.22737023234367370605,
            0.81260311603546142578,
            -0.9105727076530456543,
            0.51320093870162963867,
            0.6198514103889465332,
            0.55230426788330078125,
            -1.09004271030426025391,
            0.7045904994010925293,
            -0.0967369377613067627,
            0.68618470430374145508,
            -0.84685212373733520508,
            0.54916524887084960938,
            -0.05852578207850456238,
            0.3776073753833770752,
            -1.39941251277923583984,
            0.49023547768592834473,
            -0.94775879383087158203,
            0.42445081472396850586,
            -1.02101743221282958984,
            0.54035830497741699219,
            -0.46791291236877441406,
            0.25601080060005187988,
            -1.66235828399658203125,
            0.36164382100105285645,
            -1.28837072849273681641,
            0.21888907253742218018,
            -1.16861093044281005859,
            0.51838260889053344727,
            -0.45527058839797973633,
            0.16764312982559204102,
            -1.88970768451690673828,
            0.34367647767066955566,
            -1.35789322853088378906,
            0.14202278852462768555,
            -1.18395566940307617188,
            0.52113014459609985352,
            -0.83946514129638671875,
            0.19764590263366699219,
            -1.82104313373565673828,
            0.31351700425148010254,
            -1.76128935813903808594,
            0.15518546104431152344,
            -0.74035245180130004883,
            0.62416255474090576172,
            -0.92497241497039794922,
            0.48060485720634460449,
            -1.62979066371917724609,
            0.50191408395767211914,
            -1.89942824840545654297,
            0.31510058045387268066,
            -1.11734938621520996094,
            0.62808561325073242188,
            -0.27373811602592468262,
            0.08300385624170303345,
            -1.99886310100555419922,
            0.47957921028137207031,
            -1.507564544677734375,
            0.15498754382133483887,
            -1.29174911975860595703,
            0.724620819091796875,
            -0.16358943283557891846,
            0.12620103359222412109,
            -2.14851927757263183594,
            0.5108979344367980957,
            -1.66758310794830322266,
            0.21433903276920318604,
            -1.07235026359558105469,
            0.73325955867767333984,
            0.0205564592033624649,
            0.10626116394996643066,
            -2.00424265861511230469,
            0.54264217615127563477,
            -1.42744183540344238281,
            0.17116248607635498047,
            -0.6132043004035949707,
            0.76542532444000244141,
            0.6806818842887878418,
            0.06864453107118606567,
            -1.57611060142517089844,
            0.51917862892150878906,
            -0.57667076587677001953,
            0.03964139893651008606,
            0.44952446222305297852,
            0.74335908889770507813,
            1.57448291778564453125,
            0.08733409643173217773,
            -0.09092777222394943237,
            0.46257826685905456543,
            0.98528969287872314453,
            -0.00092180300271138549,
            1.24459683895111083984,
            0.58727318048477172852,
            1.69173204898834228516,
            0.14443549513816833496,
            2.54805517196655273438,
            0.39776474237442016602,
            2.51592516899108886719,
            0.05122602730989456177,
            1.51968145370483398438,
            0.43698972463607788086,
            1.89820742607116699219,
            0.1734167635440826416,
            3.6495876312255859375,
            0.41331824660301208496,
            3.49988770484924316406,
            0.10446696728467941284,
            1.65259587764739990234,
            0.33996215462684631348,
            1.83167254924774169922,
            0.15885235369205474854,
            3.88664293289184570313,
            0.43285745382308959961,
            3.66728925704956054688,
            0.16332347691059112549
          ],
          "timeTags": [
            9.80129999853670597076,
            111.60900000110268592834,
            202.88519999757409095764,
            290.7129999995231628418,
            387.73499999940395355225,
            483.18089999817311763763,
            573.50980000011622905731,
            665.38440000079572200775,
            772.01939999870955944061,
            867.83639999851584434509,
            953.27020000293850898743,
            1041.0905999988317489624,
            1137.21639999933540821075,
            1237.89240000024437904358,
            1323.94830000028014183044,
            1419.92789999954402446747,
            1509.20309999957680702209,
            1608.01889999955892562866,
            1701.20459999889135360718,
            1795.60259999893605709076,
            1885.19629999808967113495,
            1974.89909999817609786987
          ],