{
  "format": "mubujson1",
  "numBuffers": 1,
  "numTracks": 1,
  "bufferNames": [
    "off:off 4"
  ],
  "bufferInfos": [
    [
      "label",
      "off:off"
    ]
  ],
  "tracks": [
    {
      "name": "posenet_normalized_selection",
      "mxCols": 8,
      "mxRows": 1,
      "hasVarRows": false,
      "hasTimeTags": true,
      "nonNumType": "none",
      "maxSize": 5000,
      "buffers": [
        {
          "maxSize": 5000,
          "size": 20,
          "sampleRate": 1000.0,
          "sampleOffset": 0.0,
          "mxRows": 1,
          "mxCols": 8,
          "mxData": [
            -0.79099434614181518555,
            0.67137748003005981445,
            0.56784045696258544922,
            0.65858787298202514648,
            -0.68470543622970581055,
            1.02472460269927978516,
            0.58892101049423217773,
            0.9870650172233581543,
            -0.81817871332168579102,
            0.66431128978729248047,
            0.55290114879608154297,
            0.65659832954406738281,
            -0.68638759851455688477,
            1.01199460029602050781,
            0.60032415390014648438,
            0.98349738121032714844,
            -0.81443363428115844727,
            0.65908819437026977539,
            0.56542736291885375977,
            0.65468549728393554688,
            -0.68012315034866333008,
            1.00367093086242675781,
            0.60253947973251342773,
            0.98716062307357788086,
            -0.96888297796249389648,
            0.59012889862060546875,
            0.65968650579452514648,
            0.59715759754180908203,
            -0.73530954122543334961,
            0.87497150897979736328,
            0.56154918670654296875,
            0.91344285011291503906,
            -1.07019412517547607422,
            0.58761572837829589844,
            0.64927178621292114258,
            0.59800726175308227539,
            -0.81630802154541015625,
            0.85472637414932250977,
            0.50075429677963256836,
            0.8636786341667175293,
            -0.78413039445877075195,
            0.52553343772888183594,
            0.19705908000469207764,
            0.3967736661434173584,
            -0.9825808405876159668,
            0.51142108440399169922,
            -0.49540466070175170898,
            0.41579848527908325195,
            -0.9564113616943359375,
            0.52359449863433837891,
            0.03167558461427688599,
            0.2940521538257598877,
            -1.69230604171752929688,
            0.46711573004722595215,
            -0.9414851069450378418,
            0.11217241734266281128,
            -0.88073354959487915039,
            0.56995218992233276367,
            0.03192893415689468384,
            0.15179333090782165527,
            -1.56200337409973144531,
            0.39020842313766479492,
            -1.20611977577209472656,
            0.10931919515132904053,
            -0.95730471611022949219,
            0.62892353534698486328,
            0.00928218942135572433,
            0.13591757416725158691,
            -1.62845444679260253906,
            0.45588099956512451172,
            -1.17910277843475341797,
            0.11524723470211029053,
            -0.75495886802673339844,
            0.70137435197830200195,
            0.03805018961429595947,
            0.13384705781936645508,
            -1.48399198055267333984,
            0.5314076542854309082,
            -0.9383366703987121582,
            0.14181739091873168945,
            -0.93578225374221801758,
            0.71813797950744628906,
            0.24269811809062957764,
            0.12709692120552062988,
            -1.94747173786163330078,
            0.56520533561706542969,
            -1.40588212013244628906,
            0.18904705345630645752,
            -1.07197833061218261719,
            0.74706876277923583984,
            0.19976273179054260254,
            0.12756489217281341553,
            -2.41553902626037597656,
            0.61912840604782104492,
            -1.68416690826416015625,
            0.12761920690536499023,
            -0.64870983362197875977,
            0.76356118917465209961,
            0.47758933901786804199,
            0.07444855570793151855,
            -1.74681699275970458984,
            0.31703272461891174316,
            -1.36510753631591796875,
            0.10928426682949066162,
            0.11129841208457946777,
            0.60125529766082763672,
            1.510158538818359375,
            0.11491150408983230591,
            0.24514733254909515381,
            0.58564651012420654297,
            0.62118673324584960938,
            -0.01315648015588521957,
            0.9851627349853515625,
            0.54513096809387207031,
            1.71102595329284667969,
            0.0519941374659538269,
            2.20760846138000488281,
            0.51308870315551757813,
            1.72883009910583496094,
            -0.00498275086283683777,
            1.67636609077453613281,
            0.44710531830787658691,
            2.42984509468078613281,
            0.12994204461574554443,
            3.73873257637023925781,
            0.45559662580490112305,
            3.64813685417175292969,
            0.03972857818007469177,
            1.3725566864013671875,
            0.42311045527458190918,
            1.94283068180084228516,
            0.24074514210224151611,
            3.20961761474609375,
            0.42495813965797424316,
            3.55666470527648925781,
            0.18619930744171142578,
            1.59173262119293212891,
            0.48428434133529663086,
            1.60912752151489257813,
            0.17985393106937408447,
            3.77697134017944335938,
            0.46800690889358520508,
            3.28356885910034179688,
            0.13055577874183654785,
            2.33478212356567382813,
            0.49996387958526611328,
            1.83938241004943847656,
            0.17691808938980102539,
            5.4658184051513671875,
            0.50140589475631713867,
            4.53178071975708007813,
            0.14722707867622375488,
            5.16749048233032226563,
            0.51254469156265258789,
            4.28158521652221679688,
            0.1591905057430267334,
            10.7944431304931640625,
            0.48746007680892944336,
            10.29965686798095703125,
            0.14171735942363739014
          ],
          "timeTags": [
            96.3125,
            200.25119999796152114868,
            309.29239999875426292419,
            407.00059999525547027588,
            504.85219999775290489197,
            598.12319999560713768005,
            693.56739999353885650635,
            790.82519999891519546509,
            886.19259999692440032959,
            976.7790999971330165863,
            1072.53029999509453773499,
            1174.56769999489188194275,
            1273.125,
            1372.0975999981164932251,
            1473.73330000042915344238,
            1572.11639999598264694214,
            1661.99319999665021896362,
            1774.37259999662637710571,
            1873.85509999841451644897,
            1974.7228999994695186615
          ],
          "info": [
            "FileName",
            "2020-06-30_15-13-39_8376d3d0-bad3-11ea-9f5b-8df294b31e94.mubu",
            "gui",
            "autobounds minmax, shape envelopebpf, interface multibpf, opacity 1, colormode rainbow, hidenotforemost 1"
          ]
        }
      ]
    }
  ]
}