{
  "format": "mubujson1",
  "numBuffers": 1,
  "numTracks": 1,
  "bufferNames": [
    "off:off 2"
  ],
  "bufferInfos": [
    [
      "label",
      "off:off"
    ]
  ],
  "tracks": [
    {
      "name": "posenet_normalized_selection",
      "mxCols": 8,
      "mxRows": 1,
      "hasVarRows": false,
      "hasTimeTags": true,
      "nonNumType": "none",
      "maxSize": 5000,
      "buffers": [
        {
          "maxSize": 5000,
          "size": 21,
          "sampleRate": 1000.0,
          "sampleOffset": 0.0,
          "mxRows": 1,
          "mxCols": 8,
          "mxData": [
            -0.74323534965515136719,
            0.74940156936645507813,
            0.56878370046615600586,
            0.70393586158752441406,
            -0.58338600397109985352,
            1.11618876457214355469,
            0.58301943540573120117,
            1.08051264286041259766,
            -0.78509736061096191406,
            0.70137190818786621094,
            0.65304368734359741211,
            0.67956459522247314453,
            -0.60681736469268798828,
            1.09448194503784179688,
            0.6242726445198059082,
            1.07057535648345947266,
            -0.90245354175567626953,
            0.66496235132217407227,
            0.7035592198371887207,
            0.65961492061614990234,
            -0.71495723724365234375,
            1.05389344692230224609,
            0.6369959712028503418,
            1.02771317958831787109,
            -0.79560965299606323242,
            0.57949602603912353516,
            0.65408092737197875977,
            0.62617510557174682617,
            -1.01563107967376708984,
            0.8754304051399230957,
            0.3366127312183380127,
            0.88857501745223999023,
            -0.87364023923873901367,
            0.56191724538803100586,
            0.58351576328277587891,
            0.56365609169006347656,
            -1.27278482913970947266,
            0.80114513635635375977,
            -0.02436721883714199066,
            0.84089952707290649414,
            -0.86038434505462646484,
            0.56278204917907714844,
            0.13005597889423370361,
            0.42871716618537902832,
            -1.33168900012969970703,
            0.66560548543930053711,
            -0.61074179410934448242,
            0.54199832677841186523,
            -0.79688411951065063477,
            0.61394280195236206055,
            -0.39263558387756347656,
            0.32096114754676818848,
            -1.57771778106689453125,
            0.52007085084915161133,
            -1.50086772441864013672,
            0.38116362690925598145,
            -1.02824580669403076172,
            0.53940349817276000977,
            -0.54261636734008789063,
            0.13503271341323852539,
            -1.94704985618591308594,
            0.27867141366004943848,
            -1.86835908889770507813,
            0.1264317631721496582,
            -1.14677321910858154297,
            0.59068971872329711914,
            -0.85844242572784423828,
            0.10497607290744781494,
            -2.23760533332824707031,
            0.33984589576721191406,
            -2.22523283958435058594,
            -0.00933293439447879791,
            -1.21039998531341552734,
            0.59407913684844970703,
            -0.94806832075119018555,
            0.10536310821771621704,
            -2.41034841537475585938,
            0.36860299110412597656,
            -2.39652180671691894531,
            0.01368865650147199631,
            -1.09611415863037109375,
            0.58901780843734741211,
            -0.59434092044830322266,
            0.06454305350780487061,
            -2.17465329170227050781,
            0.41896384954452514648,
            -1.85932588577270507813,
            0.06468673050403594971,
            -1.32538747787475585938,
            0.62479883432388305664,
            -0.30910813808441162109,
            0.07055460661649703979,
            -2.40938568115234375,
            0.45478877425193786621,
            -1.76301860809326171875,
            0.08775706589221954346,
            -1.22677838802337646484,
            0.67734795808792114258,
            0.0271013844758272171,
            0.07912559807300567627,
            -2.27691984176635742188,
            0.47347745299339294434,
            -1.49103295803070068359,
            0.10093321651220321655,
            -1.25792729854583740234,
            0.6872882843017578125,
            -0.06499817967414855957,
            0.07655291259288787842,
            -2.2360897064208984375,
            0.51821601390838623047,
            -1.60522055625915527344,
            0.09246111661195755005,
            -1.35706043243408203125,
            0.70466798543930053711,
            0.35574841499328613281,
            0.10458478331565856934,
            -2.62349414825439453125,
            0.52872335910797119141,
            -1.70357108116149902344,
            0.05396136268973350525,
            -0.47812497615814208984,
            0.73822981119155883789,
            0.31765696406364440918,
            0.06943392008543014526,
            -1.4400959014892578125,
            0.54772073030471801758,
            -0.69000804424285888672,
            0.00218286528252065182,
            -0.01635589264333248138,
            0.68670958280563354492,
            1.16017675399780273438,
            0.12342156469821929932,
            0.23792006075382232666,
            0.44463339447975158691,
            0.54210627079010009766,
            -0.00498920585960149765,
            0.91691219806671142578,
            0.62672048807144165039,
            1.54103147983551025391,
            0.13707609474658966064,
            2.10798144340515136719,
            0.45954924821853637695,
            2.03478336334228515625,
            -0.01719246618449687958,
            1.56695353984832763672,
            0.51221686601638793945,
            1.66466939449310302734,
            0.15984883904457092285,
            3.23859167098999023438,
            0.51247173547744750977,
            3.16735625267028808594,
            0.11917864531278610229,
            1.57857906818389892578,
            0.4675159752368927002,
            1.72954511642456054688,
            0.1632925570011138916,
            3.34067082405090332031,
            0.51253789663314819336,
            3.41832041740417480469,
            0.13591662049293518066,
            2.84021902084350585938,
            0.46130129694938659668,
            2.40334010124206542969,
            0.25689512491226196289,
            6.94497632980346679688,
            0.48237565159797668457,
            5.69701242446899414063,
            0.17785824835300445557
          ],
          "timeTags": [
            59.06520000100135803223,
            154.52460000105202198029,
            248.31360000185668468475,
            342.45990000106394290924,
            434.47540000267326831818,
            532.92240000143647193909,
            625.65330000035464763641,
            721.39010000042617321014,
            811.80300000123679637909,
            903.98300000093877315521,
            1001.97440000064671039581,
            1091.06660000234842300415,
            1183.39830000139772891998,
            1275.56510000303387641907,
            1369.84779999963939189911,
            1467.60180000215768814087,
            1553.79930000379681587219,
            1642.96100000105798244476,
            1739.91350000165402889252,
            1831.59000000171363353729,
            1926.45910000242292881012
          ],
          "info": [
            "FileName",
            "2020-06-30_15-13-39_8376d3d0-bad3-11ea-9f5b-8df294b31e94.mubu",
            "gui",
            "autobounds minmax, shape envelopebpf, interface multibpf, opacity 1, colormode rainbow, hidenotforemost 1"
          ]
        }
      ]
    }
  ]
}