{
  "format": "mubujson1",
  "numBuffers": 1,
  "numTracks": 1,
  "bufferNames": [
    "off:off 4"
  ],
  "bufferInfos": [
    [
      "label",
      "off:off"
    ]
  ],
  "tracks": [
    {
      "name": "posenet_normalized_selection",
      "mxCols": 8,
      "mxRows": 1,
      "hasVarRows": false,
      "hasTimeTags": true,
      "nonNumType": "none",
      "maxSize": 5000,
      "buffers": [
        {
          "maxSize": 5000,
          "size": 23,
          "sampleRate": 1000.0,
          "sampleOffset": 1937.52309999987483024597,
          "mxRows": 1,
          "mxCols": 8,
          "mxData": [
            -0.74907118082046508789,
            0.67753356695175170898,
            0.60980057716369628906,
            0.67795842885971069336,
            -0.68615782260894775391,
            1.00671410560607910156,
            0.58168208599090576172,
            1.01516664028167724609,
            -0.74384158849716186523,
            0.67708557844161987305,
            0.60654199123382568359,
            0.67320847511291503906,
            -0.67764180898666381836,
            1.01014912128448486328,
            0.58491879701614379883,
            1.01769495010375976563,
            -0.73580622673034667969,
            0.67654055356979370117,
            0.61167806386947631836,
            0.66277170181274414063,
            -0.66887152194976806641,
            1.01170742511749267578,
            0.61369156837463378906,
            1.00270593166351318359,
            -0.76569718122482299805,
            0.67735660076141357422,
            0.60813432931900024414,
            0.66362720727920532227,
            -0.69170528650283813477,
            1.01139760017395019531,
            0.61447477340698242188,
            0.99900794029235839844,
            -0.72414529323577880859,
            0.68150091171264648438,
            0.64769369363784790039,
            0.65843421220779418945,
            -0.65576583147048950195,
            1.01466667652130126953,
            0.65674835443496704102,
            0.98842602968215942383,
            -0.71227014064788818359,
            0.67170864343643188477,
            0.7034212946891784668,
            0.65579056739807128906,
            -0.63157451152801513672,
            1.00087332725524902344,
            0.7248675227165222168,
            0.9964262843132019043,
            -0.75431925058364868164,
            0.6584689021110534668,
            0.75576096773147583008,
            0.63660597801208496094,
            -0.65908896923065185547,
            0.98180270195007324219,
            0.77208089828491210938,
            0.9776242375373840332,
            -0.73589593172073364258,
            0.62691086530685424805,
            0.75480914115905761719,
            0.57036346197128295898,
            -0.7838351130485534668,
            0.92551726102828979492,
            0.69971543550491333008,
            0.88768655061721801758,
            -0.54134571552276611328,
            0.63097369670867919922,
            0.68369048833847045898,
            0.47441789507865905762,
            -1.03414607048034667969,
            0.77158117294311523438,
            0.18549080193042755127,
            0.63889968395233154297,
            -0.58253473043441772461,
            0.71731305122375488281,
            0.47975596785545349121,
            0.33249542117118835449,
            -1.32679891586303710938,
            0.68905675411224365234,
            -0.42488661408424377441,
            0.34233352541923522949,
            -0.64441728591918945313,
            0.70961880683898925781,
            0.54623401165008544922,
            0.20452909171581268311,
            -1.43446910381317138672,
            0.45890372991561889648,
            -1.08025646209716796875,
            0.08180770277976989746,
            -0.7082970738410949707,
            0.72024804353713989258,
            0.14480315148830413818,
            0.18610446155071258545,
            -1.64526975154876708984,
            0.53935921192169189453,
            -1.36041116714477539063,
            0.09508430957794189453,
            -0.73170924186706542969,
            0.73136675357818603516,
            -0.08517838269472122192,
            0.07268243283033370972,
            -1.55611956119537353516,
            0.51887971162796020508,
            -1.21497845649719238281,
            0.05960364267230033875,
            -0.87009680271148681641,
            0.75961792469024658203,
            -0.06082535535097122192,
            0.08216443657875061035,
            -1.63587248325347900391,
            0.52066445350646972656,
            -1.16751980781555175781,
            -0.03817452117800712585,
            -0.40499311685562133789,
            0.73549634218215942383,
            0.35786470770835876465,
            0.07595033943653106689,
            -1.24475884437561035156,
            0.50586169958114624023,
            -0.60164231061935424805,
            -0.00322856754064559937,
            -0.23707681894302368164,
            0.74209415912628173828,
            0.96216660737991333008,
            0.20472848415374755859,
            -1.22393357753753662109,
            0.46397459506988525391,
            0.06594691425561904907,
            0.03599769622087478638,
            0.15709285438060760498,
            0.62374246120452880859,
            1.48032903671264648438,
            0.03562102466821670532,
            0.56461453437805175781,
            0.41465398669242858887,
            0.8302199244499206543,
            -0.07253755629062652588,
            0.6154715418815612793,
            0.49593847990036010742,
            1.64134299755096435547,
            0.17892791330814361572,
            1.83082365989685058594,
            0.49786657094955444336,
            2.38442015647888183594,
            0.08192343264818191528,
            0.62865328788757324219,
            0.51899611949920654297,
            1.52407860755920410156,
            0.16046772897243499756,
            1.85952818393707275391,
            0.45688971877098083496,
            2.50416040420532226563,
            0.12835779786109924316,
            0.8338565826416015625,
            0.49891865253448486328,
            1.69679749011993408203,
            0.17552363872528076172,
            2.24993944168090820313,
            0.438388824462890625,
            2.75785756111145019531,
            0.10870820283889770508,
            0.63011443614959716797,
            0.48253762722015380859,
            1.40522527694702148438,
            0.19494444131851196289,
            1.98249483108520507813,
            0.46702843904495239258,
            2.39982581138610839844,
            0.10024806112051010132,
            0.54000997543334960938,
            0.47800046205520629883,
            1.39738881587982177734,
            0.21622665226459503174,
            1.915653228759765625,
            0.47170630097389221191,
            2.45020508766174316406,
            0.11526093631982803345,
            0.4770056307315826416,
            0.49612125754356384277,
            1.30065691471099853516,
            0.2359746098518371582,
            1.87359285354614257813,
            0.49174901843070983887,
            2.414829254150390625,
            0.13638210296630859375
          ],