{
  "format": "mubujson1",
  "numBuffers": 1,
  "numTracks": 1,
  "bufferNames": [
    "off:off 1"
  ],
  "bufferInfos": [
    [
      "label",
      "off:off"
    ]
  ],
  "tracks": [
    {
      "name": "posenet_normalized_selection",
      "mxCols": 8,
      "mxRows": 1,
      "hasVarRows": false,
      "hasTimeTags": true,
      "nonNumType": "none",
      "maxSize": 5000,
      "buffers": [
        {
          "maxSize": 5000,
          "size": 31,
          "sampleRate": 1000.0,
          "sampleOffset": 0.0,
          "mxRows": 1,
          "mxCols": 8,
          "mxData": [
            -0.70309579372406005859,
            0.7223675847053527832,
            0.60333371162414550781,
            0.68031901121139526367,
            -0.69326519966125488281,
            1.05845630168914794922,
            0.56320333480834960938,
            1.07368779182434082031,
            -0.72590708732604980469,
            0.72737336158752441406,
            0.59950548410415649414,
            0.68731659650802612305,
            -0.72153991460800170898,
            1.05996477603912353516,
            0.56654196977615356445,
            1.07398200035095214844,
            -0.7098566889762878418,
            0.71524852514266967773,
            0.59059119224548339844,
            0.68235003948211669922,
            -0.70295292139053344727,
            1.05830430984497070313,
            0.55325043201446533203,
            1.07594382762908935547,
            -0.72536748647689819336,
            0.72939926385879516602,
            0.58404636383056640625,
            0.68374538421630859375,
            -0.71850341558456420898,
            1.06896078586578369141,
            0.54934340715408325195,
            1.07333481311798095703,
            -0.72045820951461791992,
            0.72191911935806274414,
            0.57533681392669677734,
            0.68437582254409790039,
            -0.71185582876205444336,
            1.05699884891510009766,
            0.53781312704086303711,
            1.07186102867126464844,
            -0.70458543300628662109,
            0.72096717357635498047,
            0.59132909774780273438,
            0.67833548784255981445,
            -0.70417726039886474609,
            1.06375896930694580078,
            0.56007927656173706055,
            1.06859731674194335938,
            -0.74665755033493041992,
            0.68619292974472045898,
            0.67416459321975708008,
            0.6738312840461730957,
            -0.70074391365051269531,
            1.02837908267974853516,
            0.63892602920532226563,
            1.06786978244781494141,
            -0.75494426488876342773,
            0.6582387089729309082,
            0.71460825204849243164,
            0.67461866140365600586,
            -0.69257628917694091797,
            1.03393268585205078125,
            0.72845345735549926758,
            1.0696544647216796875,
            -0.65807497501373291016,
            0.60954070091247558594,
            0.71777313947677612305,
            0.65260851383209228516,
            -0.78551083803176879883,
            0.89135563373565673828,
            0.68938332796096801758,
            1.00133574008941650391,
            -0.62704885005950927734,
            0.63449853658676147461,
            0.51324033737182617188,
            0.57687270641326904297,
            -1.00072240829467773438,
            0.79650086164474487305,
            0.30635762214660644531,
            0.85610228776931762695,
            -0.83541691303253173828,
            0.66995388269424438477,
            0.41027379035949707031,
            0.44473350048065185547,
            -1.60852611064910888672,
            0.74380868673324584961,
            -0.25483465194702148438,
            0.70857441425323486328,
            -0.74002802371978759766,
            0.67272734642028808594,
            -0.43503320217132568359,
            0.27052539587020874023,
            -1.48318982124328613281,
            0.58356446027755737305,
            -1.53117799758911132813,
            0.44124832749366760254,
            -0.8068695068359375,
            0.67451769113540649414,
            -0.58566492795944213867,
            0.17403924465179443359,
            -1.72199690341949462891,
            0.49504742026329040527,
            -1.83227825164794921875,
            0.14954793453216552734,
            -0.80333799123764038086,
            0.70186394453048706055,
            -0.60680574178695678711,
            0.13136678934097290039,
            -1.77312743663787841797,
            0.48067802190780639648,
            -2.0752811431884765625,
            0.09560594707727432251,
            -0.55966818332672119141,
            0.75432133674621582031,
            -0.33193063735961914063,
            0.16439849138259887695,
            -1.36961770057678222656,
            0.51625263690948486328,
            -1.34624397754669189453,
            0.09222488105297088623,
            -0.42494246363639831543,
            0.76333481073379516602,
            -0.11909874528646469116,
            0.13527074456214904785,
            -1.34006750583648681641,
            0.53836393356323242188,
            -1.22507488727569580078,
            0.08445130288600921631,
            -0.51738524436950683594,
            0.78847956657409667969,
            -0.17071332037448883057,
            0.15635642409324645996,
            -1.43203365802764892578,
            0.5940093994140625,
            -1.17286443710327148438,
            0.1000951230525970459,
            -0.53858852386474609375,
            0.81748270988464355469,
            -0.11837571114301681519,
            0.13110964000225067139,
            -1.54801464080810546875,
            0.62531012296676635742,
            -1.11635029315948486328,
            0.14007164537906646729,
            -0.42383590340614318848,
            0.82528764009475708008,
            0.35499468445777893066,
            0.16663509607315063477,
            -1.36079502105712890625,
            0.6791083216667175293,
            -0.84133100509643554688,
            0.16598255932331085205,
            -0.17284421622753143311,
            0.70603728294372558594,
            0.54953914880752563477,
            0.11048956215381622314,
            -0.57362693548202514648,
            0.61321908235549926758,
            -0.63545584678649902344,
            0.11403220146894454956,
            0.35051700472831726074,
            0.65522813796997070313,
            1.25656163692474365234,
            0.09129723161458969116,
            1.31288647651672363281,
            0.59095555543899536133,
            0.58146142959594726563,
            0.04725797101855278015,
            0.87702298164367675781,
            0.51024204492568969727,
            1.42550516128540039063,
            0.14658443629741668701,
            2.65206027030944824219,
            0.56518542766571044922,
            2.83888554573059082031,
            0.10249335318803787231,
            1.03090155124664306641,
            0.44442600011825561523,
            1.69174313545227050781,
            0.11740806698799133301,
            2.56025981903076171875,
            0.51579755544662475586,
            3.33695769309997558594,
            0.08806013315916061401,
            1.20335698127746582031,
            0.4192593991756439209,
            1.62632000446319580078,
            0.09780374914407730103,
            2.78208780288696289063,
            0.42902299761772155762,
            3.35154366493225097656,
            0.06589249521493911743,
            2.756328582763671875,
            0.40386247634887695313,
            1.66456317901611328125,
            0.17838776111602783203,
            5.34915208816528320313,
            0.38144791126251220703,
            4.76289510726928710938,
            0.08796297013759613037,
            3.41775465011596679688,
            0.38382330536842346191,
            1.78066790103912353516,
            0.23429654538631439209,
