{
  "format": "mubujson1",
  "numBuffers": 1,
  "numTracks": 1,
  "bufferNames": [
    "off:off 6"
  ],
  "bufferInfos": [
    [
      "label",
      "off:off"
    ]
  ],
  "tracks": [
    {
      "name": "posenet_normalized_selection",
      "mxCols": 8,
      "mxRows": 1,
      "hasVarRows": false,
      "hasTimeTags": true,
      "nonNumType": "none",
      "maxSize": 5000,
      "buffers": [
        {
          "maxSize": 5000,
          "size": 22,
          "sampleRate": 1000.0,
          "sampleOffset": 0.0,
          "mxRows": 1,
          "mxCols": 8,
          "mxData": [
            -0.74573647975921630859,
            0.72852385044097900391,
            0.59924596548080444336,
            0.6735718846321105957,
            -0.65189844369888305664,
            1.10086286067962646484,
            0.60346937179565429688,
            1.04898858070373535156,
            -0.71995145082473754883,
            0.73419183492660522461,
            0.62609106302261352539,
            0.67957460880279541016,
            -0.61474072933197021484,
            1.09550416469573974609,
            0.62479883432388305664,
            1.05703532695770263672,
            -0.68784379959106445313,
            0.73346894979476928711,
            0.65898519754409790039,
            0.67824137210845947266,
            -0.57846599817276000977,
            1.0920314788818359375,
            0.66061079502105712891,
            1.05447924137115478516,
            -0.67977195978164672852,
            0.72619962692260742188,
            0.68823140859603881836,
            0.67748868465423583984,
            -0.5631249547004699707,
            1.08714306354522705078,
            0.67358642816543579102,
            1.05036485195159912109,
            -0.73446041345596313477,
            0.68510550260543823242,
            0.71935176849365234375,
            0.68025916814804077148,
            -0.52480095624923706055,
            1.04736304283142089844,
            0.71950525045394897461,
            1.02504563331604003906,
            -0.76958763599395751953,
            0.6597766876220703125,
            0.74023270606994628906,
            0.63401591777801513672,
            -0.57894998788833618164,
            0.99769580364227294922,
            0.75416278839111328125,
            0.99084764719009399414,
            -0.67773640155792236328,
            0.61588770151138305664,
            0.59954226016998291016,
            0.50179910659790039063,
            -0.7801278233528137207,
            0.89218127727508544922,
            0.40073704719543457031,
            0.78986239433288574219,
            -0.75280648469924926758,
            0.61619365215301513672,
            0.41746923327445983887,
            0.43512177467346191406,
            -1.14254164695739746094,
            0.79484629631042480469,
            -0.14135347306728363037,
            0.63459116220474243164,
            -0.79620563983917236328,
            0.68021059036254882813,
            -0.26279848814010620117,
            0.31041163206100463867,
            -1.36105191707611083984,
            0.71337682008743286133,
            -1.26445114612579345703,
            0.44487872719764709473,
            -0.72379165887832641602,
            0.65319776535034179688,
            -0.40257120132446289063,
            0.23691999912261962891,
            -1.5562496185302734375,
            0.59244883060455322266,
            -1.46428263187408447266,
            0.27362364530563354492,
            -0.66961890459060668945,
            0.71811401844024658203,
            -0.43785813450813293457,
            0.18438215553760528564,
            -1.5346927642822265625,
            0.51787054538726806641,
            -1.80969202518463134766,
            0.09491040557622909546,
            -0.63564926385879516602,
            0.78268933296203613281,
            -0.56854730844497680664,
            0.20959275960922241211,
            -1.78689658641815185547,
            0.57438284158706665039,
            -1.87970685958862304688,
            0.11057395488023757935,
            -0.60480290651321411133,
            0.78814816474914550781,
            -0.7002785801887512207,
            0.19545392692089080811,
            -1.58441805839538574219,
            0.64394241571426391602,
            -1.83126056194305419922,
            0.12456450611352920532,
            -0.78256595134735107422,
            0.82696247100830078125,
            -0.22312079370021820068,
            0.18334555625915527344,
            -2.38400435447692871094,
            0.66417294740676879883,
            -2.06882071495056152344,
            0.13159576058387756348,
            -0.71255153417587280273,
            0.78570604324340820313,
            -0.08847929537296295166,
            0.15290261805057525635,
            -1.98060286045074462891,
            0.73787599802017211914,
            -1.54164099693298339844,
            0.1892655491828918457,
            -0.84939521551132202148,
            0.80291640758514404297,
            0.1612707674503326416,
            0.14743882417678833008,
            -2.25144481658935546875,
            0.60417008399963378906,
            -1.76814222335815429688,
            0.15758052468299865723,
            -0.12922607362270355225,
            0.74498832225799560547,
            0.46614125370979309082,
            0.13400290906429290771,
            -0.67774039506912231445,
            0.5877678990364074707,
            -0.30392730236053466797,
            0.03944763541221618652,
            0.54868036508560180664,
            0.65243166685104370117,
            1.11801671981811523438,
            0.14306999742984771729,
            2.11894488334655761719,
            0.55042695999145507813,
            1.68687784671783447266,
            0.09202846139669418335,
            1.66408741474151611328,
            0.52073848247528076172,
            2.85583043098449707031,
            0.14885669946670532227,
            4.50485563278198242188,
            0.46517318487167358398,
            4.85870122909545898438,
            0.07827577739953994751,
            0.96451258659362792969,
            0.46994996070861816406,
            1.70973825454711914063,
            0.14881171286106109619,
            2.82671904563903808594,
            0.44717937707901000977,
            3.13469290733337402344,
            0.11157041788101196289,
            1.22759127616882324219,
            0.45400193333625793457,
            1.80624115467071533203,
            0.17762327194213867188,
            3.50398135185241699219,
            0.45378959178924560547,
            3.70801043510437011719,
            0.13123108446598052979,
            4.83447742462158203125,
            0.46386447548866271973,
            4.408885955810546875,
            0.15849800407886505127,
            10.013576507568359375,
            0.43312719464302062988,
            9.40780353546142578125,
            0.13961620628833770752
          ],
          "timeTags": [
            18.82199999876320362091,
            117.03969999775290489197,
            212.36979999952018260956,
            316.80409999936819076538,
            405.5172000005841255188,
            503.37199999950820483718,
            596.35979999974370002747,
            684.58220000006258487701,
            775.86029999889433383942,
            873.15060000121593475342,
            966.6577000003308057785,
            1058.9249000009149312973,
            1156.66249999776482582092,
            1250.54169999808073043823,
            1337.62289999984204769135,
            1428.20219999738037586212,
            1527.61489999853074550629,
            1616.90999999828636646271,
            1710.57439999841153621674,
            1802.95089999958872795105,
            1891.008299998939037323,
            1988.73099999874830245972
          ],