{
  "format": "mubujson1",
  "numBuffers": 1,
  "numTracks": 1,
  "bufferNames": [
    "off:off 3"
  ],
  "bufferInfos": [
    [
      "label",
      "off:off"
    ]
  ],
  "tracks": [
    {
      "name": "posenet_normalized_selection",
      "mxCols": 8,
      "mxRows": 1,
      "hasVarRows": false,
      "hasTimeTags": true,
      "nonNumType": "none",
      "maxSize": 5000,
      "buffers": [
        {
          "maxSize": 5000,
          "size": 21,
          "sampleRate": 1000.0,
          "sampleOffset": 2012.40619999542832374573,
          "mxRows": 1,
          "mxCols": 8,
          "mxData": [
            -0.9115588068962097168,
            0.66756242513656616211,
            0.12131822854280471802,
            0.25856101512908935547,
            -1.38395047187805175781,
            0.49152588844299316406,
            -1.09752547740936279297,
            0.23158892989158630371,
            -0.97104537487030029297,
            0.66061133146286010742,
            -0.00793727859854698181,
            0.25757619738578796387,
            -1.48428213596343994141,
            0.48553639650344848633,
            -1.32641744613647460938,
            0.21955160796642303467,
            -0.98991918563842773438,
            0.66277754306793212891,
            0.02200433425605297089,
            0.2336679995059967041,
            -1.46733212471008300781,
            0.46425443887710571289,
            -1.30049860477447509766,
            0.20340575277805328369,
            -0.97535872459411621094,
            0.67082041501998901367,
            0.06736681610345840454,
            0.2294842451810836792,
            -1.42721545696258544922,
            0.45364040136337280273,
            -1.22057318687438964844,
            0.20931696891784667969,
            -0.99891519546508789063,
            0.68346399068832397461,
            -0.11376359313726425171,
            0.21491140127182006836,
            -1.47708857059478759766,
            0.47652131319046020508,
            -1.33160889148712158203,
            0.23952396214008331299,
            -1.02638900279998779297,
            0.66095328330993652344,
            0.02470018528401851654,
            0.1999003291130065918,
            -1.56121623516082763672,
            0.41622948646545410156,
            -1.39091658592224121094,
            0.22394007444381713867,
            -0.99212872982025146484,
            0.68314224481582641602,
            0.160242423415184021,
            0.20822460949420928955,
            -1.60389757156372070313,
            0.41936525702476501465,
            -1.35171115398406982422,
            0.2223567962646484375,
            -1.02392685413360595703,
            0.6880893707275390625,
            0.2127275317907333374,
            0.20168510079383850098,
            -1.81272625923156738281,
            0.42975315451622009277,
            -1.43952679634094238281,
            0.1963497549295425415,
            -0.98675972223281860352,
            0.76304286718368530273,
            0.20811215043067932129,
            0.15900377929210662842,
            -1.96690928936004638672,
            0.74043440818786621094,
            -0.5755767822265625,
            0.16802750527858734131,
            -0.84998917579650878906,
            0.76305413246154785156,
            0.24312444031238555908,
            0.22080522775650024414,
            -1.79717183113098144531,
            0.73354071378707885742,
            -0.68764650821685791016,
            0.16103683412075042725,
            -0.36693683266639709473,
            0.76102185249328613281,
            0.70467829704284667969,
            0.1709397435188293457,
            -0.99560767412185668945,
            0.74473351240158081055,
            -0.24495473504066467285,
            0.18380957841873168945,
            0.40619832277297973633,
            0.69504404067993164063,
            1.61522245407104492188,
            0.15973995625972747803,
            1.37361574172973632813,
            0.6205603480339050293,
            1.81256663799285888672,
            0.17238409817218780518,
            0.99204736948013305664,
            0.55214464664459228516,
            2.27623152732849121094,
            0.14526388049125671387,
            3.15330719947814941406,
            0.62234985828399658203,
            3.68697237968444824219,
            0.16292510926723480225,
            1.50066936016082763672,
            0.49888998270034790039,
            2.65755701065063476563,
            0.13844850659370422363,
            3.41134476661682128906,
            0.58136671781539916992,
            4.31908559799194335938,
            0.17416083812713623047,
            1.03748214244842529297,
            0.52903145551681518555,
            1.80787169933319091797,
            0.17189416289329528809,
            2.62655138969421386719,
            0.59866195917129516602,
            3.0220489501953125,
            0.16744443774223327637,
            1.05815851688385009766,
            0.55702555179595947266,
            1.92333424091339111328,
            0.21287308633327484131,
            2.81891703605651855469,
            0.61456835269927978516,
            3.33618903160095214844,
            0.16949386894702911377,
            0.92880576848983764648,
            0.54518818855285644531,
            1.98813414573669433594,
            0.20894074440002441406,
            2.74688363075256347656,
            0.59527993202209472656,
            3.41064000129699707031,
            0.18377046287059783936,
            0.79438686370849609375,
            0.55740094184875488281,
            1.74319028854370117188,
            0.21737313270568847656,
            2.43087100982666015625,
            0.60661739110946655273,
            2.96887278556823730469,
            0.21383650600910186768,
            0.88130420446395874023,
            0.54899752140045166016,
            1.76447248458862304688,
            0.20714275538921356201,
            2.70772814750671386719,
            0.60945165157318115234,
            3.22475314140319824219,
            0.2075916975736618042,
            0.8784186244010925293,
            0.54701954126358032227,
            1.75674092769622802734,
            0.21089123189449310303,
            2.58011198043823242188,
            0.58992213010787963867,
            3.12844324111938476563,
            0.23141491413116455078,
            0.83117896318435668945,
            0.54980999231338500977,
            1.67007005214691162109,
            0.20564417541027069092,
            2.54760193824768066406,
            0.59605669975280761719,
            2.98734521865844726563,
            0.22542943060398101807
          ],
          "timeTags": [
            79.75530000030994415283,
            170.36389999836683273315,
            265.48229999840259552002,
            363.91210000216960906982,
            466.90590000152587890625,
            561.99879999831318855286,
            660.61370000243186950684,
            762.24899999797344207764,
            860.80810000374913215637,
            954.62470000237226486206,
            1055.66730000078678131104,
            1140.35799999907612800598,
            1242.37379999831318855286,
            1338.85359999909996986389,
            1437.93160000070929527283,
            1534.80130000039935112,
            1630.85230000317096710205,
            1735.26060000434517860413,
            1836.53390000388026237488,
            1927.79480000212788581848,
            2018.46810000389814376831
          ],
          "info": [
            "FileName",
            "2020-06-30_15-13-39_8376d3d0-bad3-11ea-9f5b-8df294b31e94.mubu",
            "gui",
            "autobounds minmax, shape envelopebpf, interface multibpf, opacity 1, colormode rainbow, hidenotforemost 1"
          ]
        }
      ]
    }
  ]
}