{
  "format": "mubujson1",
  "numBuffers": 1,
  "numTracks": 1,
  "bufferNames": [
    "off:off 7"
  ],
  "bufferInfos": [
    [
      "label",
      "off:off"
    ]
  ],
  "tracks": [
    {
      "name": "posenet_normalized_selection",
      "mxCols": 8,
      "mxRows": 1,
      "hasVarRows": false,
      "hasTimeTags": true,
      "nonNumType": "none",
      "maxSize": 5000,
      "buffers": [
        {
          "maxSize": 5000,
          "size": 21,
          "sampleRate": 1000.0,
          "sampleOffset": 0.0,
          "mxRows": 1,
          "mxCols": 8,
          "mxData": [
            -0.5978768467903137207,
            0.71767896413803100586,
            0.74278140068054199219,
            0.72524648904800415039,
            -0.51237809658050537109,
            1.09825360774993896484,
            0.56225347518920898438,
            1.07568001747131347656,
            -0.65267473459243774414,
            0.69718903303146362305,
            0.71051621437072753906,
            0.73443979024887084961,
            -0.55810934305191040039,
            1.07285892963409423828,
            0.51133114099502563477,
            1.07491624355316162109,
            -0.72298765182495117188,
            0.61846762895584106445,
            0.6530030369758605957,
            0.67936557531356811523,
            -0.83875584602355957031,
            0.96230995655059814453,
            0.32988452911376953125,
            0.98282372951507568359,
            -0.80151027441024780273,
            0.62347406148910522461,
            0.45354697108268737793,
            0.69365358352661132813,
            -1.04100692272186279297,
            0.92427706718444824219,
            -0.07541514933109283447,
            0.96212047338485717773,
            -0.85536444187164306641,
            0.58592778444290161133,
            0.05607417970895767212,
            0.61411046981811523438,
            -1.21467065811157226563,
            0.80519634485244750977,
            -0.8306553959846496582,
            0.7853100895881652832,
            -1.08604264259338378906,
            0.49368530511856079102,
            -0.64693802595138549805,
            0.40766689181327819824,
            -1.73898708820343017578,
            0.56832516193389892578,
            -1.7828769683837890625,
            0.51702809333801269531,
            -0.99503123760223388672,
            0.51839059591293334961,
            -0.84674811363220214844,
            0.28664177656173706055,
            -2.20367646217346191406,
            0.40458819270133972168,
            -2.25701284408569335938,
            0.24108909070491790771,
            -0.98716247081756591797,
            0.48983556032180786133,
            -0.75617003440856933594,
            0.24364323914051055908,
            -2.08230686187744140625,
            0.30052193999290466309,
            -1.84278941154479980469,
            0.19488130509853363037,
            -0.99233895540237426758,
            0.5986156463623046875,
            -0.51540356874465942383,
            0.21230362355709075928,
            -2.09451055526733398438,
            0.26998445391654968262,
            -1.68218100070953369141,
            0.10757282376289367676,
            -1.02083706855773925781,
            0.56180822849273681641,
            -0.09497381001710891724,
            0.17033948004245758057,
            -1.97252249717712402344,
            0.31830474734306335449,
            -1.28240287303924560547,
            0.08854445070028305054,
            -1.01183593273162841797,
            0.60477817058563232422,
            -0.03802810236811637878,
            0.16637861728668212891,
            -1.76274192333221435547,
            0.4246928095817565918,
            -1.12048435211181640625,
            0.07120665162801742554,
            -0.50537210702896118164,
            0.74853754043579101563,
            0.71695488691329956055,
            0.16333469748497009277,
            -1.62993156909942626953,
            0.73563158512115478516,
            -0.45439741015434265137,
            0.11402264237403869629,
            -0.30375996232032775879,
            0.70721864700317382813,
            0.41055431962013244629,
            0.16475936770439147949,
            -0.9615612030029296875,
            0.67111980915069580078,
            -0.27910381555557250977,
            0.13822087645530700684,
            -0.26146438717842102051,
            0.74086266756057739258,
            0.60653549432754516602,
            0.13024017214775085449,
            -0.18862091004848480225,
            0.77006202936172485352,
            -0.06285950541496276855,
            -0.01533296704292297363,
            1.14517426490783691406,
            0.55122011899948120117,
            2.28888726234436035156,
            0.10032569617033004761,
            3.16751265525817871094,
            0.64944469928741455078,
            3.60641908645629882813,
            0.08420235663652420044,
            0.92457330226898193359,
            0.5763975977897644043,
            1.74028766155242919922,
            0.13869962096214294434,
            2.78352618217468261719,
            0.69198286533355712891,
            3.23203754425048828125,
            0.11388876289129257202,
            0.85419762134552001953,
            0.56559854745864868164,
            1.751438140869140625,
            0.17510622739791870117,
            2.69220709800720214844,
            0.65925258398056030273,
            3.15828990936279296875,
            0.11448202282190322876,
            1.18418419361114501953,
            0.59024053812026977539,
            1.81596982479095458984,
            0.15814466774463653564,
            3.11153459548950195313,
            0.58193218708038330078,
            3.36075687408447265625,
            0.11936175078153610229,
            1.19389009475708007813,
            0.55254733562469482422,
            1.74713718891143798828,
            0.13992771506309509277,
            3.06761884689331054688,
            0.534137725830078125,
            3.30239272117614746094,
            0.10046444833278656006,
            1.24467217922210693359,
            0.55926042795181274414,
            2.00609064102172851563,
            0.16229602694511413574,
            3.58036160469055175781,
            0.55980402231216430664,
            3.70623016357421875,
            0.1269038766622543335,
            0.99254572391510009766,
            0.55469357967376708984,
            1.64161956310272216797,
            0.17155088484287261963,
            2.98869371414184570313,
            0.5873050689697265625,
            3.08107995986938476563,
            0.13344731926918029785
          ],
          "timeTags": [
            71.83989999815821647644,
            162.27720000222325325012,
            254.03869999945160884636,
            347.01029999926686286926,
            445.73969999700784683228,
            530.47580000013113021851,
            625.75350000336766242981,
            721.95960000157356262207,
            817.90069999918341636658,
            917.1875,
            1016.15710000321280404023,
            1108.47049999982118606567,
            1204.1090999990701675415,
            1299.76060000434517860413,
            1394.93850000202655792236,
            1487.26489999890327453613,
            1588.48090000078082084656,
            1689.0698000006377696991,
            1778.90660000219941139221,
            1876.24970000237226486206,
            1970.20869999751448631287
          ],
          "info": [
            "FileName",
            "2020-06-30_15-13-39_8376d3d0-bad3-11ea-9f5b-8df294b31e94.mubu",
            "gui",
            "autobounds minmax, shape envelopebpf, interface multibpf, opacity 1, colormode rainbow, hidenotforemost 1"
          ]
        }
      ]
    }
  ]
}