{
  "format": "mubujson1",
  "numBuffers": 1,
  "numTracks": 1,
  "bufferNames": [
    "off:off 3"
  ],
  "bufferInfos": [
    [
      "label",
      "off:off"
    ]
  ],
  "tracks": [
    {
      "name": "posenet_normalized_selection",
      "mxCols": 8,
      "mxRows": 1,
      "hasVarRows": false,
      "hasTimeTags": true,
      "nonNumType": "none",
      "maxSize": 5000,
      "buffers": [
        {
          "maxSize": 5000,
          "size": 20,
          "sampleRate": 1000.0,
          "sampleOffset": 1969.15480000153183937073,
          "mxRows": 1,
          "mxCols": 8,
          "mxData": [
            -0.76734381914138793945,
            0.6931603550910949707,
            0.56349515914916992188,
            0.68478894233703613281,
            -0.70747888088226318359,
            1.04078710079193115234,
            0.49589568376541137695,
            1.03365993499755859375,
            -0.7769019007682800293,
            0.69454276561737060547,
            0.55851256847381591797,
            0.68339478969573974609,
            -0.71268188953399658203,
            1.04709529876708984375,
            0.49892464280128479004,
            1.03380823135375976563,
            -0.76537925004959106445,
            0.69521355628967285156,
            0.57550001144409179688,
            0.68327498435974121094,
            -0.68730574846267700195,
            1.04430878162384033203,
            0.52289563417434692383,
            1.02743625640869140625,
            -0.77595657110214233398,
            0.67678117752075195313,
            0.59792679548263549805,
            0.67959129810333251953,
            -0.66853117942810058594,
            1.0118694305419921875,
            0.56381827592849731445,
            1.01655936241149902344,
            -0.83693176507949829102,
            0.61619001626968383789,
            0.7056560516357421875,
            0.61084449291229248047,
            -0.65457081794738769531,
            0.92429661750793457031,
            0.62811732292175292969,
            0.95006781816482543945,
            -0.93605732917785644531,
            0.61956828832626342773,
            0.68016207218170166016,
            0.53746461868286132813,
            -0.72545725107192993164,
            0.86982363462448120117,
            0.5494353175163269043,
            0.80935555696487426758,
            -0.63834869861602783203,
            0.57042545080184936523,
            0.47769597172737121582,
            0.34877881407737731934,
            -1.01769387722015380859,
            0.64081704616546630859,
            0.1737578660249710083,
            0.37980121374130249023,
            -0.96602392196655273438,
            0.59367924928665161133,
            0.01169410254806280136,
            0.31442567706108093262,
            -1.61403989791870117188,
            0.50113111734390258789,
            -0.83674567937850952148,
            0.12831495702266693115,
            -0.96937423944473266602,
            0.62637549638748168945,
            0.02133132703602313995,
            0.13614527881145477295,
            -1.71658277511596679688,
            0.47236210107803344727,
            -1.31179082393646240234,
            0.11299840360879898071,
            -1.0501880645751953125,
            0.64820504188537597656,
            -0.00485881464555859566,
            0.16778361797332763672,
            -1.98901116847991943359,
            0.52110922336578369141,
            -1.30798935890197753906,
            0.11207853257656097412,
            -1.07418012619018554688,
            0.68722939491271972656,
            0.1121096685528755188,
            0.14299555122852325439,
            -2.09726834297180175781,
            0.5607808232307434082,
            -1.42403542995452880859,
            0.11227049678564071655,
            -1.13612627983093261719,
            0.70655608177185058594,
            0.17111648619174957275,
            0.13071045279502868652,
            -2.32523989677429199219,
            0.56626117229461669922,
            -1.5518207550048828125,
            0.11685191094875335693,
            -1.22408735752105712891,
            0.72274249792098999023,
            0.28134757280349731445,
            0.12978440523147583008,
            -2.60797262191772460938,
            0.57484918832778930664,
            -1.78613269329071044922,
            0.1433604806661605835,
            -0.81932151317596435547,
            0.70095491409301757813,
            0.42862769961357116699,
            0.112337455153465271,
            -2.11375522613525390625,
            0.58188867568969726563,
            -0.68752980232238769531,
            0.10892448574304580688,
            -0.39719852805137634277,
            0.68082249164581298828,
            0.80215233564376831055,
            0.16842991113662719727,
            -0.94265979528427124023,
            0.64789438247680664063,
            -0.09879498928785324097,
            0.1124159395694732666,
            0.68730425834655761719,
            0.60412412881851196289,
            1.41043782234191894531,
            0.13542014360427856445,
            2.13636517524719238281,
            0.6103445887565612793,
            1.93417608737945556641,
            0.0062092500738799572,
            1.46019697189331054688,
            0.44454288482666015625,
            1.963939666748046875,
            0.18928632140159606934,
            3.23199391365051269531,
            0.43214896321296691895,
            3.03867030143737792969,
            0.08941555023193359375,
            1.73149526119232177734,
            0.44410881400108337402,
            2.16981077194213867188,
            0.21556270122528076172,
            4.00536394119262695313,
            0.41265019774436950684,
            3.85649824142456054688,
            0.14326021075248718262,
            1.91840612888336181641,
            0.43703460693359375,
            2.54644441604614257813,
            0.15715932846069335938,
            5.12954998016357421875,
            0.41961780190467834473,
            4.8957843780517578125,
            0.16786615550518035889,
            3.47325682640075683594,
            0.44791662693023681641,
            4.3048152923583984375,
            0.19036455452442169189,
            9.77384471893310546875,
            0.4608351588249206543,
            8.34978485107421875,
            0.17825111746788024902
          ],
          "timeTags": [
            105.00259999930858612061,
            208.13679999858140945435,
            307.94150000065565109253,
            409.91419999673962593079,
            506.75209999829530715942,
            605.96629999950528144836,
            707.96969999745488166809,
            803.57459999993443489075,
            903.5379999987781047821,
            993.52630000188946723938,
            1094.45880000293254852295,
            1191.61650000140070915222,
            1297.84800000116229057312,
            1398.08149999752640724182,
            1496.48919999971985816956,
            1602.75279999896883964539,
            1697.01509999856352806091,
            1788.70490000024437904358,
            1889.75789999961853027344,
            1984.55719999969005584717
          ],
          "info": [
            "FileName",
            "2020-06-30_15-13-39_8376d3d0-bad3-11ea-9f5b-8df294b31e94.mubu",
            "gui",
            "autobounds minmax, shape envelopebpf, interface multibpf, opacity 1, colormode rainbow, hidenotforemost 1"
          ]
        }
      ]
    }
  ]
}