{
  "format": "mubujson1",
  "numBuffers": 1,
  "numTracks": 1,
  "bufferNames": [
    "off:off 5"
  ],
  "bufferInfos": [
    [
      "label",
      "off:off"
    ]
  ],
  "tracks": [
    {
      "name": "posenet_normalized_selection",
      "mxCols": 8,
      "mxRows": 1,
      "hasVarRows": false,
      "hasTimeTags": true,
      "nonNumType": "none",
      "maxSize": 5000,
      "buffers": [
        {
          "maxSize": 5000,
          "size": 21,
          "sampleRate": 1000.0,
          "sampleOffset": 1974.22730000130832195282,
          "mxRows": 1,
          "mxCols": 8,
          "mxData": [
            -0.78245878219604492188,
            0.74521470069885253906,
            0.52456063032150268555,
            0.67824155092239379883,
            -0.70245218276977539063,
            1.11119985580444335938,
            0.56582826375961303711,
            1.01839447021484375,
            -0.79024875164031982422,
            0.74771523475646972656,
            0.54061269760131835938,
            0.66940385103225708008,
            -0.61811590194702148438,
            1.07813203334808349609,
            0.57103741168975830078,
            1.02508568763732910156,
            -0.75681662559509277344,
            0.73832625150680541992,
            0.60491138696670532227,
            0.67386287450790405273,
            -0.60263270139694213867,
            1.06286942958831787109,
            0.61264413595199584961,
            1.03272306919097900391,
            -0.77123558521270751953,
            0.69717502593994140625,
            0.65785163640975952148,
            0.66625201702117919922,
            -0.61924457550048828125,
            1.04000151157379150391,
            0.66717475652694702148,
            1.02111113071441650391,
            -0.75699269771575927734,
            0.68635255098342895508,
            0.70654022693634033203,
            0.66176313161849975586,
            -0.51610159873962402344,
            1.01751267910003662109,
            0.69574207067489624023,
            1.0236682891845703125,
            -0.72778910398483276367,
            0.65926510095596313477,
            0.66477239131927490234,
            0.64330762624740600586,
            -0.68196392059326171875,
            0.96417629718780517578,
            0.44514140486717224121,
            0.96131396293640136719,
            -0.7181828618049621582,
            0.62243980169296264648,
            0.44240805506706237793,
            0.47001945972442626953,
            -1.12345576286315917969,
            0.82788628339767456055,
            -0.06335484236478805542,
            0.72181838750839233398,
            -0.41664519906044006348,
            0.63650816679000854492,
            0.07761896401643753052,
            0.36533185839653015137,
            -1.11828327178955078125,
            0.7517242431640625,
            -0.99050861597061157227,
            0.63586539030075073242,
            -0.44323149323463439941,
            0.64370214939117431641,
            -0.27318811416625976563,
            0.16028259694576263428,
            -1.78002345561981201172,
            0.40696617960929870605,
            -1.69729971885681152344,
            0.26489153504371643066,
            -0.6403630375862121582,
            0.75552266836166381836,
            -0.51348918676376342773,
            0.13617344200611114502,
            -2.16602611541748046875,
            0.43723228573799133301,
            -2.09999132156372070313,
            0.28643071651458740234,
            -0.58530068397521972656,
            0.70163720846176147461,
            -0.35747924447059631348,
            0.14692251384258270264,
            -1.60691773891448974609,
            0.60930842161178588867,
            -1.63549757003784179688,
            0.11389558017253875732,
            -0.60186570882797241211,
            0.79543739557266235352,
            -0.27926838397979736328,
            0.12546634674072265625,
            -1.71682393550872802734,
            0.72126233577728271484,
            -1.53301119804382324219,
            0.1213556826114654541,
            -0.6856028437614440918,
            0.8573449254035949707,
            0.10554859787225723267,
            0.11472249031066894531,
            -2.265392303466796875,
            0.73024809360504150391,
            -1.90423917770385742188,
            0.14821241796016693115,
            -0.56125468015670776367,
            0.81862473487854003906,
            -0.16664020717144012451,
            0.15053306519985198975,
            -2.37375807762145996094,
            0.79313284158706665039,
            -2.28789758682250976563,
            0.16891939938068389893,
            -0.07146052271127700806,
            0.82820737361907958984,
            0.6377875208854675293,
            0.16733133792877197266,
            -1.27172350883483886719,
            0.56075698137283325195,
            -0.72351002693176269531,
            0.15157212316989898682,
            0.1455977708101272583,
            0.68963062763214111328,
            1.54634118080139160156,
            0.19231803715229034424,
            0.70108383893966674805,
            0.65402144193649291992,
            0.98976296186447143555,
            0.10034441947937011719,
            1.473560333251953125,
            0.62684261798858642578,
            2.53668332099914550781,
            0.16033223271369934082,
            4.44374942779541015625,
            0.53467994928359985352,
            4.48959207534790039063,
            0.10058397054672241211,
            1.39445602893829345703,
            0.51512300968170166016,
            1.75312721729278564453,
            0.17153935134410858154,
            3.44858050346374511719,
            0.50054460763931274414,
            3.30151700973510742188,
            0.12199898809194564819,
            3.32551503181457519531,
            0.49710321426391601563,
            1.96160542964935302734,
            0.21392291784286499023,
            6.053470611572265625,
            0.45501193404197692871,
            4.426822662353515625,
            0.28310161828994750977,
            2.63139891624450683594,
            0.49804788827896118164,
            0.93824869394302368164,
            0.16370008885860443115,
            4.68155241012573242188,
            0.44101631641387939453,
            4.42333459854125976563,
            0.15370187163352966309,
            2.40466260910034179688,
            0.50431537628173828125,
            -0.04871821776032447815,
            0.17023487389087677002,
            5.169322967529296875,
            0.43136423826217651367,
            4.92558336257934570313,
            0.14781259000301361084
          ],
          "timeTags": [
            5.32259999960660934448,
            102.51299999840557575226,
            206.65650000050663948059,
            305.82369999960064888,
            405.35920000076293945313,
            498.89659999869763851166,
            597.34750000014901161194,
            696.34549999982118606567,
            790.27210000157356262207,
            887.55780000053346157074,
            983.19359999895095825195,
            1081.49670000001788139343,
            1176.8624000009149312973,
            1276.47259999997913837433,
            1384.32249999977648258209,
            1480.88040000014007091522,
            1575.38250000029802322388,
            1670.43300000019371509552,
            1762.40679999999701976776,
            1863.00180000066757202148,
            1950.65710000135004520416
          ],
          "info": [
            "FileName",
            "2020-06-30_15-13-39_8376d3d0-bad3-11ea-9f5b-8df294b31e94.mubu",
            "gui",
            "autobounds minmax, shape envelopebpf, interface multibpf, opacity 1, colormode rainbow, hidenotforemost 1"
          ]
        }
      ]
    }
  ]
}