{
  "format": "mubujson1",
  "numBuffers": 1,
  "numTracks": 1,
  "bufferNames": [
    "off:off 6"
  ],
  "bufferInfos": [
    [
      "label",
      "off:off"
    ]
  ],
  "tracks": [
    {
      "name": "posenet_normalized_selection",
      "mxCols": 8,
      "mxRows": 1,
      "hasVarRows": false,
      "hasTimeTags": true,
      "nonNumType": "none",
      "maxSize": 5000,
      "buffers": [
        {
          "maxSize": 5000,
          "size": 31,
          "sampleRate": 1000.0,
          "sampleOffset": 0.0,
          "mxRows": 1,
          "mxCols": 8,
          "mxData": [
            -0.77617472410202026367,
            0.72617352008819580078,
            0.57873350381851196289,
            0.68815267086029052734,
            -0.62773287296295166016,
            1.08488988876342773438,
            0.55587726831436157227,
            1.05882620811462402344,
            -0.74685943126678466797,
            0.73573869466781616211,
            0.58885169029235839844,
            0.69232797622680664063,
            -0.59710478782653808594,
            1.09254467487335205078,
            0.5909442901611328125,
            1.05291759967803955078,
            -0.77423053979873657227,
            0.73239046335220336914,
            0.56132036447525024414,
            0.69297605752944946289,
            -0.62271124124526977539,
            1.09180903434753417969,
            0.56418901681900024414,
            1.06458520889282226563,
            -0.71626764535903930664,
            0.72319447994232177734,
            0.57813560962677001953,
            0.68591403961181640625,
            -0.56414926052093505859,
            1.08479177951812744141,
            0.60094350576400756836,
            1.04623079299926757813,
            -0.67607456445693969727,
            0.73109412193298339844,
            0.62708747386932373047,
            0.70446050167083740234,
            -0.54997980594635009766,
            1.10781764984130859375,
            0.66083848476409912109,
            1.08325505256652832031,
            -0.68838030099868774414,
            0.71572434902191162109,
            0.69910109043121337891,
            0.69126927852630615234,
            -0.55229592323303222656,
            1.08858406543731689453,
            0.76160478591918945313,
            1.09500133991241455078,
            -0.78752064704895019531,
            0.6475455164909362793,
            0.69960820674896240234,
            0.67408484220504760742,
            -0.60860753059387207031,
            0.97505354881286621094,
            0.77147805690765380859,
            1.00747752189636230469,
            -0.7360426783561706543,
            0.6520392298698425293,
            0.7432575225830078125,
            0.64369016885757446289,
            -0.66781538724899291992,
            0.95443284511566162109,
            0.7903900146484375,
            0.96790707111358642578,
            -0.60555148124694824219,
            0.61086273193359375,
            0.59361261129379272461,
            0.55673897266387939453,
            -0.79077810049057006836,
            0.83477735519409179688,
            0.42441773414611816406,
            0.83846604824066162109,
            -0.53265750408172607422,
            0.63863444328308105469,
            0.08820413798093795776,
            0.3874149322509765625,
            -1.06864869594573974609,
            0.7338034510612487793,
            -0.48740509152412414551,
            0.54580026865005493164,
            -0.56765758991241455078,
            0.73879247903823852539,
            -0.33293583989143371582,
            0.26236179471015930176,
            -1.3378658294677734375,
            0.70676708221435546875,
            -1.51249277591705322266,
            0.21782486140727996826,
            -0.45734959840774536133,
            0.72450262308120727539,
            -0.35939222574234008789,
            0.16081568598747253418,
            -1.50247013568878173828,
            0.58726549148559570313,
            -1.65595293045043945313,
            0.18017388880252838135,
            -0.32616758346557617188,
            0.77469289302825927734,
            -0.26744875311851501465,
            0.15707483887672424316,
            -1.07778668403625488281,
            0.66416519880294799805,
            -1.59409320354461669922,
            0.14857180416584014893,
            -0.30554467439651489258,
            0.81374984979629516602,
            -0.1082281842827796936,
            0.1578404158353805542,
            -1.13191521167755126953,
            0.67850714921951293945,
            -1.31352972984313964844,
            0.10702413320541381836,
            -0.47780582308769226074,
            0.84582370519638061523,
            0.14413857460021972656,
            0.21808116137981414795,
            -1.53712606430053710938,
            0.72188967466354370117,
            -1.26385498046875,
            0.19035629928112030029,
            -0.50158369541168212891,
            0.8128426671028137207,
            0.36014786362648010254,
            0.15718740224838256836,
            -1.51129734516143798828,
            0.75461781024932861328,
            -0.91600143909454345703,
            0.19829532504081726074,
            -0.48506748676300048828,
            0.77526319026947021484,
            0.4407876133918762207,
            0.13387642800807952881,
            -1.0040912628173828125,
            0.59660750627517700195,
            -0.97516357898712158203,
            0.23138619959354400635,
            -0.23441374301910400391,
            0.73499375581741333008,
            0.74029767513275146484,
            0.16408064961433410645,
            0.25940796732902526855,
            0.63954961299896240234,
            0.04533552378416061401,
            0.0561464354395866394,
            0.62845003604888916016,
            0.68680012226104736328,
            1.32291853427886962891,
            0.14955845475196838379,
            2.85503983497619628906,
            0.65045446157455444336,
            2.36653423309326171875,
            0.04776949435472488403,
            1.00761353969573974609,
            0.59839522838592529297,
            1.71235156059265136719,
            0.15994915366172790527,
            3.07851243019104003906,
            0.63041514158248901367,
            3.35612225532531738281,
            0.10664573311805725098,
            1.12291562557220458984,
            0.49171975255012512207,
            1.393047332763671875,
            0.16179375350475311279,
            3.16633009910583496094,
            0.58318316936492919922,
            3.09638881683349609375,
            0.13102683424949645996,
            1.09166371822357177734,
            0.4726161956787109375,
            1.66583740711212158203,
            0.14539732038974761963,
            3.44210863113403320313,
            0.54182708263397216797,
            3.58693146705627441406,
            0.11268461495637893677,
            1.27313208580017089844,
            0.45776021480560302734,
            1.54019439220428466797,
            0.16178397834300994873,
            3.99052286148071289063,
            0.50276386737823486328,
            3.90593361854553222656,
            0.10707109421491622925,
            1.53464543819427490234,
            0.4547894597053527832,
            1.81616711616516113281,
            0.15057992935180664063,
            4.53145885467529296875,
            0.50013089179992675781,
            4.48620748519897460938,
            0.10600934922695159912,
            1.79529750347137451172,
            0.46066340804100036621,
            2.19237661361694335938,
            0.16838246583938598633,
            5.428028106689453125,
            0.50147271156311035156,
            5.5794010162353515625,
            0.12484627962112426758,
            1.68706154823303222656,
            0.46269384026527404785,
            2.05026602745056152344,
            0.19053845107555389404,
            5.26267957687377929688,
