{
  "format": "mubujson1",
  "numBuffers": 1,
  "numTracks": 1,
  "bufferNames": [
    "off:off 11"
  ],
  "bufferInfos": [
    [
      "label",
      "off:off"
    ]
  ],
  "tracks": [
    {
      "name": "posenet_normalized_selection",
      "mxCols": 8,
      "mxRows": 1,
      "hasVarRows": false,
      "hasTimeTags": true,
      "nonNumType": "none",
      "maxSize": 5000,
      "buffers": [
        {
          "maxSize": 5000,
          "size": 32,
          "sampleRate": 1000.0,
          "sampleOffset": 1974.22730000130832195282,
          "mxRows": 1,
          "mxCols": 8,
          "mxData": [
            -0.70950067043304443359,
            0.75538963079452514648,
            0.60426616668701171875,
            0.70652657747268676758,
            -0.6014563441276550293,
            1.10885775089263916016,
            0.60017788410186767578,
            1.06003665924072265625,
            -0.71521747112274169922,
            0.75323694944381713867,
            0.61690461635589599609,
            0.71113830804824829102,
            -0.59583151340484619141,
            1.11831212043762207031,
            0.6124922633171081543,
            1.068115234375,
            -0.68580287694931030273,
            0.75538039207458496094,
            0.64331847429275512695,
            0.70333659648895263672,
            -0.58889526128768920898,
            1.1358699798583984375,
            0.64890885353088378906,
            1.06535696983337402344,
            -0.69087338447570800781,
            0.75890296697616577148,
            0.68154978752136230469,
            0.68088018894195556641,
            -0.57747447490692138672,
            1.12867224216461181641,
            0.71556073427200317383,
            1.04463303089141845703,
            -0.59971147775650024414,
            0.71241033077239990234,
            0.84160214662551879883,
            0.64796847105026245117,
            -0.38147255778312683105,
            1.06647133827209472656,
            0.95725882053375244141,
            1.00158739089965820313,
            -0.5871378779411315918,
            0.67768341302871704102,
            0.90392154455184936523,
            0.61463314294815063477,
            -0.3551546931266784668,
            1.00657773017883300781,
            1.07932627201080322266,
            0.96066546440124511719,
            -0.53153020143508911133,
            0.68529725074768066406,
            0.84054851531982421875,
            0.49279481172561645508,
            -0.28160831332206726074,
            0.92316395044326782227,
            0.95078688859939575195,
            0.80521893501281738281,
            -0.45534342527389526367,
            0.64574140310287475586,
            0.64021092653274536133,
            0.27272722125053405762,
            -0.71676623821258544922,
            0.75598108768463134766,
            0.17884682118892669678,
            0.42739853262901306152,
            -0.44479766488075256348,
            0.72439342737197875977,
            0.36014837026596069336,
            0.27721780538558959961,
            -0.97814536094665527344,
            0.74116915464401245117,
            -0.32551345229148864746,
            0.15565702319145202637,
            -0.51118189096450805664,
            0.7557926177978515625,
            -0.07260207086801528931,
            0.22109393775463104248,
            -1.31836521625518798828,
            0.76306235790252685547,
            -1.20475232601165771484,
            0.30607566237449645996,
            -0.31551593542098999023,
            0.81022757291793823242,
            -0.08833313733339309692,
            0.15690705180168151855,
            -1.42394971847534179688,
            0.64222228527069091797,
            -1.33878302574157714844,
            0.14910890161991119385,
            -0.31262484192848205566,
            0.84373098611831665039,
            0.01460699737071990967,
            0.17174267768859863281,
            -1.21759700775146484375,
            0.68735992908477783203,
            -0.99446350336074829102,
            0.14902548491954803467,
            -0.3466936647891998291,
            0.83968400955200195313,
            0.36791771650314331055,
            0.16867050528526306152,
            -1.30140233039855957031,
            0.6968104243278503418,
            -0.79585832357406616211,
            0.19011038541793823242,
            -0.02211542986333370209,
            0.85754239559173583984,
            0.93554157018661499023,
            0.13907249271869659424,
            -0.82591331005096435547,
            0.6361071467399597168,
            -0.02331060543656349182,
            0.08321516960859298706,
            -0.10822653025388717651,
            0.77516025304794311523,
            1.0239315032958984375,
            0.17293211817741394043,
            -0.25466826558113098145,
            0.5070883631706237793,
            0.27138498425483703613,
            0.10862029343843460083,
            0.36755448579788208008,
            0.7430356144905090332,
            2.02553009986877441406,
            0.13007347285747528076,
            1.02827763557434082031,
            0.64170956611633300781,
            1.19916486740112304688,
            0.1135756373405456543,
            1.09376108646392822266,
            0.57821142673492431641,
            1.90377855300903320313,
            0.17650710046291351318,
            3.232204437255859375,
            0.62555909156799316406,
            3.44802021980285644531,
            0.14106281101703643799,
            0.99284505844116210938,
            0.47159621119499206543,
            1.71875798702239990234,
            0.15588045120239257813,
            2.58727192878723144531,
            0.54764044284820556641,
            2.90721035003662109375,
            0.1506290733814239502,
            1.19716620445251464844,
            0.43958833813667297363,
            1.36947715282440185547,
            0.16237214207649230957,
            2.86810636520385742188,
            0.51643723249435424805,
            2.76248884201049804688,
            0.13339869678020477295,
            1.71788454055786132813,
            0.42801710963249206543,
            1.79145896434783935547,
            0.17918185889720916748,
            3.75812315940856933594,
            0.48542839288711547852,
            3.5692291259765625,
            0.14129251241683959961,
            2.24997806549072265625,
            0.43306753039360046387,
            2.63579344749450683594,
            0.15309102833271026611,
            6.14442300796508789063,
            0.4617703557014465332,
            5.87969303131103515625,
            0.10928192734718322754,
            5.79118680953979492188,
            0.43256035447120666504,
            5.18741464614868164063,
            0.17540746927261352539,
            15.16564464569091796875,
            0.47065949440002441406,
            13.82033443450927734375,
            0.11524298787117004395,
            37.617145538330078125,
            0.43584150075912475586,
            39.640705108642578125,
            0.19491587579250335693,
            107.5791168212890625,
            0.47699850797653198242,
            105.7342681884765625,
            0.12940919399261474609,
            2.61983323097229003906,
            0.43319204449653625488,
            2.67095637321472167969,
            0.19736616313457489014,
            7.31665325164794921875,
            0.47618129849433898926,
            6.93884038925170898438,
            0.13932360708713531494,
            4.1701812744140625,
            0.43227741122245788574,
            4.05925750732421875,
            0.19458886981010437012,
            11.14910221099853515625,
            0.47734180092811584473,
            10.58131122589111328125,
            0.13020294904708862305,
            3.8097248077392578125,
            0.4368457794189453125,
            3.75878763198852539063,
            0.20646490156650543213,
            10.69246196746826171875,
