{
  "format": "mubujson1",
  "numBuffers": 1,
  "numTracks": 1,
  "bufferNames": [
    "off:off 8"
  ],
  "bufferInfos": [
    [
      "label",
      "off:off"
    ]
  ],
  "tracks": [
    {
      "name": "posenet_normalized_selection",
      "mxCols": 8,
      "mxRows": 1,
      "hasVarRows": false,
      "hasTimeTags": true,
      "nonNumType": "none",
      "maxSize": 5000,
      "buffers": [
        {
          "maxSize": 5000,
          "size": 32,
          "sampleRate": 1000.0,
          "sampleOffset": 1974.22730000130832195282,
          "mxRows": 1,
          "mxCols": 8,
          "mxData": [
            -0.67897194623947143555,
            0.75562316179275512695,
            0.62086987495422363281,
            0.72400104999542236328,
            -0.67195546627044677734,
            1.12342858314514160156,
            0.59568047523498535156,
            1.100650787353515625,
            -0.68406873941421508789,
            0.75397443771362304688,
            0.62032985687255859375,
            0.71511709690093994141,
            -0.66823208332061767578,
            1.11070990562438964844,
            0.59256446361541748047,
            1.08540964126586914063,
            -0.67223405838012695313,
            0.76182150840759277344,
            0.61517977714538574219,
            0.72505366802215576172,
            -0.65867310762405395508,
            1.12722623348236083984,
            0.57958739995956420898,
            1.10240900516510009766,
            -0.66628825664520263672,
            0.75893723964691162109,
            0.63527476787567138672,
            0.71720713376998901367,
            -0.56095021963119506836,
            1.11985909938812255859,
            0.60591608285903930664,
            1.09461617469787597656,
            -0.67245984077453613281,
            0.73521268367767333984,
            0.65293127298355102539,
            0.70548075437545776367,
            -0.56082952022552490234,
            1.1145572662353515625,
            0.63704884052276611328,
            1.06899464130401611328,
            -0.67720425128936767578,
            0.73998612165451049805,
            0.65601956844329833984,
            0.69923532009124755859,
            -0.54749029874801635742,
            1.11378347873687744141,
            0.65793538093566894531,
            1.04836702346801757813,
            -0.68948203325271606445,
            0.69176650047302246094,
            0.74790012836456298828,
            0.68839484453201293945,
            -0.4441013336181640625,
            1.09431242942810058594,
            0.78283935785293579102,
            1.04651534557342529297,
            -0.70737707614898681641,
            0.66321647167205810547,
            0.78384953737258911133,
            0.61267238855361938477,
            -0.50875335931777954102,
            0.98462927341461181641,
            0.82466310262680053711,
            0.95959383249282836914,
            -0.6499621272087097168,
            0.65966814756393432617,
            0.76000541448593139648,
            0.53430700302124023438,
            -0.57929390668869018555,
            0.92810052633285522461,
            0.74095463752746582031,
            0.85401612520217895508,
            -0.50266301631927490234,
            0.64021307229995727539,
            0.55366098880767822266,
            0.33644261956214904785,
            -0.81717854738235473633,
            0.7610695958137512207,
            0.1158976629376411438,
            0.50566178560256958008,
            -0.52705520391464233398,
            0.68502408266067504883,
            0.32720005512237548828,
            0.28409981727600097656,
            -1.14512896537780761719,
            0.74032455682754516602,
            -0.37296602129936218262,
            0.36070719361305236816,
            -0.49622958898544311523,
            0.704319000244140625,
            -0.12275546789169311523,
            0.1131566464900970459,
            -1.40631842613220214844,
            0.59943890571594238281,
            -1.35673844814300537109,
            0.14384099841117858887,
            -0.39915010333061218262,
            0.74682945013046264648,
            -0.193048134446144104,
            0.12944148480892181396,
            -1.47587537765502929688,
            0.60076200962066650391,
            -1.6009159088134765625,
            0.13128986954689025879,
            -0.35667029023170471191,
            0.79696369171142578125,
            -0.10357093065977096558,
            0.16813297569751739502,
            -1.29167735576629638672,
            0.63428598642349243164,
            -1.36420226097106933594,
            0.13802644610404968262,
            -0.3393096625804901123,
            0.81994259357452392578,
            0.05881449952721595764,
            0.17715799808502197266,
            -1.34662783145904541016,
            0.66206908226013183594,
            -1.01425838470458984375,
            0.11910426616668701172,
            -0.37223839759826660156,
            0.83882963657379150391,
            0.47328457236289978027,
            0.18504837155342102051,
            -1.44595301151275634766,
            0.66632187366485595703,
            -0.5832131505012512207,
            0.14691647887229919434,
            -0.38514906167984008789,
            0.82822245359420776367,
            0.45711976289749145508,
            0.16009257733821868896,
            -1.28977131843566894531,
            0.70673763751983642578,
            -0.65399861335754394531,
            0.17862044274806976318,
            -0.26338723301887512207,
            0.8387997746467590332,
            0.44434815645217895508,
            0.11801227927207946777,
            -0.95638900995254516602,
            0.74293684959411621094,
            -0.69801783561706542969,
            0.17270959913730621338,
            -0.21913968026638031006,
            0.74684149026870727539,
            0.64218103885650634766,
            0.16901984810829162598,
            -0.53031396865844726563,
            0.61823523044586181641,
            0.01562621630728244781,
            0.07156814634799957275,
            0.46960681676864624023,
            0.70425218343734741211,
            1.28020739555358886719,
            0.19175714254379272461,
            2.05918812751770019531,
            0.71973514556884765625,
            2.08046317100524902344,
            0.07591689378023147583,
            1.35990810394287109375,
            0.60590791702270507813,
            1.78859984874725341797,
            0.1452328115701675415,
            3.66646146774291992188,
            0.6390717625617980957,
            3.686428070068359375,
            0.10528422892093658447,
            1.07629346847534179688,
            0.46469584107398986816,
            1.26521265506744384766,
            0.1397186964750289917,
            2.81190609931945800781,
            0.56868994235992431641,
            2.81297135353088378906,
            0.11090121418237686157,
            1.31170403957366943359,
            0.4541295170783996582,
            1.4460010528564453125,
            0.19571575522422790527,
            3.7778167724609375,
            0.50213891267776489258,
            3.55604267120361328125,
            0.13775926828384399414,
            46.33514404296875,
            0.42663615942001342773,
            41.710124969482421875,
            0.17395530641078948975,
            125.6437530517578125,
            0.45420482754707336426,
            116.4169158935546875,
            0.09788647294044494629,
            1.82110106945037841797,
            0.44395145773887634277,
            1.34439599514007568359,
            0.17284119129180908203,
            4.5561199188232421875,
            0.47769394516944885254,
            3.94898748397827148438,
            0.0982535630464553833,
            1.78816139698028564453,
            0.44416242837905883789,
            1.38366162776947021484,
            0.19651235640048980713,
