{
  "format": "mubujson1",
  "numBuffers": 1,
  "numTracks": 1,
  "bufferNames": [
    "off:off 10"
  ],
  "bufferInfos": [
    [
      "label",
      "off:off"
    ]
  ],
  "tracks": [
    {
      "name": "posenet_normalized_selection",
      "mxCols": 8,
      "mxRows": 1,
      "hasVarRows": false,
      "hasTimeTags": true,
      "nonNumType": "none",
      "maxSize": 5000,
      "buffers": [
        {
          "maxSize": 5000,
          "size": 21,
          "sampleRate": 1000.0,
          "sampleOffset": 2012.40619999542832374573,
          "mxRows": 1,
          "mxCols": 8,
          "mxData": [
            -0.58266180753707885742,
            0.71982097625732421875,
            0.74472838640213012695,
            0.71611201763153076172,
            -0.47370827198028564453,
            1.09589350223541259766,
            0.74385190010070800781,
            1.06184232234954833984,
            -0.54187619686126708984,
            0.69894689321517944336,
            0.77701258659362792969,
            0.68768221139907836914,
            -0.47181165218353271484,
            1.06886518001556396484,
            0.77810311317443847656,
            1.01471400260925292969,
            -0.5757465362548828125,
            0.68342924118041992188,
            0.79146730899810791016,
            0.7220961451530456543,
            -0.46073961257934570313,
            1.06804668903350830078,
            0.73206430673599243164,
            1.06330275535583496094,
            -0.64571100473403930664,
            0.64262187480926513672,
            0.70130908489227294922,
            0.67827141284942626953,
            -0.58853119611740112305,
            1.0065593719482421875,
            0.50065577030181884766,
            1.01709628105163574219,
            -0.75775420665740966797,
            0.61919736862182617188,
            0.64072841405868530273,
            0.71387982368469238281,
            -0.84409189224243164063,
            1.00310409069061279297,
            0.24636644124984741211,
            1.05069673061370849609,
            -0.75043737888336181641,
            0.59485018253326416016,
            0.37149700522422790527,
            0.65077495574951171875,
            -1.01161277294158935547,
            0.89671725034713745117,
            -0.16918613016605377197,
            0.94082367420196533203,
            -0.78672236204147338867,
            0.52337336540222167969,
            -0.08509561419486999512,
            0.57439535856246948242,
            -1.29595386981964111328,
            0.74630266427993774414,
            -1.12972843647003173828,
            0.73289793729782104492,
            -1.05882430076599121094,
            0.49035868048667907715,
            -0.38266718387603759766,
            0.3985182642936706543,
            -1.43132269382476806641,
            0.57897257804870605469,
            -1.59728276729583740234,
            0.51436376571655273438,
            -0.99051183462142944336,
            0.51819109916687011719,
            -0.67868328094482421875,
            0.30892914533615112305,
            -2.516422271728515625,
            0.46162536740303039551,
            -2.40081620216369628906,
            0.3031234443187713623,
            -0.81441569328308105469,
            0.54417240619659423828,
            -0.52469080686569213867,
            0.34175732731819152832,
            -2.16660523414611816406,
            0.37229865789413452148,
            -2.28472638130187988281,
            0.26568204164505004883,
            -0.88850206136703491211,
            0.65642380714416503906,
            -0.48822289705276489258,
            0.31786447763442993164,
            -2.38681006431579589844,
            0.4452113807201385498,
            -2.21275806427001953125,
            0.1315098106861114502,
            -1.16267883777618408203,
            0.57282799482345581055,
            -0.33663728833198547363,
            0.16908949613571166992,
            -2.11436009407043457031,
            0.4494946599006652832,
            -1.38182651996612548828,
            0.09286180883646011353,
            -0.98990070819854736328,
            0.63943386077880859375,
            0.17240984737873077393,
            0.15226963162422180176,
            -1.90870070457458496094,
            0.53946554660797119141,
            -0.78392690420150756836,
            0.06649443507194519043,
            -0.86270058155059814453,
            0.68229967355728149414,
            0.0488526560366153717,
            0.10817521065473556519,
            -1.81940793991088867188,
            0.62669932842254638672,
            -1.11083126068115234375,
            0.07156459987163543701,
            -0.8030688166618347168,
            0.70432627201080322266,
            0.18108855187892913818,
            0.11380293965339660645,
            -1.84996974468231201172,
            0.67170083522796630859,
            -1.27779293060302734375,
            0.08358895778656005859,
            -0.73343479633331298828,
            0.74954366683959960938,
            0.23209722340106964111,
            0.12872122228145599365,
            -1.70480191707611083984,
            0.71050852537155151367,
            -0.53111463785171508789,
            0.0886752009391784668,
            -0.31968417763710021973,
            0.69545793533325195313,
            1.06508743762969970703,
            0.1179887726902961731,
            -0.23864467442035675049,
            0.77338355779647827148,
            -0.00004020951018901542,
            0.06504018604755401611,
            1.03407609462738037109,
            0.60326242446899414063,
            2.05838775634765625,
            0.15493813157081604004,
            3.18381428718566894531,
            0.58681219816207885742,
            2.98681092262268066406,
            0.04753334447741508484,
            1.02809846401214599609,
            0.4983558356761932373,
            2.43179583549499511719,
            0.16422301530838012695,
            3.61480784416198730469,
            0.53331387042999267578,
            3.98867964744567871094,
            0.11790348589420318604,
            0.90257364511489868164,
            0.48057416081428527832,
            1.86594057083129882813,
            0.1763560175895690918,
            2.97757887840270996094,
            0.51531386375427246094,
            3.29361724853515625,
            0.12329363077878952026,
            1.10451018810272216797,
            0.49907356500625610352,
            1.35796046257019042969,
            0.19403861463069915771,
            2.76107120513916015625,
            0.51037210226058959961,
            2.7506427764892578125,
            0.24604158103466033936
          ],
          "timeTags": [
            34.86919999867677688599,
            130.81239999830722808838,
            227.47719999775290489197,
            321.13140000030398368835,
            415.96539999917149543762,
            509.64409999921917915344,
            607.56090000271797180176,
            706.16829999908804893494,
            802.9206999950110912323,
            897.91160000115633010864,
            987.1323000006377696991,
            1078.47160000354051589966,
            1172.39330000057816505432,
            1262.27199999988079071045,
            1354.2780999988317489624,
            1439.62799999862909317017,
            1535.32139999791979789734,
            1630.53390000015497207642,
            1725.26320000365376472473,
            1817.63279999792575836182,
            1914.80740000307559967041
          ],
          "info": [
            "FileName",
            "2020-06-30_15-13-39_8376d3d0-bad3-11ea-9f5b-8df294b31e94.mubu",
            "gui",
            "autobounds minmax, shape envelopebpf, interface multibpf, opacity 1, colormode rainbow, hidenotforemost 1"
          ]
        }
      ]
    }
  ]
}