{
  "format": "mubujson1",
  "numBuffers": 1,
  "numTracks": 1,
  "bufferNames": [
    "timing:play 3"
  ],
  "bufferInfos": [
    [
      "label",
      "timing:play"
    ]
  ],
  "tracks": [
    {
      "name": "posenet_normalized_selection",
      "mxCols": 8,
      "mxRows": 1,
      "hasVarRows": false,
      "hasTimeTags": true,
      "nonNumType": "none",
      "maxSize": 5000,
      "buffers": [
        {
          "maxSize": 5000,
          "size": 22,
          "sampleRate": 1000.0,
          "sampleOffset": 0.0,
          "mxRows": 1,
          "mxCols": 8,
          "mxData": [
            -0.80089712142944335938,
            0.66232866048812866211,
            0.55485039949417114258,
            0.65584897994995117188,
            -0.72502398490905761719,
            1.04060411453247070313,
            0.58121693134307861328,
            0.98594498634338378906,
            -0.78457283973693847656,
            0.66053110361099243164,
            0.55287629365921020508,
            0.65333640575408935547,
            -0.71017044782638549805,
            1.03804004192352294922,
            0.59182924032211303711,
            0.97648906707763671875,
            -0.790920257568359375,
            0.65468305349349975586,
            0.54448705911636352539,
            0.65662443637847900391,
            -0.72157341241836547852,
            1.03525817394256591797,
            0.56400406360626220703,
            0.98277968168258666992,
            -0.77268481254577636719,
            0.64646279811859130859,
            0.5379619598388671875,
            0.65990298986434936523,
            -0.74245077371597290039,
            1.01842653751373291016,
            0.55198657512664794922,
            0.98323065042495727539,
            -0.76775664091110229492,
            0.6304709315299987793,
            0.52083516120910644531,
            0.62301301956176757813,
            -0.75549578666687011719,
            0.99647283554077148438,
            0.55079770088195800781,
            0.94715595245361328125,
            -0.81442683935165405273,
            0.67826074361801147461,
            0.55045849084854125977,
            0.62136256694793701172,
            -0.74149525165557861328,
            1.00895440578460693359,
            0.59790629148483276367,
            0.9540227055549621582,
            -0.82744592428207397461,
            0.66628724336624145508,
            0.61419528722763061523,
            0.60876667499542236328,
            -0.78604555130004882813,
            0.97264319658279418945,
            0.69588041305541992188,
            0.94173026084899902344,
            -0.90489959716796875,
            0.61110728979110717773,
            0.6228650212287902832,
            0.55162250995635986328,
            -0.84260904788970947266,
            0.8899586796760559082,
            0.78954946994781494141,
            0.85102790594100952148,
            -0.86387485265731811523,
            0.57622390985488891602,
            0.60217493772506713867,
            0.5170415043830871582,
            -0.72776627540588378906,
            0.82195329666137695313,
            0.75276190042495727539,
            0.80728894472122192383,
            -0.76543670892715454102,
            0.53993701934814453125,
            0.54275840520858764648,
            0.44629600644111633301,
            -0.59681087732315063477,
            0.68766635656356811523,
            0.62510824203491210938,
            0.60074269771575927734,
            -0.77278387546539306641,
            0.57194960117340087891,
            0.54230934381484985352,
            0.55260443687438964844,
            -0.58848410844802856445,
            0.70458501577377319336,
            0.55007725954055786133,
            0.63062882423400878906,
            -0.88704407215118408203,
            0.55776417255401611328,
            0.47227334976196289063,
            0.58880221843719482422,
            -0.77115964889526367188,
            0.73633790016174316406,
            0.5100129246711730957,
            0.67495441436767578125,
            -0.9064013361930847168,
            0.6070620417594909668,
            0.59959244728088378906,
            0.58242982625961303711,
            -0.96911466121673583984,
            0.84815371036529541016,
            0.67976605892181396484,
            0.78876990079879760742,
            -0.83329790830612182617,
            0.70034086704254150391,
            0.62582921981811523438,
            0.66230845451354980469,
            -0.97445201873779296875,
            1.03447461128234863281,
            0.80481380224227905273,
            0.96845579147338867188,
            -0.96720153093338012695,
            0.65624219179153442383,
            0.69247853755950927734,
            0.68078601360321044922,
            -1.06091535091400146484,
            0.99116337299346923828,
            0.91830837726593017578,
            0.97192102670669555664,
            -0.9507859349250793457,
            0.49301517009735107422,
            0.61267733573913574219,
            0.53171789646148681641,
            -1.06485438346862792969,
            0.60910725593566894531,
            0.80542039871215820313,
            0.65959084033966064453,
            -0.96088159084320068359,
            0.47976344823837280273,
            0.75009989738464355469,
            0.59542948007583618164,
            -1.06206417083740234375,
            0.51537162065505981445,
            0.75576794147491455078,
            0.47530272603034973145,
            -1.00972521305084228516,
            0.47008761763572692871,
            0.68453198671340942383,
            0.58871984481811523438,
            -1.09361791610717773438,
            0.48136490583419799805,
            0.65107488632202148438,
            0.4570064544677734375,
            -0.97651970386505126953,
            0.47570964694023132324,
            0.69212603569030761719,
            0.60717982053756713867,
            -1.06708550453186035156,
            0.50697386264801025391,
            0.70026510953903198242,
            0.50197809934616088867,
            -0.94232833385467529297,
            0.47642421722412109375,
            0.66122967004776000977,
            0.60698544979095458984,
            -1.06769621372222900391,
            0.52618932723999023438,
            0.76041758060455322266,
            0.49746179580688476563,
            -0.93477189540863037109,
            0.49971276521682739258,
            0.69281381368637084961,
            0.60233932733535766602,
            -1.03655469417572021484,
            0.55311703681945800781,
            0.74154353141784667969,
            0.501155853271484375,
            -0.9067561030387878418,
            0.49114385247230529785,
            0.69354838132858276367,
            0.59578704833984375,
            -1.01286828517913818359,
            0.54671448469161987305,
            0.76253837347030639648,
            0.49635487794876098633
          ],
          "timeTags": [
            74.8858999982476234436,
            168.20480000041425228119,
            257.11989999935030937195,
            345.62839999794960021973,
            436.77639999985694885254,
            527.06670000031590461731,
            613.77409999817609786987,
            701.34750000014901161194,
            788.26439999975264072418,
            875.09259999729692935944,
            966.58770000003278255463,
            1058.36439999938011169434,
            1150.30279999971389770508,
            1243.67779999971389770508,
            1335.08669999986886978149,
            1423.42530000023543834686,
            1514.34799999929964542389,
            1602.53299999795854091644,
            1691.49519999884068965912,
            1782.39209999889135360718,
            1869.22540000081062316895,
            1957.94950000010430812836
          ],