{
  "format": "mubujson1",
  "numBuffers": 1,
  "numTracks": 1,
  "bufferNames": [
    "timing:play 1"
  ],
  "bufferInfos": [
    [
      "label",
      "timing:play"
    ]
  ],
  "tracks": [
    {
      "name": "posenet_normalized_selection",
      "mxCols": 8,
      "mxRows": 1,
      "hasVarRows": false,
      "hasTimeTags": true,
      "nonNumType": "none",
      "maxSize": 5000,
      "buffers": [
        {
          "maxSize": 5000,
          "size": 22,
          "sampleRate": 1000.0,
          "sampleOffset": 0.0,
          "mxRows": 1,
          "mxCols": 8,
          "mxData": [
            -0.7669677734375,
            0.63505470752716064453,
            0.54002535343170166016,
            0.66803020238876342773,
            -0.70275866985321044922,
            1.00803828239440917969,
            0.50677502155303955078,
            0.99672466516494750977,
            -0.7778918147087097168,
            0.64141660928726196289,
            0.54973137378692626953,
            0.67323923110961914063,
            -0.71326673030853271484,
            1.02565765380859375,
            0.5083974003791809082,
            1.00895214080810546875,
            -0.78393822908401489258,
            0.64032846689224243164,
            0.53223186731338500977,
            0.67188155651092529297,
            -0.7170842289924621582,
            1.02018570899963378906,
            0.49255537986755371094,
            1.00639402866363525391,
            -0.7462368011474609375,
            0.63014632463455200195,
            0.57609266042709350586,
            0.66354519128799438477,
            -0.67924070358276367188,
            1.00828206539154052734,
            0.53284227848052978516,
            0.9954547882080078125,
            -0.78237891197204589844,
            0.63338059186935424805,
            0.54358094930648803711,
            0.66545724868774414063,
            -0.71915191411972045898,
            1.01330661773681640625,
            0.49857294559478759766,
            0.99807190895080566406,
            -0.76992392539978027344,
            0.64139598608016967773,
            0.55937910079956054688,
            0.66682088375091552734,
            -0.7261950373649597168,
            1.01653611660003662109,
            0.51803493499755859375,
            0.99624168872833251953,
            -0.76307213306427001953,
            0.66892111301422119141,
            0.60649281740188598633,
            0.65718865394592285156,
            -0.733760833740234375,
            1.01298260688781738281,
            0.61098062992095947266,
            0.99195724725723266602,
            -0.85037767887115478516,
            0.64710867404937744141,
            0.55707782506942749023,
            0.61755704879760742188,
            -0.83697521686553955078,
            0.95719677209854125977,
            0.64796608686447143555,
            0.9254792332649230957,
            -0.83589881658554077148,
            0.65598636865615844727,
            0.66384351253509521484,
            0.61463487148284912109,
            -0.82331156730651855469,
            0.97040742635726928711,
            0.82346063852310180664,
            0.90733587741851806641,
            -0.68428248167037963867,
            0.5689697265625,
            0.68805843591690063477,
            0.5035998225212097168,
            -0.70212382078170776367,
            0.84933632612228393555,
            0.86994594335556030273,
            0.78581506013870239258,
            -0.70106756687164306641,
            0.61881840229034423828,
            0.65971541404724121094,
            0.48891600966453552246,
            -0.6345284581184387207,
            0.81599962711334228516,
            0.78574442863464355469,
            0.69144856929779052734,
            -0.68347251415252685547,
            0.59346991777420043945,
            0.59547799825668334961,
            0.45251828432083129883,
            -0.41967195272445678711,
            0.65284520387649536133,
            0.62868559360504150391,
            0.5632953643798828125,
            -0.69628608226776123047,
            0.61046719551086425781,
            0.58363056182861328125,
            0.54546171426773071289,
            -0.58681672811508178711,
            0.7258059382438659668,
            0.60414320230484008789,
            0.60761040449142456055,
            -0.87595212459564208984,
            0.60319727659225463867,
            0.51849526166915893555,
            0.60094785690307617188,
            -0.88038796186447143555,
            0.9072945713996887207,
            0.58116972446441650391,
            0.81179946660995483398,
            -0.88737303018569946289,
            0.69506651163101196289,
            0.5525957942008972168,
            0.73960989713668823242,
            -1.02550458908081054688,
            1.06910502910614013672,
            0.72648447751998901367,
            1.09154808521270751953,
            -1.01756966114044189453,
            0.65905171632766723633,
            0.60474407672882080078,
            0.68396526575088500977,
            -1.20983016490936279297,
            1.06183838844299316406,
            0.88440179824829101563,
            1.04194808006286621094,
            -0.98671251535415649414,
            0.47967064380645751953,
            0.63164979219436645508,
            0.50721979141235351563,
            -1.16529357433319091797,
            0.57930666208267211914,
            0.8357219696044921875,
            0.61594235897064208984,
            -1.08816468715667724609,
            0.54047238826751708984,
            0.68707561492919921875,
            0.55585873126983642578,
            -1.23512065410614013672,
            0.47170111536979675293,
            0.69108504056930541992,
            0.4943714439868927002,
            -1.05091130733489990234,
            0.53271055221557617188,
            0.652042388916015625,
            0.55052423477172851563,
            -1.17241013050079345703,
            0.45486530661582946777,
            0.71376776695251464844,
            0.46896845102310180664,
            -1.03739798069000244141,
            0.53332096338272094727,
            0.65277141332626342773,
            0.56001198291778564453,
            -1.14650666713714599609,
            0.45547434687614440918,
            0.69701683521270751953,
            0.48495212197303771973,
            -0.95672428607940673828,
            0.51766949892044067383,
            0.66594797372817993164,
            0.56154119968414306641,
            -1.08388578891754150391,
            0.50202733278274536133,
            0.76832991838455200195,
            0.53334641456604003906,
            -0.92714226245880126953,
            0.50645774602890014648,
            0.65280616283416748047,
            0.56629413366317749023,
            -1.07538139820098876953,
            0.52401620149612426758,
            0.75861585140228271484,
            0.54554200172424316406
          ],
          "timeTags": [
            66.27889999747276306152,
            154.17149999924004077911,
            242.69969999976456165314,
            326.31119999848306179047,
            418.94829999841749668121,
            508.3486999981104759172,
            599.15149999968707561493,
            688.08839999884366989136,
            780.79819999821484088898,
            869.51679999940097332001,
            958.59039999730885028839,
            1050.6147999987006187439,
            1140.91229999996721744537,
            1232.38929999805986881256,
            1317.75879999808967113495,
            1406.80899999849498271942,
            1494.14599999971687793732,
            1582.47989999875426292419,
            1669.69459999911487102509,
            1760.06369999796152114868,
            1848.22509999945759773254,
            1936.91999999992549419403
          ],